# source_table	Sun Wukong numerical talents
# rows	26
# snapshot_id	2026-10-05-talents-verified
# status	Verified numerical talent table with unlock ranks; in-game compendium and datamined verified 2026-10-05.
# baseline	Character damage/healing basis 10, no added ability modifiers; slash values use Common/Rare/Epic/Legendary order.
# source_version	Verified against live game build compendium and hero definition progression.
roster_order	name_key	name_row	desc_key	desc_row	name	controller	unlock_rank	effect_en	notes	tooltip_component	tooltip_offset	tooltip_arguments_json	wiki_icon_filename
4	Skill_Power_Extra_Targets_Name	37	Skill_Power_Extra_Targets_Desc	38	Airbender	Skill Controller Power Extra Targets	1	POWER can strike up to 1 / 2 / 3 / 4 more time(s)		Skill String Desc Power Extra Targets	0x66887	"[{""kind"":1,""format"":0,""value"":{""selector"":""Skill Power Extra Targets Count Selector"",""offset"":""0x96749"",""entries"":[[""0x15fc6bf9"",4],[""0x15fc6bf1"",3],[""0x15fc6bf7"",2],[{""type"":2,""value"":true,""offset"":""0x96a56""},1]]}}]"	Sun Wukong Airbender talent icon.png
25	Skill_Ultimate_1_More_Monkeys_Name	63	Skill_Ultimate_1_More_Monkeys_Desc	64	Army of Monkeys	Skill Controller Ultimate 1 Upgrade 1	1	ULTIMATE summons 3 / 4 / 5 / 6 additional clones		Skill String Desc Ultimate 1 More Monkeys	0x684c7	"[{""kind"":1054916609,""format"":0,""value"":{""selector"":""Skill Ultimate 1 More Monkeys Value Selector"",""offset"":""0x9ad5d"",""entries"":[[""0x15fc6bf9"",6],[""0x15fc6bf1"",5],[""0x15fc6bf7"",4],[{""type"":2,""value"":true,""offset"":""0x9b075""},3]]}}]"	Sun Wukong Army of Monkeys talent icon.png
1	Skill_Attack_Finisher_Name	31	Skill_Attack_Finisher_Desc	32	Celestial Pillar	Skill Controller Attack Finisher	1	Adds a crushing blow to the ATTACK combo, dealing 40 / 50 / 60 / 70 damage around the point of impact		Skill String Desc Attack Finisher	0x6537c	"[{""kind"":0,""format"":2,""value"":{""operation"":""Skill Attack Finisher Supposed Damage Operation"",""offset"":""0x4d0c1"",""operator"":""0x17b29be2"",""children"":[{""selector"":""Level Damage Selector"",""offset"":""0x56f54"",""entries"":[[""0xfd2833c"",{""class"":""oCDtEntityCpntCharacterControllerSettings"",""name"":""Character Controller"",""property"":""0x15879235"",""fallback"":{""type"":0,""value"":10.0,""offset"":""0x570c7""}}],[{""type"":2,""value"":true,""offset"":""0x570f8""},10.0]]},{""selector"":""Skill Attack Finisher Damage Multiplier Selector"",""offset"":""0x94401"",""entries"":[[""0x15fc6bf9"",7.0],[""0x15fc6bf1"",6.0],[""0x15fc6bf7"",5.0],[{""type"":2,""value"":true,""offset"":""0x94706""},4.0]]},{""operation"":""Basic Attack AP Multiplier Operation"",""offset"":""0x8cd6e"",""operator"":""0x17af9527"",""children"":[1.0,{""class"":""oCDtEntityCpntCharacterControllerSettings"",""name"":""Character Controller"",""property"":""0x174118ae"",""fallback"":{""type"":0,""value"":0.0,""offset"":""0x59cb7""}},{""class"":""oCEntityCpntModifierListenerSettings"",""name"":""Basic Attack AP Modifier Listener"",""property"":""0x15a57291"",""fallback"":{""type"":0,""value"":0.0,""offset"":""0x8cf22""}}]}]}}]"	Sun Wukong Celestial Pillar talent icon.png
20	Skill_Attack_Beam_Name	35	Skill_Attack_Beam_Desc	36	Ch'i Outburst	Skill Controller Attack Beam	8	After POWER hits at least one enemy, the next ATTACK can be held down to store power then released to deliver an energy beam dealing up to 100 / 125 / 150 / 175% POWER damage to all enemies it passes through		Skill String Desc Attack Beam	0x6507a	"[{""kind"":0,""format"":1,""value"":{""operation"":""Skill Attack Beam Supposed Damage Operation"",""offset"":""0x4cda9"",""operator"":""0x17b29be2"",""children"":[{""selector"":""Skill Attack Beam Damage Multiplier Selector"",""offset"":""0x93881"",""entries"":[[""0x15fc6bf9"",0.3499999940395355],[""0x15fc6bf1"",0.30000001192092896],[""0x15fc6bf7"",0.25],[{""type"":2,""value"":true,""offset"":""0x93b72""},0.20000000298023224]]},0.0,5.0]}},{""kind"":1,""format"":0,""value"":2},{""kind"":0,""format"":1,""value"":0.6000000238418579}]"	Sun Wukong Chi Outburst talent icon.png
28	Skill_Ultimate_2_Omnipotence_Name	69	Skill_Ultimate_2_Omnipotence_Desc	70	Divine Beverage	Skill Controller Ultimate 2 Upgrade 2	9	ULTIMATE transformation grants all heroes around OMNIPOTENCE for 8 / 10 / 12 / 14 seconds\nDuring OMNIPOTENCE, Heroes' POWER, SPECIAL and DEFENSE have a 0.5 second cooldown		Skill String Desc Ultimate 2 Omnipotence	0x689a8	"[{""kind"":3452816640,""format"":2,""value"":{""selector"":""Skill Ultimate 2 Omnipotence Duration Selector"",""offset"":""0x9b449"",""entries"":[[""0x15fc6bf9"",14.0],[""0x15fc6bf1"",12.0],[""0x15fc6bf7"",10.0],[{""type"":2,""value"":true,""offset"":""0x9b762""},8.0]]}},{""kind"":3738049792,""format"":0,""value"":0.5}]"	Sun Wukong Divine Beverage talent icon.png
11	Skill_Defense_Perfect_Name	57	Skill_Defense_Perfect_Desc	58	Divine Palm	Skill Controller Defense Perfect	5	Blocking with DEFENSE less than 0.2 second(s) after its activation triggers a perfect block:\nYIN: restores 4 / 5 / 6 / 7 health to all nearby heroes\nYANG: deals 40 / 50 / 60 / 70 area damage		Skill String Desc Defense Perfect	0x659cf	"[{""kind"":0,""format"":0,""value"":0.20000000298023224},{""kind"":0,""format"":0,""value"":{""selector"":""Skill Defense Perfect Heal Amount Selector"",""offset"":""0x9515d"",""entries"":[[""0x15fc6bf9"",7.0],[""0x15fc6bf1"",6.0],[""0x15fc6bf7"",5.0],[{""type"":2,""value"":true,""offset"":""0x9545c""},4.0]]}},{""kind"":1,""format"":0,""value"":{""operation"":""Skill Defense Perfect Supposed Damage Operation"",""offset"":""0x4ddae"",""operator"":""0x17b29be2"",""children"":[{""class"":""oCDtEntityCpntCharacterControllerSettings"",""name"":""Character Controller"",""property"":""0x15879235"",""fallback"":{""type"":0,""value"":0.0,""offset"":""0x4ded7""}},{""selector"":""Skill Defense Perfect Damage Multiplier Selector"",""offset"":""0x94dfe"",""entries"":[[""0x15fc6bf9"",7.0],[""0x15fc6bf1"",6.0],[""0x15fc6bf7"",5.0],[{""type"":2,""value"":true,""offset"":""0x95103""},4.0]]},{""operation"":""Defensive Ability AP Multiplier Operation"",""offset"":""0x8dbe8"",""operator"":""0x17af9527"",""children"":[1.0,{""class"":""oCDtEntityCpntCharacterControllerSettings"",""name"":""Character Controller"",""property"":""0x174118ae"",""fallback"":{""type"":0,""value"":0.0,""offset"":""0x59cb7""}},{""class"":""oCEntityCpntModifierListenerSettings"",""name"":""Defensive Ability AP Modifier Listener"",""property"":""0x15a57291"",""fallback"":{""type"":0,""value"":0.0,""offset"":""0x8dda6""}}]}]}}]"	Sun Wukong Divine Palm talent icon.png
16	Skill_Trait_Fire_Name	21	Skill_Trait_Fire_Desc	22	Fiery Dragon	Skill Controller Trait Fire	4	Adds an explosion of fire to the activation effects of YANG STANCE, dealing 55 / 68 / 82 / 96 area damage and inflicting enemies with IGNITE		Skill String Desc Trait Fire	0x67c95	"[{""kind"":0,""format"":2,""value"":{""operation"":""Skill Trait Fire Supposed Damage Operation"",""offset"":""0x4f61a"",""operator"":""0x17b29be2"",""children"":[{""class"":""oCDtEntityCpntCharacterControllerSettings"",""name"":""Character Controller"",""property"":""0x15879235"",""fallback"":{""type"":0,""value"":0.0,""offset"":""0x4f739""}},{""operation"":""Trait Ability AP Multiplier Operation"",""offset"":""0x8fa2e"",""operator"":""0x17af9527"",""children"":[1.0,{""class"":""oCDtEntityCpntCharacterControllerSettings"",""name"":""Character Controller"",""property"":""0x174118ae"",""fallback"":{""type"":0,""value"":0.0,""offset"":""0x59cb7""}},{""class"":""oCEntityCpntModifierListenerSettings"",""name"":""Trait Ability AP Modifier Listener"",""property"":""0x15a57291"",""fallback"":{""type"":0,""value"":0.0,""offset"":""0x8fbe4""}}]},{""selector"":""Skill Trait Fire Damage Multiplier Selector"",""offset"":""0x99510"",""entries"":[[""0x15fc6bf9"",3.8499999046325684],[""0x15fc6bf1"",3.299999952316284],[""0x15fc6bf7"",2.75],[{""type"":2,""value"":true,""offset"":""0x997fc""},2.200000047683716]]},0.0,{""class"":""oCEntityCpntValueSettings"",""name"":""Yang Extra Damage Dealt Ratio"",""property"":""0xfd2c964"",""fallback"":{""type"":0,""value"":0.0,""offset"":""0x4f908""}}]}}]"	Sun Wukong Fiery Dragon talent icon.png
21	Skill_Passive_Reveal_Name	17	Skill_Passive_Reveal_Desc	18	Fiery Golden Eyes	Skill Controller Passive Reveal	8	At the start of each DAY or NIGHT, reveal 2 point(s) of interest on the map\nPersonal Dream Shards gains are increased by 20 / 25 / 30 / 35%		Skill String Desc Passive Reveal	0x66636	"[{""kind"":1,""format"":0,""value"":2},{""kind"":0,""format"":1,""value"":{""selector"":""Skill Passive Reveal DS Gain Increase Selector"",""offset"":""0x96199"",""entries"":[[""0x15fc6bf9"",0.3499999940395355],[""0x15fc6bf1"",0.30000001192092896],[""0x15fc6bf7"",0.25],[{""type"":2,""value"":true,""offset"":""0x96498""},0.20000000298023224]]}}]"	Sun Wukong Fiery Golden Eyes talent icon.png
22	Skill_Power_Hold_Name	41	Skill_Power_Hold_Desc	42	Focused Strikes	Skill Controller Power Hold	7	POWER can be held down to deliver the next strike to the same target and deals +12 / 16 / 20 / 24% damage		Skill String Desc Power Hold	0x66a3d	"[{""kind"":0,""format"":1,""value"":{""selector"":""Skill Power Hold AP Selector"",""offset"":""0x96ab0"",""entries"":[[""0x15fc6bf9"",0.23999999463558197],[""0x15fc6bf1"",0.20000000298023224],[""0x15fc6bf7"",0.1599999964237213],[{""type"":2,""value"":true,""offset"":""0x96d8d""},0.11999999731779099]]}}]"	Sun Wukong Focused Strikes talent icon.png
17	Skill_Trait_Frost_Name	19	Skill_Trait_Frost_Desc	20	Frost Tiger	Skill Controller Trait Frost	4	Adds an explosion of frost to the activation effects of YIN STANCE, dealing 44 / 55 / 66 / 77 area damage and inflicting enemies with CHILLED		Skill String Desc Trait Frost	0x67e3b	"[{""kind"":0,""format"":2,""value"":{""operation"":""Skill Trait Frost Supposed Damage Operation"",""offset"":""0x4f91c"",""operator"":""0x17b29be2"",""children"":[{""class"":""oCDtEntityCpntCharacterControllerSettings"",""name"":""Character Controller"",""property"":""0x15879235"",""fallback"":{""type"":0,""value"":0.0,""offset"":""0x4fa3d""}},{""operation"":""Trait Ability AP Multiplier Operation"",""offset"":""0x8fa2e"",""operator"":""0x17af9527"",""children"":[1.0,{""class"":""oCDtEntityCpntCharacterControllerSettings"",""name"":""Character Controller"",""property"":""0x174118ae"",""fallback"":{""type"":0,""value"":0.0,""offset"":""0x59cb7""}},{""class"":""oCEntityCpntModifierListenerSettings"",""name"":""Trait Ability AP Modifier Listener"",""property"":""0x15a57291"",""fallback"":{""type"":0,""value"":0.0,""offset"":""0x8fbe4""}}]},{""selector"":""Skill Trait Frost Damage Multiplier Selector"",""offset"":""0x99856"",""entries"":[[""0x15fc6bf9"",7.699999809265137],[""0x15fc6bf1"",6.599999904632568],[""0x15fc6bf7"",5.5],[{""type"":2,""value"":true,""offset"":""0x99b47""},4.400000095367432]]},0.0]}}]"	Sun Wukong Frost Tiger talent icon.png
18	Skill_Special_Debuff_Name	47	Skill_Special_Debuff_Desc	48	Mantra of Balance	Skill Controller Special Debuff	1	When SPECIAL is triggered, it applies a negative status effect to enemies within range:\nYIN: VULNERABLE for 4 / 5 / 6 / 7 second(s)\nYANG: WEAKENED for 6 / 8 / 10 / 12 second(s)		Skill String Desc Special Debuff	0x67104	"[{""kind"":0,""format"":0,""value"":{""selector"":""Skill Special Debuff Duration Selector Yin"",""offset"":""0x97b86"",""entries"":[[""0x15fc6bf9"",7.0],[""0x15fc6bf1"",6.0],[""0x15fc6bf7"",5.0],[{""type"":2,""value"":true,""offset"":""0x97e81""},4.0]]}},{""kind"":0,""format"":0,""value"":{""selector"":""Skill Special Debuff Duration Selector Yang"",""offset"":""0x97830"",""entries"":[[""0x15fc6bf9"",12.0],[""0x15fc6bf1"",10.0],[""0x15fc6bf7"",8.0],[{""type"":2,""value"":true,""offset"":""0x97b2c""},6.0]]}}]"	Sun Wukong Mantra of Balance talent icon.png
27	Skill_Ultimate_1_Special_Monkey_Name	65	Skill_Ultimate_1_Special_Monkey_Desc	66	Mantra of Replication	Skill Controller Ultimate 1 Upgrade 2	9	Whenever SPECIAL is casted, summon 3 Monkey Clone that fight for 8 / 10 / 12 / 14 seconds		Skill String Desc Ultimate 1 Special Monkey	0x686d6	"[{""kind"":3452816641,""format"":0,""value"":3},{""kind"":3452816640,""format"":2,""value"":{""selector"":""Skill Ultimate 1 Special Monkey Life Time Selector"",""offset"":""0x9b0cf"",""entries"":[[""0x15fc6bf9"",14.0],[""0x15fc6bf1"",12.0],[""0x15fc6bf7"",10.0],[{""type"":2,""value"":true,""offset"":""0x9b3ef""},8.0]]}}]"	Sun Wukong Mantra of Replication talent icon.png
6	Skill_Trait_Longer_Effects_Name	25	Skill_Trait_Longer_Effects_Desc	26	Mind Fortress	Skill Controller Trait Longer Effects	3	SHIELD and STRENGTH effects triggered upon TRAIT activation last 60 / 75 / 90 / 100% longer		Skill String Desc Trait Longer Effects	0x67fe5	"[{""kind"":0,""format"":1,""value"":{""selector"":""Skill Trait Longer Effects Duration Increase Selector"",""offset"":""0x99e16"",""entries"":[[""0x15fc6bf9"",1.0],[""0x15fc6bf1"",0.8999999761581421],[""0x15fc6bf7"",0.75],[{""type"":2,""value"":true,""offset"":""0x9a134""},0.6000000238418579]]}}]"	Sun Wukong Mind Fortress talent icon.png
3	Skill_Defense_Retaliate_Name	55	Skill_Defense_Retaliate_Desc	56	One-Inch Punch	Skill Controller Defense Retaliate	3	ATTACK triggered after a successful DEFENSE launches a powerful punch, dealing 600 / 750 / 900 / 1050% damage		Skill String Desc Defense Retaliate	0x65fef	"[{""kind"":0,""format"":1,""value"":{""selector"":""Skill Defense Retaliate Damage Multiplier Selector"",""offset"":""0x9580d"",""entries"":[[""0x15fc6bf9"",10.5],[""0x15fc6bf1"",9.0],[""0x15fc6bf7"",7.5],[{""type"":2,""value"":true,""offset"":""0x95b1c""},6.0]]}}]"	Sun Wukong One-Inch Punch talent icon.png
26	Skill_Ultimate_2_Perfect_Copy_Name	67	Skill_Ultimate_2_Perfect_Copy_Desc	68	Perfect Copy	Skill Controller Ultimate 2 Upgrade 1	6	During the ULTIMATE transformation, Sun Wukong can use a random ULTIMATE ability of the Hero copied\nTransfiguration lasts 4 / 5 / 6 / 7 more seconds		Skill String Desc Ultimate 2 Perfect Copy	0x68c73	"[{""kind"":1031012357,""format"":0,""value"":{""raw"":""000000000300000004000000546578741d0000004865726f5f53756e57756b6f6e675f436f6d6d6f6e7e47414d2e786c7300000000090000004865726f5f4e616d65"",""strings"":[[429543,""Text""],[429551,""Hero_SunWukong_Common~GAM.xls""],[429588,""Hero_Name""]]}},{""kind"":1041864960,""format"":0,""value"":{""selector"":""Skill Ultimate 2 Perfect Copy Value Selector"",""offset"":""0x9b7bc"",""entries"":[[""0x15fc6bf9"",7.0],[""0x15fc6bf1"",6.0],[""0x15fc6bf7"",5.0],[{""type"":2,""value"":true,""offset"":""0x9bad4""},4.0]]}}]"	Sun Wukong Perfect Copy talent icon.png
5	Skill_Special_Triggers_Stance_Name	43	Skill_Special_Triggers_Stance_Desc	44	Resonance	Skill Controller Special Triggers Stance	1	When the SPECIAL effect expires, all the activation effects of the current STANCE are restarted\nSPECIAL deals +20 / 25 / 30 / 35% damage		Skill String Desc Special Triggers Stance	0x6752d	"[{""kind"":0,""format"":1,""value"":{""selector"":""Skill Special Triggers Stance AP Selector"",""offset"":""0x98244"",""entries"":[[""0x15fc6bf9"",0.3499999940395355],[""0x15fc6bf1"",0.30000001192092896],[""0x15fc6bf7"",0.25],[{""type"":2,""value"":true,""offset"":""0x98562""},0.20000000298023224]]}}]"	Sun Wukong Resonance talent icon.png
14	Skill_Special_Attack_AOE_Name	45	Skill_Special_Attack_AOE_Desc	46	Ringing Beads	Skill Controller Special Attack AOE	1	While SPECIAL is active, ATTACK makes beads ring, dealing 30 / 35 / 40 / 45% ATTACK damage all around		Skill String Desc Special Attack AOE	0x66d7e	"[{""kind"":0,""format"":1,""value"":{""selector"":""Skill Special Attack AOE Extra Damage Multiplier Selector"",""offset"":""0x97146"",""entries"":[[""0x15fc6bf9"",0.44999998807907104],[""0x15fc6bf1"",0.4000000059604645],[""0x15fc6bf7"",0.3499999940395355],[{""type"":2,""value"":true,""offset"":""0x97460""},0.30000001192092896]]}}]"	Sun Wukong Ringing Beads talent icon.png
23	Skill_Special_Explosion_Name	49	Skill_Special_Explosion_Desc	50	Sacred Seal	Skill Controller Special Explosion	7	When SPECIAL ends, orbs sink into the ground to draw a sacred pattern that explodes after a short time, dealing 50 / 62.5 / 75 / 87.5 area damage		Skill String Desc Special Explosion	0x6736b	"[{""kind"":0,""format"":2,""value"":{""operation"":""Skill Special Explosion Supposed Damage Operation"",""offset"":""0x4f377"",""operator"":""0x17b29be2"",""children"":[{""class"":""oCDtEntityCpntCharacterControllerSettings"",""name"":""Character Controller"",""property"":""0x15879235"",""fallback"":{""type"":0,""value"":0.0,""offset"":""0x4f4a4""}},{""selector"":""Skill Special Explosion Damage Multiplier Selector"",""offset"":""0x97edb"",""entries"":[[""0x15fc6bf9"",8.75],[""0x15fc6bf1"",7.5],[""0x15fc6bf7"",6.25],[{""type"":2,""value"":true,""offset"":""0x981ea""},5.0]]},{""operation"":""Secondary Ability AP Multiplier Operation"",""offset"":""0x8f56d"",""operator"":""0x17af9527"",""children"":[1.0,{""class"":""oCDtEntityCpntCharacterControllerSettings"",""name"":""Character Controller"",""property"":""0x174118ae"",""fallback"":{""type"":0,""value"":0.0,""offset"":""0x59cb7""}},{""class"":""oCEntityCpntModifierListenerSettings"",""name"":""Secondary Ability AP Modifier Listener"",""property"":""0x15a57291"",""fallback"":{""type"":0,""value"":0.0,""offset"":""0x8f72b""}}]}]}}]"	Sun Wukong Sacred Seal talent icon.png
10	Skill_Dash_Sprint_Name	23	Skill_Dash_Sprint_Desc	24	Sprint	Skill Controller Dash Sprint	1	Bestows +10 / 12 / 14 / 16% Move Speed\nDASH can be held for up to 3 seconds to sprint at high speed		Skill String Desc Dash Sprint	0x65786	"[{""kind"":0,""format"":1,""value"":{""selector"":""Skill Dash Sprint Move Speed Increase Selector"",""offset"":""0x94ab1"",""entries"":[[""0x15fc6bf9"",0.1599999964237213],[""0x15fc6bf1"",0.14000000059604645],[""0x15fc6bf7"",0.11999999731779099],[{""type"":2,""value"":true,""offset"":""0x94da4""},0.10000000149011612]]}},{""kind"":0,""format"":0,""value"":3.0}]"	Sun Wukong Sprint talent icon.png
9	Skill_Attack_After_Dash_Name	33	Skill_Attack_After_Dash_Desc	34	Stick Twirl	Skill Controller Dash Attack	1	ATTACK triggered after a DASH launches a rapid series of 5 strikes, each dealing 60 / 75 / 90 / 105% area damage		Skill String Desc Dash Attack	0x65536	"[{""kind"":1,""format"":0,""value"":5},{""kind"":0,""format"":1,""value"":{""selector"":""Skill Dash Attack Damage Multiplier Value Selector"",""offset"":""0x94760"",""entries"":[[""0x15fc6bf9"",1.0499999523162842],[""0x15fc6bf1"",0.8999999761581421],[""0x15fc6bf7"",0.75],[{""type"":2,""value"":true,""offset"":""0x94a57""},0.6000000238418579]]}}]"	Sun Wukong Stick Twirl talent icon.png
2	Skill_Defense_Quest_Name	53	Skill_Defense_Quest_Desc	54	Stone Monkey	Skill Controller Defense Quest	1	Quest (x40): Each successful DEFENSE grants +0.5 ARMOR\nComplete: Each block triggers an attack dealing 100 / 125 / 150 / 175% of the blocked damage as area damage		Skill String Desc Defense Quest	0x65ced	"[{""kind"":1,""format"":0,""value"":40},{""kind"":0,""format"":0,""value"":0.5},{""kind"":0,""format"":1,""value"":{""selector"":""Skill Defense Quest Attack Damage Ratio Selector"",""offset"":""0x954b6"",""entries"":[[""0x15fc6bf9"",1.75],[""0x15fc6bf1"",1.5],[""0x15fc6bf7"",1.25],[{""type"":2,""value"":true,""offset"":""0x957b3""},1.0]]}}]"	Sun Wukong Stone Monkey talent icon.png
19	Skill_Trait_Better_Stances_Name	27	Skill_Trait_Better_Stances_Desc	28	Supreme Polarity	Skill Controller Trait Better Stances	2	Switching STANCE increases the power of the new STANCE for 7 seconds:\nYIN: +4 / 5 / 6 / 7% LIFE ON HIT\nYANG: deals +20 / 25 / 30 / 35% damage		Skill String Desc Trait Better Stances	0x67943	"[{""kind"":0,""format"":0,""value"":7.0},{""kind"":0,""format"":1,""value"":{""selector"":""Skill Trait Better Stances Life On Hit Increase Selector"",""offset"":""0x99195"",""entries"":[[""0x15fc6bf9"",0.07000000029802322],[""0x15fc6bf1"",0.05999999865889549],[""0x15fc6bf7"",0.05000000074505806],[{""type"":2,""value"":true,""offset"":""0x994b6""},0.03999999910593033]]}},{""kind"":0,""format"":1,""value"":{""selector"":""Skill Trait Better Stances Damage Dealt Increase Selector"",""offset"":""0x9890d"",""entries"":[[""0x15fc6bf9"",0.3499999940395355],[""0x15fc6bf1"",0.30000001192092896],[""0x15fc6bf7"",0.25],[{""type"":2,""value"":true,""offset"":""0x98c2f""},0.20000000298023224]]}}]"	Sun Wukong Supreme Polarity talent icon.png
12	Skill_Passive_Objects_Quest_Name	15	Skill_Passive_Objects_Quest_Desc	16	Thirst for Immortality	Skill Controller Passive Objects Quest	1	Quest (x7): Obtaining a Magical Object with a Rare quality or better grants +2 DMG\nComplete: Grants +1 / 1.25 / 1.5 / 1.75 VITALITY but now only Hero or Magical Object heals are effective		Skill String Desc Passive Objects Quest	0x661a9	"[{""kind"":1,""format"":0,""value"":7},{""kind"":0,""format"":2,""value"":2.0},{""kind"":0,""format"":1,""value"":{""selector"":""Skill Passive Objects Quest Complete Vitality Selector"",""offset"":""0x95e1c"",""entries"":[[""0x15fc6bf9"",1.75],[""0x15fc6bf1"",1.5],[""0x15fc6bf7"",1.25],[{""type"":2,""value"":true,""offset"":""0x9613f""},1.0]]}},{""kind"":5,""format"":0,""value"":{""raw"":""000000000300000004000000546578741d0000004865726f5f53756e57756b6f6e675f436f6d6d6f6e7e47414d2e786c7300000000090000004865726f5f4e616d65"",""strings"":[[419095,""Text""],[419103,""Hero_SunWukong_Common~GAM.xls""],[419140,""Hero_Name""]]}},{""kind"":0,""format"":1,""value"":0.5}]"	Sun Wukong Thirst for Immortality talent icon.png
13	Skill_Power_Lightning_Name	39	Skill_Power_Lightning_Desc	40	Thundercloud	Skill Controller Power Lightning	2	Enemies hit by POWER are soon afterwards struck by lightning, dealing 20 / 25 / 30 / 35% damage all around the point of impact		Skill String Desc Power Lightning	0x66bcc	"[{""kind"":0,""format"":1,""value"":{""selector"":""Skill Power Lightning Damage Multiplier Selector"",""offset"":""0x96de7"",""entries"":[[""0x15fc6bf9"",0.3499999940395355],[""0x15fc6bf1"",0.30000001192092896],[""0x15fc6bf7"",0.25],[{""type"":2,""value"":true,""offset"":""0x970ec""},0.20000000298023224]]}}]"	Sun Wukong Thundercloud talent icon.png
15	Skill_Trait_Awakened_Name	29	Skill_Trait_Awakened_Desc	30	Way of Awakening	Skill Controller Trait Awakened	5	After 8 successful DEFENSE actions, the next TRAIT activates AWAKENED STANCE for 12 / 15 / 18 / 21 seconds\nAWAKENED STANCE grants both YIN and YANG effects, without taking any additional damage		Skill String Desc Trait Awakened	0x676f0	"[{""kind"":1,""format"":0,""value"":8},{""kind"":0,""format"":0,""value"":{""selector"":""Skill Trait Awakened Duration Selector"",""offset"":""0x985bc"",""entries"":[[""0x15fc6bf9"",21.0],[""0x15fc6bf1"",18.0],[""0x15fc6bf7"",15.0],[{""type"":2,""value"":true,""offset"":""0x988b3""},12.0]]}}]"	Sun Wukong Way of Awakening talent icon.png
24	Skill_Special_Beads_Increase_Name	51	Skill_Special_Beads_Increase_Desc	52	Ōm	Skill Controller Special Beads Increase	1	While SPECIAL is active, beads gradually increase their action radius, up to +24 / 30 / 36 / 42%, and hit all enemies present in the area		Skill String Desc Special Beads Increase	0x66f42	"[{""kind"":0,""format"":1,""value"":{""selector"":""Skill Special Beads Increase Value Selector"",""offset"":""0x974ba"",""entries"":[[""0x15fc6bf9"",0.41999998688697815],[""0x15fc6bf1"",0.36000001430511475],[""0x15fc6bf7"",0.30000001192092896],[{""type"":2,""value"":true,""offset"":""0x977d6""},0.23999999463558197]]}}]"	Sun Wukong Ōm talent icon.png
