# source_table	Geppetto numerical talents
# rows	26
# snapshot_id	2026-10-05-talents-verified
# status	Verified numerical talent table with unlock ranks; in-game compendium and datamined verified 2026-10-05.
# baseline	Character damage/healing basis 10, no added ability modifiers; slash values use Common/Rare/Epic/Legendary order.
# source_version	Verified against live game build compendium and hero definition progression.
roster_order	name_key	name_row	desc_key	desc_row	name	controller	unlock_rank	effect_en	notes	tooltip_component	tooltip_offset	tooltip_arguments_json	wiki_icon_filename
25	Skill_Ultimate_1_Bomber_Name	75	Skill_Ultimate_1_Bomber_Desc	76	Bomb Reserve	Skill Controller Ultimate 1 Upgrade 1	1	When in combat, the Meca-Puppet sends a bomb around itself every 1 second(s), dealing 40 / 50 / 60 / 70 area damage		Skill String Desc Ultimate 1 Bomber	0x3f869	"[{""kind"":1031012357,""format"":0,""value"":{""raw"":""000000000300000004000000546578741c0000004865726f5f476570706574746f5f436f6d6d6f6e7e47414d2e786c730b000000170000004162696c6974795f556c74696d6174655f315f4e616d65"",""strings"":[[260560,""Text""],[260568,""Hero_Geppetto_Common~GAM.xls""],[260604,""Ability_Ultimate_1_Name""]]}},{""kind"":1056964608,""format"":0,""value"":1.0},{""kind"":1063518208,""format"":2,""value"":{""operation"":""Skill Ultimate 1 Bomber Supposed Damage Operation"",""offset"":""0x28c0a"",""operator"":""0x17b29be2"",""children"":[{""selector"":""Level Damage Selector"",""offset"":""0x56f54"",""entries"":[[""0xfd2833c"",{""class"":""oCDtEntityCpntCharacterControllerSettings"",""name"":""Character Controller"",""property"":""0x15879235"",""fallback"":{""type"":0,""value"":10.0,""offset"":""0x570c7""}}],[{""type"":2,""value"":true,""offset"":""0x570f8""},10.0]]},{""selector"":""Skill Ultimate 1 Bomber Damage Multiplier Selector"",""offset"":""0x5ecba"",""entries"":[[""0x15fc6bf9"",7.0],[""0x15fc6bf1"",6.0],[""0x15fc6bf7"",5.0],[{""type"":2,""value"":true,""offset"":""0x5efcf""},4.0]]},{""operation"":""Ultimate AP Multiplier Operation"",""offset"":""0x8fbf8"",""operator"":""0x17af9527"",""children"":[1.0,{""class"":""oCDtEntityCpntCharacterControllerSettings"",""name"":""Character Controller"",""property"":""0x174118ae"",""fallback"":{""type"":0,""value"":0.0,""offset"":""0x59cb7""}},{""class"":""oCEntityCpntModifierListenerSettings"",""name"":""Ultimate AP Modifier Listener"",""property"":""0x15a57291"",""fallback"":{""type"":0,""value"":0.0,""offset"":""0x8fda4""}}]}]}}]"	Geppetto Bomb Reserve talent icon.png
13	Skill_Special_Regeneration_Name	61	Skill_Special_Regeneration_Desc	62	Clockwork Medicine	Skill Controller Special Regeneration	3	DUMMIES healed by SPECIAL also gain +8 / 10 / 12 / 14 REGENERATION		Skill String Desc Special Regeneration	0x3de4b	"[{""kind"":1,""format"":0,""value"":{""operation"":""Skill Special Regeneration Value Display Operation"",""offset"":""0x27d33"",""operator"":""0x17b29be2"",""children"":[{""class"":""oCEntityCpntValueSelectorSettings"",""name"":""Skill Power Regeneration Value Selector"",""property"":""0xfd2c964"",""fallback"":{""type"":0,""value"":0.0,""offset"":""0x27e20""}},100.0]}}]"	Geppetto Clockwork Medicine talent icon.png
8	Skill_Special_Creates_Dummy_Name	59	Skill_Special_Creates_Dummy_Desc	60	Dummyball	Skill Controller Special Creates Dummy	1	SPECIAL creates a DUMMY when it explodes and deals 155 / 170 / 185 / 200% damage\nHas no effect if max number of DUMMIES are already active		Skill String Desc Special Creates Dummy	0x3d837	"[{""kind"":0,""format"":1,""value"":{""operation"":""Skill Special Creates Dummy Damage Multiplier Operation"",""offset"":""0x27b88"",""operator"":""0x17af9527"",""children"":[1.0,{""selector"":""Skill Special Creates Dummy Extra Damage Multiplier Selector"",""offset"":""0x5b277"",""entries"":[[""0x15fc6bf9"",1.0],[""0x15fc6bf1"",0.8500000238418579],[""0x15fc6bf7"",0.699999988079071],[{""type"":2,""value"":true,""offset"":""0x5b59d""},0.550000011920929]]}]}}]"	Geppetto Dummyball talent icon.png
24	Skill_Trait_Blast_Construction_Name	41	Skill_Trait_Blast_Construction_Desc	42	Explosive Builds	Skill Controller Trait Blast Construction	1	When built by TRAIT, DUMMIES emit a blast, dealing 40 / 50 / 60 / 70 area damage		Skill String Desc Trait Blast Construction	0x3e26c	"[{""kind"":0,""format"":2,""value"":{""operation"":""Skill Trait Blast Construction Supposed Damage Operation"",""offset"":""0x27e61"",""operator"":""0x17b29be2"",""children"":[{""selector"":""Level Damage Selector"",""offset"":""0x56f54"",""entries"":[[""0xfd2833c"",{""class"":""oCDtEntityCpntCharacterControllerSettings"",""name"":""Character Controller"",""property"":""0x15879235"",""fallback"":{""type"":0,""value"":10.0,""offset"":""0x570c7""}}],[{""type"":2,""value"":true,""offset"":""0x570f8""},10.0]]},{""selector"":""Skill Trait Blast Construction Value Selector"",""offset"":""0x5c3a3"",""entries"":[[""0x15fc6bf9"",7.0],[""0x15fc6bf1"",6.0],[""0x15fc6bf7"",5.0],[{""type"":2,""value"":true,""offset"":""0x5c6c6""},4.0]]},{""operation"":""Trait Ability AP Multiplier Operation"",""offset"":""0x8fa2e"",""operator"":""0x17af9527"",""children"":[1.0,{""class"":""oCDtEntityCpntCharacterControllerSettings"",""name"":""Character Controller"",""property"":""0x174118ae"",""fallback"":{""type"":0,""value"":0.0,""offset"":""0x59cb7""}},{""class"":""oCEntityCpntModifierListenerSettings"",""name"":""Trait Ability AP Modifier Listener"",""property"":""0x15a57291"",""fallback"":{""type"":0,""value"":0.0,""offset"":""0x8fbe4""}}]}]}}]"	Geppetto Explosive Builds talent icon.png
17	Skill_Attack_Group_Speed_Name	47	Skill_Attack_Group_Speed_Desc	48	Family Meeting	Skill Controller Attack Group Speed	4	When three or more DUMMIES are active, Geppetto and DUMMIES gain +20 / 25 / 30 / 35% ATTACK SPEED		Skill String Desc Attack Group Speed	0x3bc7b	"[{""kind"":5,""format"":0,""value"":{""raw"":""000000000300000004000000546578741c0000004865726f5f476570706574746f5f436f6d6d6f6e7e47414d2e786c7300000000090000004865726f5f4e616d65"",""strings"":[[245147,""Text""],[245155,""Hero_Geppetto_Common~GAM.xls""],[245191,""Hero_Name""]]}},{""kind"":0,""format"":1,""value"":{""selector"":""Skill Attack Group Speed Value Selector"",""offset"":""0x58b70"",""entries"":[[""0x15fc6bf9"",0.3499999940395355],[""0x15fc6bf1"",0.30000001192092896],[""0x15fc6bf7"",0.25],[{""type"":2,""value"":true,""offset"":""0x58e75""},0.20000000298023224]]}}]"	Geppetto Family Meeting talent icon.png
14	Skill_Trait_Missiles_Name	35	Skill_Trait_Missiles_Desc	36	Fireworks	Skill Controller Trait Missiles	3	Each time a DUMMY regains 30 / 25 / 20 / 15% of its Maximum Health, it shoots a homing missile that deals 15 damage to a nearby enemy		Skill String Desc Trait Missiles	0x3ed63	"[{""kind"":0,""format"":1,""value"":{""selector"":""Skill Trait Missiles Healing Ratio Selector"",""offset"":""0x5d4e8"",""entries"":[[""0x15fc6bf9"",0.15000000596046448],[""0x15fc6bf1"",0.20000000298023224],[""0x15fc6bf7"",0.25],[{""type"":2,""value"":true,""offset"":""0x5d7e1""},0.30000001192092896]]}},{""kind"":0,""format"":2,""value"":{""operation"":""Skill Trait Missiles Supposed Damage Operation"",""offset"":""0x28553"",""operator"":""0x17b29be2"",""children"":[{""selector"":""Level Damage Selector"",""offset"":""0x56f54"",""entries"":[[""0xfd2833c"",{""class"":""oCDtEntityCpntCharacterControllerSettings"",""name"":""Character Controller"",""property"":""0x15879235"",""fallback"":{""type"":0,""value"":10.0,""offset"":""0x570c7""}}],[{""type"":2,""value"":true,""offset"":""0x570f8""},10.0]]},1.5,{""operation"":""Trait Ability AP Multiplier Operation"",""offset"":""0x8fa2e"",""operator"":""0x17af9527"",""children"":[1.0,{""class"":""oCDtEntityCpntCharacterControllerSettings"",""name"":""Character Controller"",""property"":""0x174118ae"",""fallback"":{""type"":0,""value"":0.0,""offset"":""0x59cb7""}},{""class"":""oCEntityCpntModifierListenerSettings"",""name"":""Trait Ability AP Modifier Listener"",""property"":""0x15a57291"",""fallback"":{""type"":0,""value"":0.0,""offset"":""0x8fbe4""}}]}]}}]"	Geppetto Fireworks talent icon.png
21	Skill_Passive_Create_Object_Name	15	Skill_Passive_Create_Object_Desc	16	Flash of Genius	Skill Controller Passive Create Objects	8	First time this Talent is chosen, instantly create 1 / 2 / 3 / 4 random magical object(s) \nEach upgrade to this Talent will create an additional item once		Skill String Desc Passive Create Objects	0x3ca2a	"[{""kind"":1,""format"":1,""value"":{""selector"":""Skill Passive Create Objects Amount Selector"",""offset"":""0x59d8b"",""entries"":[[""0x15fc6bf9"",4],[""0x15fc6bf1"",3],[""0x15fc6bf7"",2],[{""type"":2,""value"":true,""offset"":""0x5a0a5""},1]]}}]"	Geppetto Flash of Genius talent icon.png
16	Skill_Power_Overcharge_Name	53	Skill_Power_Overcharge_Desc	54	Flux Capacitor	Skill Controller Power Overcharge	2	While Geppetto has SHIELD, POWER affects all DUMMIES within range and deals +20 / 25 / 30 / 35% damage		Skill String Desc Power Overcharge	0x3ceaa	"[{""kind"":5,""format"":0,""value"":{""raw"":""000000000300000004000000546578741c0000004865726f5f476570706574746f5f436f6d6d6f6e7e47414d2e786c7300000000090000004865726f5f4e616d65"",""strings"":[[249798,""Text""],[249806,""Hero_Geppetto_Common~GAM.xls""],[249842,""Hero_Name""]]}},{""kind"":0,""format"":1,""value"":{""selector"":""Skill Power Overcharge AP Selector"",""offset"":""0x5a6a0"",""entries"":[[""0x15fc6bf9"",0.3499999940395355],[""0x15fc6bf1"",0.30000001192092896],[""0x15fc6bf7"",0.25],[{""type"":2,""value"":true,""offset"":""0x5a998""},0.20000000298023224]]}}]"	Geppetto Flux Capacitor talent icon.png
12	Skill_Defense_Lightning_Name	65	Skill_Defense_Lightning_Desc	66	Forked Lightning	Skill Controller Defense Lightning	1	DEFENSE sends bolts of lightning toward DUMMIES, each dealing 40 / 50 / 60 / 70 damage		Skill String Desc Defense Lightning	0x3c6b4	"[{""kind"":0,""format"":2,""value"":{""operation"":""Skill Defense Lightning Supposed Damage Operation"",""offset"":""0x2712a"",""operator"":""0x17b29be2"",""children"":[{""selector"":""Level Damage Selector"",""offset"":""0x56f54"",""entries"":[[""0xfd2833c"",{""class"":""oCDtEntityCpntCharacterControllerSettings"",""name"":""Character Controller"",""property"":""0x15879235"",""fallback"":{""type"":0,""value"":10.0,""offset"":""0x570c7""}}],[{""type"":2,""value"":true,""offset"":""0x570f8""},10.0]]},{""selector"":""Skill Defense Lightning Damage Multiplier Selector"",""offset"":""0x59a25"",""entries"":[[""0x15fc6bf9"",7.0],[""0x15fc6bf1"",6.0],[""0x15fc6bf7"",5.0],[{""type"":2,""value"":true,""offset"":""0x59d31""},4.0]]},{""operation"":""Defensive Ability AP Multiplier Operation"",""offset"":""0x8dbe8"",""operator"":""0x17af9527"",""children"":[1.0,{""class"":""oCDtEntityCpntCharacterControllerSettings"",""name"":""Character Controller"",""property"":""0x174118ae"",""fallback"":{""type"":0,""value"":0.0,""offset"":""0x59cb7""}},{""class"":""oCEntityCpntModifierListenerSettings"",""name"":""Defensive Ability AP Modifier Listener"",""property"":""0x15a57291"",""fallback"":{""type"":0,""value"":0.0,""offset"":""0x8dda6""}}]}]}}]"	Geppetto Forked Lightning talent icon.png
3	Skill_Trait_Max_Health_Name	25	Skill_Trait_Max_Health_Desc	26	Heart Ties	Skill Controller Trait Max Health	1	DUMMIES gain 40 / 50 / 60 / 70% of Geppetto's VITALITY\nGeppetto gains +5 ARMOR per active DUMMY		Skill String Desc Trait Max Health	0x3ea24	"[{""kind"":0,""format"":1,""value"":{""selector"":""Skill Trait Max Health Selector"",""offset"":""0x5d199"",""entries"":[[""0x15fc6bf9"",0.699999988079071],[""0x15fc6bf1"",0.6000000238418579],[""0x15fc6bf7"",0.5],[{""type"":2,""value"":true,""offset"":""0x5d48e""},0.4000000059604645]]}},{""kind"":5,""format"":0,""value"":{""raw"":""000000000300000004000000546578741c0000004865726f5f476570706574746f5f436f6d6d6f6e7e47414d2e786c7300000000090000004865726f5f4e616d65"",""strings"":[[257011,""Text""],[257019,""Hero_Geppetto_Common~GAM.xls""],[257055,""Hero_Name""]]}},{""kind"":5,""format"":0,""value"":{""raw"":""000000000300000004000000546578741c0000004865726f5f476570706574746f5f436f6d6d6f6e7e47414d2e786c7300000000090000004865726f5f4e616d65"",""strings"":[[257129,""Text""],[257137,""Hero_Geppetto_Common~GAM.xls""],[257173,""Hero_Name""]]}},{""kind"":0,""format"":2,""value"":5.0}]"	Geppetto Heart Ties talent icon.png
26	Skill_Ultimate_2_Overclock_Hit_Name	79	Skill_Ultimate_2_Overclock_Hit_Desc	80	High Voltage	Skill Controller Ultimate 2 Upgrade 1	6	After a DUMMY is displaced by POWER, it activates the Overclock effect of the ULTIMATE for 1 / 1.5 / 2 / 2.5 second(s)		Skill String Desc Ultimate 2 Overclock Hit	0x3fbaa	"[{""kind"":1032716293,""format"":0,""value"":{""raw"":""000000000300000004000000546578741c0000004865726f5f476570706574746f5f436f6d6d6f6e7e47414d2e786c730d000000170000004162696c6974795f556c74696d6174655f325f4e616d65"",""strings"":[[261407,""Text""],[261415,""Hero_Geppetto_Common~GAM.xls""],[261451,""Ability_Ultimate_2_Name""]]}},{""kind"":0,""format"":0,""value"":{""selector"":""Skill Ultimate 2 Overclock Hit Duration Selector"",""offset"":""0x5f029"",""entries"":[[""0x15fc6bf9"",2.5],[""0x15fc6bf1"",2.0],[""0x15fc6bf7"",1.5],[{""type"":2,""value"":true,""offset"":""0x5f343""},1.0]]}}]"	Geppetto High Voltage talent icon.png
28	Skill_Ultimate_2_Overclock_Ignite_Name	81	Skill_Ultimate_2_Overclock_Ignite_Desc	82	Hyperclock	Skill Controller Ultimate 2 Upgrade 2	9	DUMMIES under the Overclock effect overheat, applying IGNITE to hit enemies, and lastly explode to deal 80 / 100 / 120 / 140 area damage		Skill String Desc Ultimate 2 Overclock Ignite	0x3fe42	"[{""kind"":3452816645,""format"":0,""value"":{""raw"":""000000000300000004000000546578741c0000004865726f5f476570706574746f5f436f6d6d6f6e7e47414d2e786c734900000015000000536b696c6c5f556c74696d6174655f325f4e616d65"",""strings"":[[262077,""Text""],[262085,""Hero_Geppetto_Common~GAM.xls""],[262121,""Skill_Ultimate_2_Name""]]}},{""kind"":3452816640,""format"":2,""value"":{""operation"":""Skill Ultimate 2 Overclock Ignite Supposed Damage Operations"",""offset"":""0x28e8f"",""operator"":""0x17b29be2"",""children"":[{""selector"":""Skill Ultimate 2 Overclock Ignite Explosion Damage Multiplier Selector"",""offset"":""0x5f39d"",""entries"":[[""0x15fc6bf9"",14.0],[""0x15fc6bf1"",12.0],[""0x15fc6bf7"",10.0],[{""type"":2,""value"":true,""offset"":""0x5f6d0""},8.0]]},{""selector"":""Level Damage Selector"",""offset"":""0x56f54"",""entries"":[[""0xfd2833c"",{""class"":""oCDtEntityCpntCharacterControllerSettings"",""name"":""Character Controller"",""property"":""0x15879235"",""fallback"":{""type"":0,""value"":10.0,""offset"":""0x570c7""}}],[{""type"":2,""value"":true,""offset"":""0x570f8""},10.0]]},{""operation"":""Ultimate AP Multiplier Operation"",""offset"":""0x8fbf8"",""operator"":""0x17af9527"",""children"":[1.0,{""class"":""oCDtEntityCpntCharacterControllerSettings"",""name"":""Character Controller"",""property"":""0x174118ae"",""fallback"":{""type"":0,""value"":0.0,""offset"":""0x59cb7""}},{""class"":""oCEntityCpntModifierListenerSettings"",""name"":""Ultimate AP Modifier Listener"",""property"":""0x15a57291"",""fallback"":{""type"":0,""value"":0.0,""offset"":""0x8fda4""}}]}]}}]"	Geppetto Hyperclock talent icon.png
10	Skill_Trait_Extra_Charge_Name	31	Skill_Trait_Extra_Charge_Desc	32	Large Family	Skill Controller Trait Extra Charge	1	Increase maximum active DUMMIES by 1\nTRAIT has a 10 / 15 / 20 / 25% reduced cooldown		Skill String Desc Trait Extra Charge	0x3e86d	"[{""kind"":0,""format"":1,""value"":{""selector"":""Skill Trait Extra Charge CD Reduction Selector"",""offset"":""0x5ce33"",""entries"":[[""0x15fc6bf9"",0.25],[""0x15fc6bf1"",0.20000000298023224],[""0x15fc6bf7"",0.15000000596046448],[{""type"":2,""value"":true,""offset"":""0x5d13f""},0.10000000149011612]]}}]"	Geppetto Large Family talent icon.png
18	Skill_Defense_Laser_Attack_Name	67	Skill_Defense_Laser_Attack_Desc	68	Laser Lenses	Skill Controller Defense Laser Eyes	4	When the DEFENSE effect is applied, DUMMIES' next attack shoots lasers from their eyes, dealing 200 / 250 / 300 / 350% ranged damage		Skill String Desc Laser Eyes	0x3c874	"[{""kind"":0,""format"":1,""value"":{""selector"":""Defense Laser Eyes Extra Damage Multiplier Selector"",""offset"":""0x57516"",""entries"":[[""0x15fc6bf9"",3.5],[""0x15fc6bf1"",3.0],[""0x15fc6bf7"",2.5],[{""type"":2,""value"":true,""offset"":""0x57827""},2.0]]}}]"	Geppetto Laser Lenses talent icon.png
20	Skill_Defense_AOE_Name	69	Skill_Defense_AOE_Desc	70	Lightning Rod Dummies	Skill Controller Defense AOE	8	A short time after the DEFENSE effect is applied, DUMMIES are struck by lightning and deal 36 / 45 / 54 / 63 damage around		Skill String Desc Defense AOE	0x3c50c	"[{""kind"":0,""format"":2,""value"":{""operation"":""Skill Defense AOE Supposed Damage Operation"",""offset"":""0x26ea8"",""operator"":""0x17b29be2"",""children"":[{""selector"":""Level Damage Selector"",""offset"":""0x56f54"",""entries"":[[""0xfd2833c"",{""class"":""oCDtEntityCpntCharacterControllerSettings"",""name"":""Character Controller"",""property"":""0x15879235"",""fallback"":{""type"":0,""value"":10.0,""offset"":""0x570c7""}}],[{""type"":2,""value"":true,""offset"":""0x570f8""},10.0]]},{""selector"":""Skill Defense AOE Damage Multiplier Selector"",""offset"":""0x596dd"",""entries"":[[""0x15fc6bf9"",6.300000190734863],[""0x15fc6bf1"",5.400000095367432],[""0x15fc6bf7"",4.5],[{""type"":2,""value"":true,""offset"":""0x599cb""},3.5999999046325684]]},{""operation"":""Defensive Ability AP Multiplier Operation"",""offset"":""0x8dbe8"",""operator"":""0x17af9527"",""children"":[1.0,{""class"":""oCDtEntityCpntCharacterControllerSettings"",""name"":""Character Controller"",""property"":""0x174118ae"",""fallback"":{""type"":0,""value"":0.0,""offset"":""0x59cb7""}},{""class"":""oCEntityCpntModifierListenerSettings"",""name"":""Defensive Ability AP Modifier Listener"",""property"":""0x15a57291"",""fallback"":{""type"":0,""value"":0.0,""offset"":""0x8dda6""}}]}]}}]"	Geppetto Lightning Rod Dummies talent icon.png
23	Skill_Power_Magnet_Name	55	Skill_Power_Magnet_Desc	56	Magnetic Hammer	Skill Controller Power Magnet	7	Holding POWER allows Geppetto to pull in a DUMMY in front of him\nUpon release, the DUMMY that has been pulled in deals +40 / 50 / 60 / 70% damage across a 100% wider area		Skill String Desc Power Magnet	0x3cbea	"[{""kind"":5,""format"":0,""value"":{""raw"":""000000000300000004000000546578741c0000004865726f5f476570706574746f5f436f6d6d6f6e7e47414d2e786c7300000000090000004865726f5f4e616d65"",""strings"":[[249086,""Text""],[249094,""Hero_Geppetto_Common~GAM.xls""],[249130,""Hero_Name""]]}},{""kind"":0,""format"":1,""value"":{""selector"":""Skill Power Magnet Damage Multiplier Selector"",""offset"":""0x5a0ff"",""entries"":[[""0x15fc6bf9"",0.699999988079071],[""0x15fc6bf1"",0.6000000238418579],[""0x15fc6bf7"",0.5],[{""type"":2,""value"":true,""offset"":""0x5a3f2""},0.4000000059604645]]}},{""kind"":0,""format"":1,""value"":1.0}]"	Geppetto Magnetic Hammer talent icon.png
27	Skill_Ultimate_1_Big_Meca_Puppet_Name	77	Skill_Ultimate_1_Big_Meca_Puppet_Desc	78	Master Puppet	Skill Controller Ultimate 1 Upgrade 2	9	When the Meca-Puppet is built, it consumes any DUMMY built around to gain 20 / 25 / 30 / 35% max. health and deal 10 / 12 / 14 / 16% more damage per DUMMY consumed		Skill String Desc Ultimate 1 Big Meca Puppet	0x3f56d	"[{""kind"":3452816640,""format"":1,""value"":{""selector"":""Skill Ultimate 1 Big Meca Puppet Additional Heal Selector"",""offset"":""0x5e93b"",""entries"":[[""0x15fc6bf9"",0.3499999940395355],[""0x15fc6bf1"",0.30000001192092896],[""0x15fc6bf7"",0.25],[{""type"":2,""value"":true,""offset"":""0x5ec60""},0.20000000298023224]]}},{""kind"":3452816640,""format"":1,""value"":{""selector"":""Skill Ultimate 1 Big Meca Puppet Additional Damage Selector"",""offset"":""0x5e5ba"",""entries"":[[""0x15fc6bf9"",0.1599999964237213],[""0x15fc6bf1"",0.14000000059604645],[""0x15fc6bf7"",0.11999999731779099],[{""type"":2,""value"":true,""offset"":""0x5e8e1""},0.10000000149011612]]}}]"	Geppetto Master Puppet talent icon.png
9	Skill_Trait_Buff_On_Dummy_Death_Name	33	Skill_Trait_Buff_On_Dummy_Death_Desc	34	Mourning Rage	Skill Controller Trait Buff On Dummy Death	1	Whenever a DUMMY is destroyed, Geppetto and other DUMMIES gain STRENGTH for 4 / 6 / 8 / 10 seconds		Skill String Desc Trait Buff On Dummy Death	0x3e448	"[{""kind"":5,""format"":0,""value"":{""raw"":""000000000300000004000000546578741c0000004865726f5f476570706574746f5f436f6d6d6f6e7e47414d2e786c7300000000090000004865726f5f4e616d65"",""strings"":[[255350,""Text""],[255358,""Hero_Geppetto_Common~GAM.xls""],[255394,""Hero_Name""]]}},{""kind"":0,""format"":0,""value"":{""selector"":""Skill Trait Buff On Dummy Death Duration Selector"",""offset"":""0x5c720"",""entries"":[[""0x15fc6bf9"",10.0],[""0x15fc6bf1"",8.0],[""0x15fc6bf7"",6.0],[{""type"":2,""value"":true,""offset"":""0x5ca4b""},4.0]]}}]"	Geppetto Mourning Rage talent icon.png
1	Skill_Attack_Finisher_Name	43	Skill_Attack_Finisher_Desc	44	Nailing Strike	Skill Controller Attack Finisher	1	Adds an additional strike to the ATTACK combo, dealing 400 / 500 / 600 / 700% damage		Skill String Desc Attack Finisher	0x3bacb	"[{""kind"":0,""format"":1,""value"":{""selector"":""Skill Attack Finisher Damage Multiplier Selector"",""offset"":""0x58636"",""entries"":[[""0x15fc6bf9"",7.0],[""0x15fc6bf1"",6.0],[""0x15fc6bf7"",5.0],[{""type"":2,""value"":true,""offset"":""0x58938""},4.0]]}}]"	Geppetto Nailing Strike talent icon.png
6	Skill_Attack_Makes_Dummies_Attack_Name	45	Skill_Attack_Makes_Dummies_Attack_Desc	46	Oiled Mechanisms	Skill Controller Attack Makes Dummies Attack	1	DUMMIES hit by Geppetto's ATTACK immediately attack in their current position, dealing 50 / 60 / 70 / 80% damage		Skill String Desc Attack Makes Dummies Attack	0x3bea1	"[{""kind"":5,""format"":0,""value"":{""raw"":""000000000300000004000000546578741c0000004865726f5f476570706574746f5f436f6d6d6f6e7e47414d2e786c7300000000090000004865726f5f4e616d65"",""strings"":[[245715,""Text""],[245723,""Hero_Geppetto_Common~GAM.xls""],[245759,""Hero_Name""]]}},{""kind"":0,""format"":1,""value"":{""selector"":""Skill Attack Makes Dummies Attack Damage Multiplier Selector"",""offset"":""0x58ecf"",""entries"":[[""0x15fc6bf9"",0.800000011920929],[""0x15fc6bf1"",0.699999988079071],[""0x15fc6bf7"",0.6000000238418579],[{""type"":2,""value"":true,""offset"":""0x5920d""},0.5]]}}]"	Geppetto Oiled Mechanisms talent icon.png
2	Skill_Trait_Attack_Move_Name	21	Skill_Trait_Attack_Move_Desc	22	Pogo-Hoppers	Skill Controller Trait Attack Move	1	DUMMIES move 100 / 133.3 / 166.6 / 200% farther when attacking		Skill String Desc Trait Attack Move	0x3e015	"[{""kind"":0,""format"":1,""value"":{""selector"":""Skill Trait Attack Move Factor Selector"",""offset"":""0x5c048"",""entries"":[[""0x15fc6bf9"",2.0],[""0x15fc6bf1"",1.6660000085830688],[""0x15fc6bf7"",1.3329999446868896],[{""type"":2,""value"":true,""offset"":""0x5c349""},1.0]]}},{""kind"":0,""format"":1,""value"":{""selector"":""Skill Trait Attack Move Factor Selector"",""offset"":""0x5c048"",""entries"":[[""0x15fc6bf9"",2.0],[""0x15fc6bf1"",1.6660000085830688],[""0x15fc6bf7"",1.3329999446868896],[{""type"":2,""value"":true,""offset"":""0x5c349""},1.0]]}}]"	Geppetto Pogo-Hoppers talent icon.png
7	Skill_Dash_Deals_Damage_Name	17	Skill_Dash_Deals_Damage_Desc	18	Rocket Science	Skill Controller Dash Deals Damage	1	DASH can be held for up to 1 second(s), dealing 32 / 40 / 48 / 56 damage along its path and applying IGNITE to all enemies hit.\nCrossed DUMMIES catch fire and their attacks deal +25 / 25 / 30 / 35% damage for 5 seconds		Skill String Desc Dash Deals Damage	0x3c0f7	"[{""kind"":0,""format"":0,""value"":{""selector"":""Skill Dash Deals Damage Max Loop Duration Selector"",""offset"":""0x59267"",""entries"":[[{""type"":2,""value"":true,""offset"":""0x59324""},1.0]]}},{""kind"":0,""format"":2,""value"":{""operation"":""Skill Dash Deals Damage AOE DPS Operation"",""offset"":""0x269ed"",""operator"":""0x17b29be2"",""children"":[{""selector"":""Level Damage Selector"",""offset"":""0x56f54"",""entries"":[[""0xfd2833c"",{""class"":""oCDtEntityCpntCharacterControllerSettings"",""name"":""Character Controller"",""property"":""0x15879235"",""fallback"":{""type"":0,""value"":10.0,""offset"":""0x570c7""}}],[{""type"":2,""value"":true,""offset"":""0x570f8""},10.0]]},{""selector"":""Skill Dash Deals Damage Multiplier Selector"",""offset"":""0x5937e"",""entries"":[[""0x15fc6bf9"",5.599999904632568],[""0x15fc6bf1"",4.800000190734863],[""0x15fc6bf7"",4.0],[{""type"":2,""value"":true,""offset"":""0x59683""},3.200000047683716]]},{""unresolved_guid"":""02b44ade992bed44a205c17398bfbf8f"",""fallback"":{""type"":0,""value"":0.0,""offset"":""0x26c10""}}]}},{""kind"":3452816640,""format"":1,""value"":{""selector"":""Buff Dummy Ignite Multiplier Value Selector"",""offset"":""0x56eb8"",""entries"":[[""0x15fc6bf9"",0.3499999940395355],[""0x15fc6bf1"",0.30000001192092896],[""0x15fc6bf7"",0.25],[{""type"":2,""value"":false,""offset"":""0x571bd""},0.20000000298023224]]}},{""kind"":3452816640,""format"":0,""value"":5.0}]"	Geppetto Rocket Science talent icon.png
22	Skill_Trait_Nose_Attack_Name	37	Skill_Trait_Nose_Attack_Desc	38	Sharp Noses	Skill Controller Trait Nose Attack	7	DUMMIES have a 50% chance of attacking with their nose, dealing 160 / 200 / 240 / 280% damage on all enemies they hit		Skill String Desc Trait Nose Attack	0x3efc2	"[{""kind"":0,""format"":1,""value"":0.5},{""kind"":0,""format"":1,""value"":{""selector"":""Skill Trait Nose Attack Value Selector"",""offset"":""0x5d83b"",""entries"":[[""0x15fc6bf9"",2.799999952316284],[""0x15fc6bf1"",2.4000000953674316],[""0x15fc6bf7"",2.0],[{""type"":2,""value"":true,""offset"":""0x5db3b""},1.600000023841858]]}}]"	Geppetto Sharp Noses talent icon.png
11	Skill_Trait_Twins_Name	27	Skill_Trait_Twins_Desc	28	Twin Dummies	Skill Controller Trait Twins	2	TRAIT has a 55 / 70 / 85 / 100% chance to build two DUMMIES at once		Skill String Desc Trait Twins	0x3f3d8	"[{""kind"":0,""format"":1,""value"":{""selector"":""Skill Trait Twins Chance Selector"",""offset"":""0x5e27d"",""entries"":[[""0x15fc6bf9"",1.0],[""0x15fc6bf1"",0.8500000238418579],[""0x15fc6bf7"",0.699999988079071],[{""type"":2,""value"":true,""offset"":""0x5e560""},0.550000011920929]]}}]"	Geppetto Twin Dummies talent icon.png
15	Skill_Power_Unstable_Name	51	Skill_Power_Unstable_Desc	52	Unstable Cores	Skill Controller Power Unstable	5	5 seconds after their creation, DUMMIES become unstable\nIf an unstable DUMMY is hit with POWER - or if it is destroyed or dismantled - this will cause it to explode, dealing 80 / 90 / 100 / 110 area damage		Skill String Desc Power Unstable	0x3d33d	"[{""kind"":0,""format"":0,""value"":5.0},{""kind"":0,""format"":2,""value"":{""operation"":""Skill Power Unstable Supposed Damage Operation"",""offset"":""0x278fe"",""operator"":""0x17b29be2"",""children"":[{""selector"":""Level Damage Selector"",""offset"":""0x56f54"",""entries"":[[""0xfd2833c"",{""class"":""oCDtEntityCpntCharacterControllerSettings"",""name"":""Character Controller"",""property"":""0x15879235"",""fallback"":{""type"":0,""value"":10.0,""offset"":""0x570c7""}}],[{""type"":2,""value"":true,""offset"":""0x570f8""},10.0]]},{""selector"":""Skill Power Unstable Damage Multiplier Selector"",""offset"":""0x5af20"",""entries"":[[""0x15fc6bf9"",11.0],[""0x15fc6bf1"",10.0],[""0x15fc6bf7"",9.0],[{""type"":2,""value"":true,""offset"":""0x5b21d""},8.0]]},{""operation"":""Trait Ability AP Multiplier Operation"",""offset"":""0x8fa2e"",""operator"":""0x17af9527"",""children"":[1.0,{""class"":""oCDtEntityCpntCharacterControllerSettings"",""name"":""Character Controller"",""property"":""0x174118ae"",""fallback"":{""type"":0,""value"":0.0,""offset"":""0x59cb7""}},{""class"":""oCEntityCpntModifierListenerSettings"",""name"":""Trait Ability AP Modifier Listener"",""property"":""0x15a57291"",""fallback"":{""type"":0,""value"":0.0,""offset"":""0x8fbe4""}}]}]}}]"	Geppetto Unstable Cores talent icon.png
19	Skill_Special_Pushback_Name	63	Skill_Special_Pushback_Desc	64	Vacuum Capsule	Skill Controller Special Pushback	5	DUMMIES hit by SPECIAL are jerked toward the center of the explosion, dealing 40 / 50 / 60 / 70% of POWER damage along the way		Skill String Desc Special Pushback	0x3dc8b	"[{""kind"":0,""format"":1,""value"":{""selector"":""Skill Special Pushback Extra Damage Multiplier Value Selector"",""offset"":""0x5b972"",""entries"":[[""0x15fc6bf9"",0.699999988079071],[""0x15fc6bf1"",0.6000000238418579],[""0x15fc6bf7"",0.5],[{""type"":2,""value"":true,""offset"":""0x5bc85""},0.4000000059604645]]}}]"	Geppetto Vacuum Capsule talent icon.png
