# source_table	Hero_Aladdin_Skins~GAM.xls
# rows	24
# note	English sidecar, positionally paired with key table. Game markup left verbatim.
index	key	text_en
0	Aladdin_Signature_Skin_Title	Signature Outfit
1	Aladdin_Signature_Skin_Description	Unlocked by completing  'Aerial Catch' Talent Quest 
2	Aladdin_Signature_Skin_UnlockCondition	Completed 'Aerial Catch' Talent Quest 
3	Aladdin_Traveler_Skin_Title	Traveler Outfit
4	Aladdin_Traveler_Skin_Description	Unlocked by reaching Chapter 3 
5	Aladdin_Traveler_Skin_UnlockCondition	Reached Chapter 3 
6	Aladdin_Master_Skin_Title	Master Outfit
7	Aladdin_Master_Skin_Description	Unlocked by completing the game  in Darkness Difficulty
8	Aladdin_Master_Skin_UnlockCondition	Completed the game in Darkness Difficulty
9	Aladdin_Hidden_Skin_Title	Hidden Outfit
10	Aladdin_Hidden_Skin_Description	Hidden requirements
11	Aladdin_Hidden_Skin_UnlockCondition	Wish Rainbow
12	Aladdin_Raven_Skin_Title	Ravens Outfit
13	Aladdin_Raven_Skin_Description	Available in the Ravens Skin Pack
14	Aladdin_Raven_Skin_UnlockCondition	Ravens Skin Pack Acquired
15	Aladdin_Nightmare_Skin_Title	Nightmares Outfit
16	Aladdin_Nightmare_Skin_Description	Available in the Nightmares Skin Pack
17	Aladdin_Nightmare_Skin_UnlockCondition	Nightmares Skin Pack Acquired
18	Aladdin_Timeless_Skin_Title	Timeless Outfit
19	Aladdin_Timeless_Skin_Description	Available in the Timeless Skin Pack
20	Aladdin_Timeless_Skin_UnlockCondition	Timeless Skin Pack Acquired
21	Aladdin_Mercenaries_Skin_Title	Mercenaries Outfit
22	Aladdin_Mercenaries_Skin_Description	Available in the Mercenaries Skin Pack
23	Aladdin_Mercenaries_Skin_UnlockCondition	Mercenaries Skin Pack Acquired
