# source_table	Melusine numerical values
# rows	51
# snapshot_id	2026-10-06-values
# status	Decoded values with the 2026-10-06 maintainer check merged in (see VALUES.md). Row statuses: decoded 9; decoded-baseline 13; static-text 8; unresolved 21. Checked rows: accepted without reading 12.
# baseline	Compendium level 1 figures: character damage 10, healing 10, no talents, no Magical Objects.
# source_version	Prior export attribution: Steam PC 1.05.01.01.27384, 2026/06/16, rev #773b656a63; raw file hashes recorded; installed build not independently reverified
section	form_or_condition	name	text_table	text_key	source_row_index	field	value	unit	formula	baseline	status	notes	source_path	source_property	reference_chain	check_id	checked_value	checked_value_source	maintainer_check	check_note
Dash	Base	Dash	Common.LangEN.tsv	Ability_Dash_Desc	21	cooldown	3	seconds	3.0	Hypothetical formatter baseline: DMG=10; HEALING=10; AP=0; no talents or objects; gameplay level unspecified; resource/form/hold/switch conditions preserved	decoded	Formatter/configuration decoding only; engine-fed operands and runtime branches preserved. 	EntitySettings\Heroes\Hero_Common!Hero_Common.entity.ot.EntitySettingsResource.gen	Dash Cooldown Default	EntitySettings\Heroes\Hero_Common!Hero_Common.entity.ot.EntitySettingsResource.gen@0x9ff91 -> EntitySettings\Heroes\Hero_Common!Hero_Common.entity.ot.EntitySettingsResource.gen@0xda7e4					
Dash	Base	Dash	Common.LangEN.tsv	Ability_Dash_Desc	21	charges	1	charges	1	Hypothetical formatter baseline: DMG=10; HEALING=10; AP=0; no talents or objects; gameplay level unspecified; resource/form/hold/switch conditions preserved	decoded-baseline	Formatter/configuration decoding only; engine-fed operands and runtime branches preserved. 	EntitySettings\Heroes\Hero_Common!Hero_Common.entity.ot.EntitySettingsResource.gen	Dash Ability Max Charges Counter	EntitySettings\Heroes\Hero_Common!Hero_Common.entity.ot.EntitySettingsResource.gen@0x9ff91 -> EntitySettings\Heroes\Hero_Common!Hero_Common.entity.ot.EntitySettingsResource.gen@0x9fbc					
Dash	Base	Dash	Common.LangEN.tsv	Ability_Dash_Desc	21	duration	0.25	seconds	Dash Ability Active Duration Selector{True => 0.25}	Hypothetical formatter baseline: DMG=10; HEALING=10; AP=0; no talents or objects; gameplay level unspecified; resource/form/hold/switch conditions preserved	decoded-baseline	Formatter/configuration decoding only; engine-fed operands and runtime branches preserved. Active duration timer configuration; intangible state synchronization beyond this timer is not inferred	EntitySettings\Heroes\Hero_Common!Hero_Common.entity.ot.EntitySettingsResource.gen	Dash Ability Active Duration Default	EntitySettings\Heroes\Hero_Common!Hero_Common.entity.ot.EntitySettingsResource.gen@0xff98 -> EntitySettings\Heroes\Hero_Common!Hero_Common.entity.ot.EntitySettingsResource.gen@0xcaf8b -> EntitySettings\Heroes\Hero_Common!Hero_Common.entity.ot.EntitySettingsResource.gen@0xda4aa					
Trait	Base	Siren's Call	Hero_Melusine_Common.LangEN.tsv	Ability_Trait_Desc	2	cooldown	0	seconds	0.0	Hypothetical formatter baseline: DMG=10; HEALING=10; AP=0; no talents or objects; gameplay level unspecified; resource/form/hold/switch conditions preserved	decoded	Formatter/configuration decoding only; engine-fed operands and runtime branches preserved. 	EntitySettings\Heroes\Hero_Melusine!Hero_Melusine.entity.ot.EntitySettingsResource.gen	Trait Ability Controller	EntitySettings\Heroes\Hero_Melusine!Hero_Melusine.entity.ot.EntitySettingsResource.gen@0x4a43b	r7144c1e9	0	decoded	accepted without reading	
Attack	Base	Wisp Attack	Hero_Melusine_Common.LangEN.tsv	Ability_Attack_Desc	4	damage_per_dash	21	damage	(Level Damage Selector{[State] Character_Common\Bhv Preview\Behaviour Preview => DMG; True => DMG} * 2.0999999046325684 * (1.0 + AP + NO_TALENT_OBJECT_MODIFIER(Basic Attack AP Modifier Listener)))	Hypothetical formatter baseline: DMG=10; HEALING=10; AP=0; no talents or objects; gameplay level unspecified; resource/form/hold/switch conditions preserved	decoded-baseline	Formatter/configuration decoding only; engine-fed operands and runtime branches preserved. 	EntitySettings\Heroes\Hero_Melusine!Hero_Melusine.entity.ot.EntitySettingsResource.gen; EntitySettings\Character_Common\Character_Common.entity.ot.EntitySettingsResource.gen; EntitySettings\Heroes\Hero_Common!Hero_Common.entity.ot.EntitySettingsResource.gen	formatter argument; kind=0; format=2	EntitySettings\Heroes\Hero_Melusine!Hero_Melusine.entity.ot.EntitySettingsResource.gen@0x4bb6b -> EntitySettings\Heroes\Hero_Melusine!Hero_Melusine.entity.ot.EntitySettingsResource.gen@0x34c7a -> EntitySettings\Character_Common\Character_Common.entity.ot.EntitySettingsResource.gen@0x56f54 -> EntitySettings\Character_Common\Character_Common.entity.ot.EntitySettingsResource.gen@0x123dd -> EntitySettings\Character_Common\Character_Common.entity.ot.EntitySettingsResource.gen@0x32ecd -> EntitySettings\Character_Common\Character_Common.entity.ot.EntitySettingsResource.gen@0x5e0b5 -> EntitySettings\Heroes\Hero_Melusine!Hero_Melusine.entity.ot.EntitySettingsResource.gen@0x783d9 -> EntitySettings\Heroes\Hero_Common!Hero_Common.entity.ot.EntitySettingsResource.gen@0x8cde1 -> EntitySettings\Character_Common\Character_Common.entity.ot.EntitySettingsResource.gen@0x59bde -> EntitySettings\Heroes\Hero_Common!Hero_Common.entity.ot.EntitySettingsResource.gen@0x95da8	r00e664e5	21	decoded-baseline	accepted without reading	
Power	Base	Splatter	Hero_Melusine_Common.LangEN.tsv	Ability_Power_Desc	6	cooldown	4	seconds	4.0	Hypothetical formatter baseline: DMG=10; HEALING=10; AP=0; no talents or objects; gameplay level unspecified; resource/form/hold/switch conditions preserved	decoded	Formatter/configuration decoding only; engine-fed operands and runtime branches preserved. 	EntitySettings\Heroes\Hero_Melusine!Hero_Melusine.entity.ot.EntitySettingsResource.gen	Primary Ability Controller	EntitySettings\Heroes\Hero_Melusine!Hero_Melusine.entity.ot.EntitySettingsResource.gen@0x49579	r6ae8378a	4	decoded	accepted without reading	
Power	Base	Splatter	Hero_Melusine_Common.LangEN.tsv	Ability_Power_Desc	6	charges	1	charges	Primary Charge To Damage Charge Selector{[Modifier Listener] Hero_Common\MO Charge To Damage\Primary Charge To Damage Modifier Listener => 1; True => 1}	Hypothetical formatter baseline: DMG=10; HEALING=10; AP=0; no talents or objects; gameplay level unspecified; resource/form/hold/switch conditions preserved	decoded-baseline	Formatter/configuration decoding only; engine-fed operands and runtime branches preserved. 	EntitySettings\Heroes\Hero_Melusine!Hero_Melusine.entity.ot.EntitySettingsResource.gen; EntitySettings\Heroes\Hero_Common!Hero_Common.entity.ot.EntitySettingsResource.gen	Primary Ability Controller	EntitySettings\Heroes\Hero_Melusine!Hero_Melusine.entity.ot.EntitySettingsResource.gen@0x49579 -> EntitySettings\Heroes\Hero_Common!Hero_Common.entity.ot.EntitySettingsResource.gen@0xd15a8 -> EntitySettings\Heroes\Hero_Common!Hero_Common.entity.ot.EntitySettingsResource.gen@0x98202 -> EntitySettings\Heroes\Hero_Common!Hero_Common.entity.ot.EntitySettingsResource.gen@0xa8a9					
Power	Base	Splatter	Hero_Melusine_Common.LangEN.tsv	Ability_Power_Desc	6	damage	50	damage	(Level Damage Selector{[State] Character_Common\Bhv Preview\Behaviour Preview => DMG; True => DMG} * 5.0 * (1.0 + AP + NO_TALENT_OBJECT_MODIFIER(Primary Ability AP Modifier Listener)))	Hypothetical formatter baseline: DMG=10; HEALING=10; AP=0; no talents or objects; gameplay level unspecified; resource/form/hold/switch conditions preserved	decoded-baseline	Formatter/configuration decoding only; engine-fed operands and runtime branches preserved. 	EntitySettings\Heroes\Hero_Melusine!Hero_Melusine.entity.ot.EntitySettingsResource.gen; EntitySettings\Character_Common\Character_Common.entity.ot.EntitySettingsResource.gen; EntitySettings\Heroes\Hero_Common!Hero_Common.entity.ot.EntitySettingsResource.gen	formatter argument; kind=0; format=2	EntitySettings\Heroes\Hero_Melusine!Hero_Melusine.entity.ot.EntitySettingsResource.gen@0x4bd0d -> EntitySettings\Heroes\Hero_Melusine!Hero_Melusine.entity.ot.EntitySettingsResource.gen@0x3509c -> EntitySettings\Character_Common\Character_Common.entity.ot.EntitySettingsResource.gen@0x56f54 -> EntitySettings\Character_Common\Character_Common.entity.ot.EntitySettingsResource.gen@0x123dd -> EntitySettings\Character_Common\Character_Common.entity.ot.EntitySettingsResource.gen@0x32ecd -> EntitySettings\Character_Common\Character_Common.entity.ot.EntitySettingsResource.gen@0x5e0b5 -> EntitySettings\Heroes\Hero_Melusine!Hero_Melusine.entity.ot.EntitySettingsResource.gen@0x78a5e -> EntitySettings\Heroes\Hero_Common!Hero_Common.entity.ot.EntitySettingsResource.gen@0x8efa9 -> EntitySettings\Character_Common\Character_Common.entity.ot.EntitySettingsResource.gen@0x59bde -> EntitySettings\Heroes\Hero_Common!Hero_Common.entity.ot.EntitySettingsResource.gen@0x9807d	rdafbcc9a	50	decoded-baseline	accepted without reading	
Special	Base	Torrent	Hero_Melusine_Common.LangEN.tsv	Ability_Special_Desc	8	cooldown	8	seconds	8.0	Hypothetical formatter baseline: DMG=10; HEALING=10; AP=0; no talents or objects; gameplay level unspecified; resource/form/hold/switch conditions preserved	decoded	Formatter/configuration decoding only; engine-fed operands and runtime branches preserved. 	EntitySettings\Heroes\Hero_Melusine!Hero_Melusine.entity.ot.EntitySettingsResource.gen	Secondary Ability Controller	EntitySettings\Heroes\Hero_Melusine!Hero_Melusine.entity.ot.EntitySettingsResource.gen@0x49cd2	re1f3f0c2	8	decoded	accepted without reading	
Special	Base	Torrent	Hero_Melusine_Common.LangEN.tsv	Ability_Special_Desc	8	charges	1	charges	Secondary Charge To Damage Charge Selector{[Modifier Listener] Hero_Common\MO Charge To Damage\Secondary Charge To Damage Modifier Listener => 1; True => 1}	Hypothetical formatter baseline: DMG=10; HEALING=10; AP=0; no talents or objects; gameplay level unspecified; resource/form/hold/switch conditions preserved	decoded-baseline	Formatter/configuration decoding only; engine-fed operands and runtime branches preserved. 	EntitySettings\Heroes\Hero_Melusine!Hero_Melusine.entity.ot.EntitySettingsResource.gen; EntitySettings\Heroes\Hero_Common!Hero_Common.entity.ot.EntitySettingsResource.gen	Secondary Ability Controller	EntitySettings\Heroes\Hero_Melusine!Hero_Melusine.entity.ot.EntitySettingsResource.gen@0x49cd2 -> EntitySettings\Heroes\Hero_Common!Hero_Common.entity.ot.EntitySettingsResource.gen@0xd245f -> EntitySettings\Heroes\Hero_Common!Hero_Common.entity.ot.EntitySettingsResource.gen@0x9892e -> EntitySettings\Heroes\Hero_Common!Hero_Common.entity.ot.EntitySettingsResource.gen@0xae68					
Special	Base	Torrent	Hero_Melusine_Common.LangEN.tsv	Ability_Special_Desc	8	max_total_damage	100	damage	(Level Damage Selector{[State] Character_Common\Bhv Preview\Behaviour Preview => DMG; True => DMG} * 2.5 * (1.0 + AP + NO_TALENT_OBJECT_MODIFIER(Secondary Ability AP Modifier Listener)) * 4)	Hypothetical formatter baseline: DMG=10; HEALING=10; AP=0; no talents or objects; gameplay level unspecified; resource/form/hold/switch conditions preserved	decoded-baseline	Formatter/configuration decoding only; engine-fed operands and runtime branches preserved. 	EntitySettings\Heroes\Hero_Melusine!Hero_Melusine.entity.ot.EntitySettingsResource.gen; EntitySettings\Character_Common\Character_Common.entity.ot.EntitySettingsResource.gen; EntitySettings\Heroes\Hero_Common!Hero_Common.entity.ot.EntitySettingsResource.gen	formatter argument; kind=0; format=2	EntitySettings\Heroes\Hero_Melusine!Hero_Melusine.entity.ot.EntitySettingsResource.gen@0x4beb4 -> EntitySettings\Heroes\Hero_Melusine!Hero_Melusine.entity.ot.EntitySettingsResource.gen@0x356e2 -> EntitySettings\Character_Common\Character_Common.entity.ot.EntitySettingsResource.gen@0x56f54 -> EntitySettings\Character_Common\Character_Common.entity.ot.EntitySettingsResource.gen@0x123dd -> EntitySettings\Character_Common\Character_Common.entity.ot.EntitySettingsResource.gen@0x32ecd -> EntitySettings\Character_Common\Character_Common.entity.ot.EntitySettingsResource.gen@0x5e0b5 -> EntitySettings\Heroes\Hero_Melusine!Hero_Melusine.entity.ot.EntitySettingsResource.gen@0x78db8 -> EntitySettings\Heroes\Hero_Common!Hero_Common.entity.ot.EntitySettingsResource.gen@0x8f5e5 -> EntitySettings\Character_Common\Character_Common.entity.ot.EntitySettingsResource.gen@0x59bde -> EntitySettings\Heroes\Hero_Common!Hero_Common.entity.ot.EntitySettingsResource.gen@0x987a7 -> EntitySettings\Heroes\Hero_Melusine!Hero_Melusine.entity.ot.EntitySettingsResource.gen@0x78f7a	ref12b2f5	100	decoded-baseline	accepted without reading	
Defense	Base	Dive	Hero_Melusine_Common.LangEN.tsv	Ability_Defense_Desc	10	cooldown	8	seconds	8.0	Hypothetical formatter baseline: DMG=10; HEALING=10; AP=0; no talents or objects; gameplay level unspecified; resource/form/hold/switch conditions preserved	decoded	Formatter/configuration decoding only; engine-fed operands and runtime branches preserved. 	EntitySettings\Heroes\Hero_Melusine!Hero_Melusine.entity.ot.EntitySettingsResource.gen	Defensive Ability Controller	EntitySettings\Heroes\Hero_Melusine!Hero_Melusine.entity.ot.EntitySettingsResource.gen@0x48eb7	reb84f63a	8	decoded	accepted without reading	
Defense	Base	Dive	Hero_Melusine_Common.LangEN.tsv	Ability_Defense_Desc	10	charges	1	charges	1	Hypothetical formatter baseline: DMG=10; HEALING=10; AP=0; no talents or objects; gameplay level unspecified; resource/form/hold/switch conditions preserved	decoded-baseline	Formatter/configuration decoding only; engine-fed operands and runtime branches preserved. 	EntitySettings\Heroes\Hero_Melusine!Hero_Melusine.entity.ot.EntitySettingsResource.gen; EntitySettings\Heroes\Hero_Common!Hero_Common.entity.ot.EntitySettingsResource.gen	Defensive Ability Controller	EntitySettings\Heroes\Hero_Melusine!Hero_Melusine.entity.ot.EntitySettingsResource.gen@0x48eb7 -> EntitySettings\Heroes\Hero_Common!Hero_Common.entity.ot.EntitySettingsResource.gen@0xa1cd					
Defense	Base	Dive	Hero_Melusine_Common.LangEN.tsv	Ability_Defense_Desc	10	intangible_duration		seconds	unresolved(Original literal/notes discarded: no validated argument or exact owning property supports this field)	Hypothetical formatter baseline: DMG=10; HEALING=10; AP=0; no talents or objects; gameplay level unspecified; resource/form/hold/switch conditions preserved	unresolved	Formatter/configuration decoding only; engine-fed operands and runtime branches preserved. Original literal/notes discarded: no validated argument or exact owning property supports this field Blocked: Original literal/notes discarded: no validated argument or exact owning property supports this field	EntitySettings/Heroes/Hero_Melusine!Hero_Melusine.entity.ot.EntitySettingsResource.gen	Defensive Dive Anim Timers	Hero_Melusine -> Defense -> Anim In/Out					
Ultimate 1	Base	Water Bomb	Hero_Melusine_Common.LangEN.tsv	Ability_Ultimate_1_Desc	12	cooldown	90	seconds	90.0	Hypothetical formatter baseline: DMG=10; HEALING=10; AP=0; no talents or objects; gameplay level unspecified; resource/form/hold/switch conditions preserved	decoded	Formatter/configuration decoding only; engine-fed operands and runtime branches preserved. 	EntitySettings\Heroes\Hero_Melusine!Hero_Melusine.entity.ot.EntitySettingsResource.gen	Ultimate Power 1 Controller	EntitySettings\Heroes\Hero_Melusine!Hero_Melusine.entity.ot.EntitySettingsResource.gen@0x4ab67	r79db09e4	90	decoded	accepted without reading	
Ultimate 1	Base	Water Bomb	Hero_Melusine_Common.LangEN.tsv	Ability_Ultimate_1_Desc	12	charges	1	charges	1	Hypothetical formatter baseline: DMG=10; HEALING=10; AP=0; no talents or objects; gameplay level unspecified; resource/form/hold/switch conditions preserved	decoded-baseline	Formatter/configuration decoding only; engine-fed operands and runtime branches preserved. 	EntitySettings\Heroes\Hero_Melusine!Hero_Melusine.entity.ot.EntitySettingsResource.gen; EntitySettings\Heroes\Hero_Common!Hero_Common.entity.ot.EntitySettingsResource.gen	Ultimate Power 1 Controller	EntitySettings\Heroes\Hero_Melusine!Hero_Melusine.entity.ot.EntitySettingsResource.gen@0x4ab67 -> EntitySettings\Heroes\Hero_Common!Hero_Common.entity.ot.EntitySettingsResource.gen@0xb50d					
Ultimate 1	Base	Water Bomb	Hero_Melusine_Common.LangEN.tsv	Ability_Ultimate_1_Desc	12	explosion_damage	400	damage	(Level Damage Selector{[State] Character_Common\Bhv Preview\Behaviour Preview => DMG; True => DMG} * 40.0 * (1.0 + AP + NO_TALENT_OBJECT_MODIFIER(Ultimate AP Modifier Listener)))	Hypothetical formatter baseline: DMG=10; HEALING=10; AP=0; no talents or objects; gameplay level unspecified; resource/form/hold/switch conditions preserved	decoded-baseline	Formatter/configuration decoding only; engine-fed operands and runtime branches preserved. 	EntitySettings\Heroes\Hero_Melusine!Hero_Melusine.entity.ot.EntitySettingsResource.gen; EntitySettings\Character_Common\Character_Common.entity.ot.EntitySettingsResource.gen; EntitySettings\Heroes\Hero_Common!Hero_Common.entity.ot.EntitySettingsResource.gen	formatter argument; kind=0; format=2	EntitySettings\Heroes\Hero_Melusine!Hero_Melusine.entity.ot.EntitySettingsResource.gen@0x50433 -> EntitySettings\Heroes\Hero_Melusine!Hero_Melusine.entity.ot.EntitySettingsResource.gen@0x399e0 -> EntitySettings\Character_Common\Character_Common.entity.ot.EntitySettingsResource.gen@0x56f54 -> EntitySettings\Character_Common\Character_Common.entity.ot.EntitySettingsResource.gen@0x123dd -> EntitySettings\Character_Common\Character_Common.entity.ot.EntitySettingsResource.gen@0x32ecd -> EntitySettings\Character_Common\Character_Common.entity.ot.EntitySettingsResource.gen@0x5e0b5 -> EntitySettings\Heroes\Hero_Melusine!Hero_Melusine.entity.ot.EntitySettingsResource.gen@0x7b847 -> EntitySettings\Heroes\Hero_Common!Hero_Common.entity.ot.EntitySettingsResource.gen@0x8fc67 -> EntitySettings\Character_Common\Character_Common.entity.ot.EntitySettingsResource.gen@0x59bde -> EntitySettings\Heroes\Hero_Common!Hero_Common.entity.ot.EntitySettingsResource.gen@0x994b9	r9b8cc02f	400	decoded-baseline	accepted without reading	
Ultimate 2	Base	Wisp Ballet	Hero_Melusine_Common.LangEN.tsv	Ability_Ultimate_2_Desc	14	cooldown		seconds	(10.0 0x17b29bf0 60.0 0x17b29bf0 unresolved(Ultimate 2 Active Timer))	Hypothetical formatter baseline: DMG=10; HEALING=10; AP=0; no talents or objects; gameplay level unspecified; resource/form/hold/switch conditions preserved	unresolved	Formatter/configuration decoding only; engine-fed operands and runtime branches preserved.  Blocked: Property access needs engine semantics; no fallback substitution (Ultimate 2 Active Timer.0xfd2825a)	EntitySettings\Heroes\Hero_Melusine!Hero_Melusine.entity.ot.EntitySettingsResource.gen	Ultimate Power 2 Controller	EntitySettings\Heroes\Hero_Melusine!Hero_Melusine.entity.ot.EntitySettingsResource.gen@0x4b2b6 -> EntitySettings\Heroes\Hero_Melusine!Hero_Melusine.entity.ot.EntitySettingsResource.gen@0x348c6 -> EntitySettings\Heroes\Hero_Melusine!Hero_Melusine.entity.ot.EntitySettingsResource.gen@0x7bde6 -> EntitySettings\Heroes\Hero_Melusine!Hero_Melusine.entity.ot.EntitySettingsResource.gen@0x7bd42 -> EntitySettings\Heroes\Hero_Melusine!Hero_Melusine.entity.ot.EntitySettingsResource.gen@0xddc4	r1e3250a7	60	fill pass (decoded-baseline)	accepted without reading	
Ultimate 2	Base	Wisp Ballet	Hero_Melusine_Common.LangEN.tsv	Ability_Ultimate_2_Desc	14	charges	1	charges	1	Hypothetical formatter baseline: DMG=10; HEALING=10; AP=0; no talents or objects; gameplay level unspecified; resource/form/hold/switch conditions preserved	decoded-baseline	Formatter/configuration decoding only; engine-fed operands and runtime branches preserved. 	EntitySettings\Heroes\Hero_Melusine!Hero_Melusine.entity.ot.EntitySettingsResource.gen; EntitySettings\Heroes\Hero_Common!Hero_Common.entity.ot.EntitySettingsResource.gen	Ultimate Power 2 Controller	EntitySettings\Heroes\Hero_Melusine!Hero_Melusine.entity.ot.EntitySettingsResource.gen@0x4b2b6 -> EntitySettings\Heroes\Hero_Common!Hero_Common.entity.ot.EntitySettingsResource.gen@0xb50d					
Ultimate 2	Base	Wisp Ballet	Hero_Melusine_Common.LangEN.tsv	Ability_Ultimate_2_Desc	14	wisp_count	6	wisps	6	Hypothetical formatter baseline: DMG=10; HEALING=10; AP=0; no talents or objects; gameplay level unspecified; resource/form/hold/switch conditions preserved	decoded	Formatter/configuration decoding only; engine-fed operands and runtime branches preserved. 	EntitySettings\Heroes\Hero_Melusine!Hero_Melusine.entity.ot.EntitySettingsResource.gen	formatter argument; kind=1; format=2	EntitySettings\Heroes\Hero_Melusine!Hero_Melusine.entity.ot.EntitySettingsResource.gen@0x5064b -> EntitySettings\Heroes\Hero_Melusine!Hero_Melusine.entity.ot.EntitySettingsResource.gen@0x7bbf9	re13bd416	6	decoded	accepted without reading	
Ultimate 2	Base	Wisp Ballet	Hero_Melusine_Common.LangEN.tsv	Ability_Ultimate_2_Desc	14	duration	4	seconds	4.0	Hypothetical formatter baseline: DMG=10; HEALING=10; AP=0; no talents or objects; gameplay level unspecified; resource/form/hold/switch conditions preserved	decoded	Formatter/configuration decoding only; engine-fed operands and runtime branches preserved. 	EntitySettings\Heroes\Hero_Melusine!Hero_Melusine.entity.ot.EntitySettingsResource.gen	formatter argument; kind=0; format=0	EntitySettings\Heroes\Hero_Melusine!Hero_Melusine.entity.ot.EntitySettingsResource.gen@0x5064b -> EntitySettings\Heroes\Hero_Melusine!Hero_Melusine.entity.ot.EntitySettingsResource.gen@0x7bb58	r48912ce6	4	decoded	accepted without reading	
Ultimate 2	Base	Wisp Ballet	Hero_Melusine_Common.LangEN.tsv	Ability_Ultimate_2_Desc	14	final_cast_ability_name	Splatter	text	Static canonical text	Hypothetical formatter baseline: DMG=10; HEALING=10; AP=0; no talents or objects; gameplay level unspecified; resource/form/hold/switch conditions preserved	static-text	Canonical tooltip text; no numeric engine evaluation claimed	EntitySettings/Heroes/Hero_Melusine!Hero_Melusine.entity.ot.EntitySettingsResource.gen	canonical argument 2	Hero_Melusine -> Ultimate 2 -> Final Ability Cast					
Trait	Base	Siren's Call	Hero_Melusine_Common.LangEN.tsv	Ability_Trait_Desc	2	tooltip_binding_coverage	• Switch between #SING STANCE@ and #MOVE STANCE@\n• #SING STANCE@ casts a controllable #WISP@ but immobilizes the Hero\n• #MOVE STANCE@ revokes #WISP@ and restores control to the Hero	text	Static canonical text	Hypothetical formatter baseline: DMG=10; HEALING=10; AP=0; no talents or objects; gameplay level unspecified; resource/form/hold/switch conditions preserved	static-text	Canonical tooltip text; no numeric engine evaluation claimed	EntitySettings/Heroes/Hero_Melusine!Hero_Melusine.entity.ot.EntitySettingsResource.gen	Trait Ability Controller	Hero_Melusine -> Trait Ability Controller -> Cooldown					
Attack	Base	Wisp Attack	Hero_Melusine_Common.LangEN.tsv	Ability_Attack_Desc	4	tooltip_binding_coverage	• #WISP@ suddenly dashes forward, dealing &{0}~ damage to all enemies passed\n• Automatically enter #SING STANCE@ when cast	text	Static canonical text	Hypothetical formatter baseline: DMG=10; HEALING=10; AP=0; no talents or objects; gameplay level unspecified; resource/form/hold/switch conditions preserved	static-text	Canonical tooltip text; no numeric engine evaluation claimed	EntitySettings/Heroes/Hero_Melusine!Hero_Melusine.entity.ot.EntitySettingsResource.gen	Basic Attack Scalable Damage	Hero_Melusine -> Basic Attack -> Damage Operations					
Power	Base	Splatter	Hero_Melusine_Common.LangEN.tsv	Ability_Power_Desc	6	tooltip_binding_coverage	• #WISP@ pulses a splash of water, dealing &{0}~ damage to all enemies around\n• Automatically enter #SING STANCE@ when cast	text	Static canonical text	Hypothetical formatter baseline: DMG=10; HEALING=10; AP=0; no talents or objects; gameplay level unspecified; resource/form/hold/switch conditions preserved	static-text	Canonical tooltip text; no numeric engine evaluation claimed	EntitySettings/Heroes/Hero_Melusine!Hero_Melusine.entity.ot.EntitySettingsResource.gen	Primary Ability Controller	Hero_Melusine -> Primary Ability Controller -> Cooldown					
Special	Base	Torrent	Hero_Melusine_Common.LangEN.tsv	Ability_Special_Desc	8	tooltip_binding_coverage	• Send waves of water forward, dealing up to &{0}~ damage	text	Static canonical text	Hypothetical formatter baseline: DMG=10; HEALING=10; AP=0; no talents or objects; gameplay level unspecified; resource/form/hold/switch conditions preserved	static-text	Canonical tooltip text; no numeric engine evaluation claimed	EntitySettings/Heroes/Hero_Melusine!Hero_Melusine.entity.ot.EntitySettingsResource.gen	Secondary Ability Controller	Hero_Melusine -> Secondary Ability Controller -> Cooldown					
Defense	Base	Dive	Hero_Melusine_Common.LangEN.tsv	Ability_Defense_Desc	10	tooltip_binding_coverage	• Dive into a pool of water, turning #INTANGIBLE@ for a short time\n• Reemerge in #MOVE STANCE@	text	Static canonical text	Hypothetical formatter baseline: DMG=10; HEALING=10; AP=0; no talents or objects; gameplay level unspecified; resource/form/hold/switch conditions preserved	static-text	Canonical tooltip text; no numeric engine evaluation claimed	EntitySettings/Heroes/Hero_Melusine!Hero_Melusine.entity.ot.EntitySettingsResource.gen	Defensive Ability Controller	Hero_Melusine -> Defensive Ability Controller -> Cooldown					
Ultimate 1	Base	Water Bomb	Hero_Melusine_Common.LangEN.tsv	Ability_Ultimate_1_Desc	12	tooltip_binding_coverage	• {0} wraps herself in a water sphere and turns #INVINCIBLE@\n• After a short time or if triggered, the sphere explodes and deals &{1}~ damage to all nearby enemies	text	Static canonical text	Hypothetical formatter baseline: DMG=10; HEALING=10; AP=0; no talents or objects; gameplay level unspecified; resource/form/hold/switch conditions preserved	static-text	Canonical tooltip text; no numeric engine evaluation claimed	EntitySettings/Heroes/Hero_Melusine!Hero_Melusine.entity.ot.EntitySettingsResource.gen	Ultimate Power 1 Controller	Hero_Melusine -> Ultimate Power 1 Controller -> Cooldown					
Ultimate 2	Base	Wisp Ballet	Hero_Melusine_Common.LangEN.tsv	Ability_Ultimate_2_Desc	14	tooltip_binding_coverage	• Summon #{0}@ autonomous #WISPS@ that pursue and attack nearby enemies\n• After #{1}@ seconds, the #WISPS@ cast #{2}@ and then disappear	text	Static canonical text	Hypothetical formatter baseline: DMG=10; HEALING=10; AP=0; no talents or objects; gameplay level unspecified; resource/form/hold/switch conditions preserved	static-text	Canonical tooltip text; no numeric engine evaluation claimed	EntitySettings/Heroes/Hero_Melusine!Hero_Melusine.entity.ot.EntitySettingsResource.gen	Ultimate Power 2 Controller	Hero_Melusine -> Ultimate Power 2 Controller -> Cooldown					
Dash	Base	Dash	Common.LangEN.tsv	Ability_Dash_Desc	21	resource_cost		resource	unresolved(Required checklist field has no established owning runtime property/code path)	Hypothetical formatter baseline: DMG=10; HEALING=10; AP=0; no talents or objects; gameplay level unspecified; resource/form/hold/switch conditions preserved	unresolved	Formatter/configuration decoding only; engine-fed operands and runtime branches preserved. Required checklist field has no established owning runtime property/code path Blocked: Required checklist field has no established owning runtime property/code path	EntitySettings/Heroes/Hero_Common!Hero_Common.entity.ot.EntitySettingsResource.gen	resource_cost						
Trait	Base	Siren's Call	Hero_Melusine_Common.LangEN.tsv	Ability_Trait_Desc	2	charges	1	charges	Trait Ability Default Charges Selector{True => 1}	Hypothetical formatter baseline: DMG=10; HEALING=10; AP=0; no talents or objects; gameplay level unspecified; resource/form/hold/switch conditions preserved	decoded-baseline	Formatter/configuration decoding only; engine-fed operands and runtime branches preserved. 	EntitySettings\Heroes\Hero_Melusine!Hero_Melusine.entity.ot.EntitySettingsResource.gen; EntitySettings\Heroes\Hero_Common!Hero_Common.entity.ot.EntitySettingsResource.gen	Trait Ability Controller	EntitySettings\Heroes\Hero_Melusine!Hero_Melusine.entity.ot.EntitySettingsResource.gen@0x4a43b -> EntitySettings\Heroes\Hero_Common!Hero_Common.entity.ot.EntitySettingsResource.gen@0xb280 -> EntitySettings\Heroes\Hero_Common!Hero_Common.entity.ot.EntitySettingsResource.gen@0xd2f6c					
Trait	Base	Siren's Call	Hero_Melusine_Common.LangEN.tsv	Ability_Trait_Desc	2	active_duration		seconds	unresolved(Required checklist field has no established owning runtime property/code path)	Hypothetical formatter baseline: DMG=10; HEALING=10; AP=0; no talents or objects; gameplay level unspecified; resource/form/hold/switch conditions preserved	unresolved	Formatter/configuration decoding only; engine-fed operands and runtime branches preserved. Required checklist field has no established owning runtime property/code path Blocked: Required checklist field has no established owning runtime property/code path	EntitySettings/Heroes/Hero_Melusine!Hero_Melusine.entity.ot.EntitySettingsResource.gen	active_duration						
Trait	Base	Siren's Call	Hero_Melusine_Common.LangEN.tsv	Ability_Trait_Desc	2	resource_cost		resource	unresolved(Required checklist field has no established owning runtime property/code path)	Hypothetical formatter baseline: DMG=10; HEALING=10; AP=0; no talents or objects; gameplay level unspecified; resource/form/hold/switch conditions preserved	unresolved	Formatter/configuration decoding only; engine-fed operands and runtime branches preserved. Required checklist field has no established owning runtime property/code path Blocked: Required checklist field has no established owning runtime property/code path	EntitySettings/Heroes/Hero_Melusine!Hero_Melusine.entity.ot.EntitySettingsResource.gen	resource_cost						
Attack	Base	Wisp Attack	Hero_Melusine_Common.LangEN.tsv	Ability_Attack_Desc	4	hit_count		hits	unresolved(Required checklist field has no established owning runtime property/code path)	Hypothetical formatter baseline: DMG=10; HEALING=10; AP=0; no talents or objects; gameplay level unspecified; resource/form/hold/switch conditions preserved	unresolved	Formatter/configuration decoding only; engine-fed operands and runtime branches preserved. Required checklist field has no established owning runtime property/code path Blocked: Required checklist field has no established owning runtime property/code path	EntitySettings/Heroes/Hero_Melusine!Hero_Melusine.entity.ot.EntitySettingsResource.gen	hit_count						
Attack	Base	Wisp Attack	Hero_Melusine_Common.LangEN.tsv	Ability_Attack_Desc	4	hit_damage_sequence		damage	unresolved(Required checklist field has no established owning runtime property/code path)	Hypothetical formatter baseline: DMG=10; HEALING=10; AP=0; no talents or objects; gameplay level unspecified; resource/form/hold/switch conditions preserved	unresolved	Formatter/configuration decoding only; engine-fed operands and runtime branches preserved. Required checklist field has no established owning runtime property/code path Blocked: Required checklist field has no established owning runtime property/code path	EntitySettings/Heroes/Hero_Melusine!Hero_Melusine.entity.ot.EntitySettingsResource.gen	hit_damage_sequence						
Attack	Base	Wisp Attack	Hero_Melusine_Common.LangEN.tsv	Ability_Attack_Desc	4	attack_timing		seconds	unresolved(Required checklist field has no established owning runtime property/code path)	Hypothetical formatter baseline: DMG=10; HEALING=10; AP=0; no talents or objects; gameplay level unspecified; resource/form/hold/switch conditions preserved	unresolved	Formatter/configuration decoding only; engine-fed operands and runtime branches preserved. Required checklist field has no established owning runtime property/code path Blocked: Required checklist field has no established owning runtime property/code path	EntitySettings/Heroes/Hero_Melusine!Hero_Melusine.entity.ot.EntitySettingsResource.gen	attack_timing						
Power	Base	Splatter	Hero_Melusine_Common.LangEN.tsv	Ability_Power_Desc	6	active_duration		seconds	unresolved(Required checklist field has no established owning runtime property/code path)	Hypothetical formatter baseline: DMG=10; HEALING=10; AP=0; no talents or objects; gameplay level unspecified; resource/form/hold/switch conditions preserved	unresolved	Formatter/configuration decoding only; engine-fed operands and runtime branches preserved. Required checklist field has no established owning runtime property/code path Blocked: Required checklist field has no established owning runtime property/code path	EntitySettings/Heroes/Hero_Melusine!Hero_Melusine.entity.ot.EntitySettingsResource.gen	active_duration						
Power	Base	Splatter	Hero_Melusine_Common.LangEN.tsv	Ability_Power_Desc	6	resource_cost		resource	unresolved(Required checklist field has no established owning runtime property/code path)	Hypothetical formatter baseline: DMG=10; HEALING=10; AP=0; no talents or objects; gameplay level unspecified; resource/form/hold/switch conditions preserved	unresolved	Formatter/configuration decoding only; engine-fed operands and runtime branches preserved. Required checklist field has no established owning runtime property/code path Blocked: Required checklist field has no established owning runtime property/code path	EntitySettings/Heroes/Hero_Melusine!Hero_Melusine.entity.ot.EntitySettingsResource.gen	resource_cost						
Special	Base	Torrent	Hero_Melusine_Common.LangEN.tsv	Ability_Special_Desc	8	active_duration		seconds	unresolved(Required checklist field has no established owning runtime property/code path)	Hypothetical formatter baseline: DMG=10; HEALING=10; AP=0; no talents or objects; gameplay level unspecified; resource/form/hold/switch conditions preserved	unresolved	Formatter/configuration decoding only; engine-fed operands and runtime branches preserved. Required checklist field has no established owning runtime property/code path Blocked: Required checklist field has no established owning runtime property/code path	EntitySettings/Heroes/Hero_Melusine!Hero_Melusine.entity.ot.EntitySettingsResource.gen	active_duration						
Special	Base	Torrent	Hero_Melusine_Common.LangEN.tsv	Ability_Special_Desc	8	resource_cost		resource	unresolved(Required checklist field has no established owning runtime property/code path)	Hypothetical formatter baseline: DMG=10; HEALING=10; AP=0; no talents or objects; gameplay level unspecified; resource/form/hold/switch conditions preserved	unresolved	Formatter/configuration decoding only; engine-fed operands and runtime branches preserved. Required checklist field has no established owning runtime property/code path Blocked: Required checklist field has no established owning runtime property/code path	EntitySettings/Heroes/Hero_Melusine!Hero_Melusine.entity.ot.EntitySettingsResource.gen	resource_cost						
Defense	Base	Dive	Hero_Melusine_Common.LangEN.tsv	Ability_Defense_Desc	10	active_duration		seconds	unresolved(Required checklist field has no established owning runtime property/code path)	Hypothetical formatter baseline: DMG=10; HEALING=10; AP=0; no talents or objects; gameplay level unspecified; resource/form/hold/switch conditions preserved	unresolved	Formatter/configuration decoding only; engine-fed operands and runtime branches preserved. Required checklist field has no established owning runtime property/code path Blocked: Required checklist field has no established owning runtime property/code path	EntitySettings/Heroes/Hero_Melusine!Hero_Melusine.entity.ot.EntitySettingsResource.gen	active_duration						
Defense	Base	Dive	Hero_Melusine_Common.LangEN.tsv	Ability_Defense_Desc	10	resource_cost		resource	unresolved(Required checklist field has no established owning runtime property/code path)	Hypothetical formatter baseline: DMG=10; HEALING=10; AP=0; no talents or objects; gameplay level unspecified; resource/form/hold/switch conditions preserved	unresolved	Formatter/configuration decoding only; engine-fed operands and runtime branches preserved. Required checklist field has no established owning runtime property/code path Blocked: Required checklist field has no established owning runtime property/code path	EntitySettings/Heroes/Hero_Melusine!Hero_Melusine.entity.ot.EntitySettingsResource.gen	resource_cost						
Ultimate 1	Base	Water Bomb	Hero_Melusine_Common.LangEN.tsv	Ability_Ultimate_1_Desc	12	active_duration		seconds	unresolved(Required checklist field has no established owning runtime property/code path)	Hypothetical formatter baseline: DMG=10; HEALING=10; AP=0; no talents or objects; gameplay level unspecified; resource/form/hold/switch conditions preserved	unresolved	Formatter/configuration decoding only; engine-fed operands and runtime branches preserved. Required checklist field has no established owning runtime property/code path Blocked: Required checklist field has no established owning runtime property/code path	EntitySettings/Heroes/Hero_Melusine!Hero_Melusine.entity.ot.EntitySettingsResource.gen	active_duration						
Ultimate 1	Base	Water Bomb	Hero_Melusine_Common.LangEN.tsv	Ability_Ultimate_1_Desc	12	resource_cost		resource	unresolved(Required checklist field has no established owning runtime property/code path)	Hypothetical formatter baseline: DMG=10; HEALING=10; AP=0; no talents or objects; gameplay level unspecified; resource/form/hold/switch conditions preserved	unresolved	Formatter/configuration decoding only; engine-fed operands and runtime branches preserved. Required checklist field has no established owning runtime property/code path Blocked: Required checklist field has no established owning runtime property/code path	EntitySettings/Heroes/Hero_Melusine!Hero_Melusine.entity.ot.EntitySettingsResource.gen	resource_cost						
Ultimate 2	Base	Wisp Ballet	Hero_Melusine_Common.LangEN.tsv	Ability_Ultimate_2_Desc	14	active_duration		seconds	unresolved(Required checklist field has no established owning runtime property/code path)	Hypothetical formatter baseline: DMG=10; HEALING=10; AP=0; no talents or objects; gameplay level unspecified; resource/form/hold/switch conditions preserved	unresolved	Formatter/configuration decoding only; engine-fed operands and runtime branches preserved. Required checklist field has no established owning runtime property/code path Blocked: Required checklist field has no established owning runtime property/code path	EntitySettings/Heroes/Hero_Melusine!Hero_Melusine.entity.ot.EntitySettingsResource.gen	active_duration						
Ultimate 2	Base	Wisp Ballet	Hero_Melusine_Common.LangEN.tsv	Ability_Ultimate_2_Desc	14	resource_cost		resource	unresolved(Required checklist field has no established owning runtime property/code path)	Hypothetical formatter baseline: DMG=10; HEALING=10; AP=0; no talents or objects; gameplay level unspecified; resource/form/hold/switch conditions preserved	unresolved	Formatter/configuration decoding only; engine-fed operands and runtime branches preserved. Required checklist field has no established owning runtime property/code path Blocked: Required checklist field has no established owning runtime property/code path	EntitySettings/Heroes/Hero_Melusine!Hero_Melusine.entity.ot.EntitySettingsResource.gen	resource_cost						
Ultimate 2	Base	Wisp Ballet	Hero_Melusine_Common.LangEN.tsv	Ability_Ultimate_2_Desc	14	damage_per_wisp_attack		damage	unresolved(Explicit checklist field: activation/timing/scaling/cost code path not established)	Hypothetical formatter baseline: DMG=10; HEALING=10; AP=0; no talents or objects; gameplay level unspecified; resource/form/hold/switch conditions preserved	unresolved	Formatter/configuration decoding only; engine-fed operands and runtime branches preserved. Explicit checklist field: activation/timing/scaling/cost code path not established Blocked: Explicit checklist field: activation/timing/scaling/cost code path not established	EntitySettings/Heroes/Hero_Melusine!Hero_Melusine.entity.ot.EntitySettingsResource.gen	Ultimate Power 2 Controller	Hero_Melusine -> Ultimate Power 2 Controller -> Cooldown					
Ultimate 2	Base	Wisp Ballet	Hero_Melusine_Common.LangEN.tsv	Ability_Ultimate_2_Desc	14	wisp_attack_frequency		per_second	unresolved(Explicit checklist field: activation/timing/scaling/cost code path not established)	Hypothetical formatter baseline: DMG=10; HEALING=10; AP=0; no talents or objects; gameplay level unspecified; resource/form/hold/switch conditions preserved	unresolved	Formatter/configuration decoding only; engine-fed operands and runtime branches preserved. Explicit checklist field: activation/timing/scaling/cost code path not established Blocked: Explicit checklist field: activation/timing/scaling/cost code path not established	EntitySettings/Heroes/Hero_Melusine!Hero_Melusine.entity.ot.EntitySettingsResource.gen	Ultimate Power 2 Controller	Hero_Melusine -> Ultimate Power 2 Controller -> Cooldown					
Ultimate 2	Base	Wisp Ballet	Hero_Melusine_Common.LangEN.tsv	Ability_Ultimate_2_Desc	14	final_cast_damage_per_wisp		damage	unresolved(Explicit checklist field: activation/timing/scaling/cost code path not established)	Hypothetical formatter baseline: DMG=10; HEALING=10; AP=0; no talents or objects; gameplay level unspecified; resource/form/hold/switch conditions preserved	unresolved	Formatter/configuration decoding only; engine-fed operands and runtime branches preserved. Explicit checklist field: activation/timing/scaling/cost code path not established Blocked: Explicit checklist field: activation/timing/scaling/cost code path not established	EntitySettings/Heroes/Hero_Melusine!Hero_Melusine.entity.ot.EntitySettingsResource.gen	Ultimate Power 2 Controller	Hero_Melusine -> Ultimate Power 2 Controller -> Cooldown					
Ultimate 1	Base	Water Bomb	Hero_Melusine_Common.LangEN.tsv	Ability_Ultimate_1_Desc	12	automatic_explosion_delay	2	seconds	2.0	Hypothetical formatter baseline: DMG=10; HEALING=10; AP=0; no talents or objects; gameplay level unspecified; resource/form/hold/switch conditions preserved	decoded	Formatter/configuration decoding only; engine-fed operands and runtime branches preserved. Exact named configuration setting; its activation/caller is retained separately in evidence and is not inferred solely from its name	EntitySettings\Heroes\Hero_Melusine!Hero_Melusine.entity.ot.EntitySettingsResource.gen	Ultimate 1 Ability Max Loop Duration	EntitySettings\Heroes\Hero_Melusine!Hero_Melusine.entity.ot.EntitySettingsResource.gen@0x7b99f					
Dash	Base	Dash	Common.LangEN.tsv	Ability_Dash_Desc	21	active_duration	0.25	seconds	Dash Ability Active Duration Selector{True => 0.25}	Hypothetical formatter baseline: DMG=10; HEALING=10; AP=0; no talents or objects; gameplay level unspecified; resource/form/hold/switch conditions preserved	decoded-baseline	Formatter/configuration decoding only; engine-fed operands and runtime branches preserved. Shared timer plus hero GUID overrides; intangible state transition outside timer not assumed	EntitySettings\Heroes\Hero_Common!Hero_Common.entity.ot.EntitySettingsResource.gen	Dash Ability Active Timer duration	EntitySettings\Heroes\Hero_Common!Hero_Common.entity.ot.EntitySettingsResource.gen@0xff98 -> EntitySettings\Heroes\Hero_Common!Hero_Common.entity.ot.EntitySettingsResource.gen@0xcaf8b -> EntitySettings\Heroes\Hero_Common!Hero_Common.entity.ot.EntitySettingsResource.gen@0xda4aa					
