# source_table	Hero_SunWukong_Memoirs~GAM.xls
# rows	15
# note	English sidecar, positionally paired with key table. Game markup left verbatim.
index	key	text_en
0	SunWukong_Memoir_Title	The Epic Tragic Tale of Immortal Demise
1	SunWukong_Memoir1_Title	Heaven's Equal
2	SunWukong_Memoir1_Desc	Who better to tell the story of the fall of Sun Wukong than Sun Wukong himself? I am named Heaven's Equal by immortal demons and eternal queens alike. I mastered the 72 powers of transformation. I escaped the mythical mountain after five hundred years in chains. I know the names of every monkey ever born. I am the Monkey King, the greatest warrior to ever walk the worlds of Reverie.\n\nMy brush weaves words as gracefully as my staff wreaks havoc. I am the equal of all poets. This is my tale to tell. This is the magnificent story of the tainting of my crown by jealous, fiendish rivals which led to my great demise, doomed to walk among mortals and their shattered dreams. \n\nIt is said that every great warrior needs a great foe, just as a good carpenter needs good wood. I shall defeat these Nightmares who have kept their names a secret. Just as a clap cannot produce sound with a single hand, neither can a god be slain before the deaths of his rivals.
3	SunWukong_Memoir2_Title	A Thousand Dancing Shades
4	SunWukong_Memoir2_Desc	The dead go, the living stay. So was it written on my palace walls, where I ruled with mirth and marvel. To live is to dance in celebration of all the treasures the heavens have bestowed upon us. In my palace, music filled the air like petals grace the wind, announcing the coming of cherries and plums. The only law I set to enforce was that of constant celebration.\n\nSorcerers received open invitations, so long as they could dance or sing or amuse us with some trick worthy of my palace. In my zealous generosity, I had forgotten a teaching of my master: "You cannot live near cinnabar without becoming red, nor ink without becoming black." Would I have remembered this, I would not have opened my doors to a sorceress dressed in black and her thousand shadow dancers.\n\nThe promise of seeing a thousand shadows dance seemed worthy of my halls, which were so brightly lit that all normal shadows had been chased away by the exuberant lights. The only payment the sorceress asked for was the right to kiss my crown. And so out they poured from her chest to greet my guests. So much blackness from a box was thrilling, until the shades ripped through my entourage, and put an end to our festivities.
5	SunWukong_Memoir3_Title	The Curse of Heaven's Equal
6	SunWukong_Memoir3_Desc	As morning light dispersed the darkness from my tarnished halls, and lust of battle fled my veins, I was taken with a pain I had never before felt. My immortal blood dripped from several wounds I had taken in the fight that would not heal. My foes had fled, their dark deed done. My guests were dead or gone.\n\nThis mysterious sorceress had cast a curse upon my crown, and now I was mere mortal, vulnerable to death. Sun Wukong could not die here. I must make my story right. What the mouth speaks means nothing; only deeds can be judged.\n\nI wandered Reverie in search of the dark sorceress and her thousand shadow dancers. I met a piper who knew not of the sorceress – but said my description of the shadow dancers reminded him of what he called Nightmares. He proposed that I join the Ravenswatch and fight amongst their wardens, who had vowed to rid the world of these demons. \n\nI laughed at the man and went on my way. I am Sun Wukong, Heaven's Equal. I do not fight alongside mortals; they would only slow me down. How could mortals be worthy of mention in my spectacular tale?
7	SunWukong_Memoir4_Title	Heaven's Equal Knows No Equal
8	SunWukong_Memoir4_Desc	Days went by, and I could find no trace of the sorceress who had cursed my crown. I came to feel that the shadow dancers feared me and so refused to fight. I then remembered a teaching of my master. "Sit by the river long enough, and the bodies of your enemies will come floating in the current."\n\nAfter seven eternal minutes of waiting that nearly drove me mad, a beautiful woman came by, her hand spitting ice, freezing the stream so she could cross. I quickly went to her and asked if she were a goddess. She replied in haste: "I am a queen. I have not time for conversation; I am chasing a Nightmare."\n\nI jumped to follow her, despite her forebodings, and for a moment I thought she might turn me to ice. "I am Sun Wukong, Heaven's Equal and the King of all Monkeys. I am on a quest to defeat the thousand shadow dancers of an evil dark sorceress. She has cursed me and made me mortal." The queen stared at me with a glare that could have frozen an ocean before saying words that put a fire into my heart: "You can join me, so long as you can keep up." 
9	SunWukong_Memoir5_Title	A God's Shame Shines Brighter
10	SunWukong_Memoir5_Desc	I had been made mortal by a treacherous sorceress, but my prowess in battle is the broth of legend's soup. I am cast of the iron reserved for statues at the heavens' gates. Monsters I destroyed. Nightmares I chased. Witchly plans I foiled. Yet still the wardens showed me little respect and would not make me their king.\n\nTethered by my mortal coil, it proved difficult to outfight my unequals in battle against the monsters. I could pounce like a tiger but no longer jump from mountain top to mountain top. I could run faster than a breeze but no longer outrun the winds. Still, I made certain to be the first warrior to charge our foes in battle, even when the other wardens called for a stupider strategic approach. The fruit does not wait to fall according to the will of the tree, but rushes to the ground with determination, regardless of the bruises it knows it will suffer.\n\nI lunged, tail flying, facing three Nightmares with nothing but my staff. For the first time in my glorious existence, I tasted the sour milk of defeat. Wounded, I fell, with eyes wide open. I could see nothing but stars. I thought I would now visit the halls of death, but it was not my time. My mortal life was saved by Nyss, the Snow Queen, the Sorceress of Ice, and now the Salvation of Heaven's Equal. I would not be alive to write my glorious tale of doom and demise had it not been for that mortal's intervention. My shame was godly, the redness on my face brighter than the sun.
11	SunWukong_Memoir6_Title	A Mortal's Fight Is Greater
12	SunWukong_Memoir6_Desc	The next day, my tail had lost its bounce, and my head weighed heavy on my shoulders. The skies cried drops of heavy tears, for when a god knows shame, the heavens weep. It was then that I heard the screams of villagers and, without thinking, ran to defend them. I laid low a dozen monsters and a Nightmare that day – and caught a glimpse of the sorceress who had kissed my crown. My foe was Baba Yaga. My vengeance had a name!\n\nAfter that battle, much to my surprise, the wardens of the Watch began to treat me with measured dignity. The piper boy played a song for me. The old warrior chanted a poem. Nyss, the mortal sorceress, took my godly paw and shook it proudly. She told me that I was a fool, but a brave one, that had saved a dozen souls of Reverie that day. "This time," she added, "you knew you could die."\n\nLike a riddle from my master, Nyss's words gave me pause. Are these humans in their mortal bodies braver than we gods? They fight always knowing that each moment might be their last. Their lives a tiny pebble thrown into a giant ocean, their tiny ripples fighting tide and waves to change the fate of Reverie. I remembered then my master saying something about a butterfly causing a cyclone... or might it have been the sneeze of a dog?
13	SunWukong_Memoir7_Title	A Witch's Putrid Kiss Unkissed
14	SunWukong_Memoir7_Desc	I found Baba Yaga and had her life at my mercy. I ordered her to remove the curse upon my crown, to take back her putrid kiss. She laughed at me and told me she was proud. I, the Monkey King, Heaven's Equal, had defeated her in the body of a mortal. What greater fate was there than that? She would gladly now remove my curse so that I might return to my former life of deathless glory.\n\nI sensed in her words a trap. How could I return to being a god when I had become the greatest of all mortals? Ah, the clever witch. All my great feats of courage would lose their savor if I were to be freed of death and my powers returned. I refused that she undo her dreadful kiss. I would wear a tarnished crown, for under it I had made myself a champion equal to no other, equal not only to the heavens but all the hells as well.\n\nI was now the greatest hero of Reverie. A god made mortal, a warrior worthy of all titles. I, Sun Wukong, the Monkey King, Heaven's Equal, and worthy to be king of Ravenswatch. All that was left was to convince my fellow wardens.
