# source_table	Carmilla numerical values
# rows	76
# snapshot_id	2026-10-06-values
# status	Decoded values with the 2026-10-06 maintainer check merged in (see VALUES.md). Row statuses: decoded 16; decoded-baseline 13; static-text 8; unresolved 39. Checked rows: accepted without reading 29.
# baseline	Compendium level 1 figures: character damage 10, healing 10, no talents, no Magical Objects.
# source_version	Prior export attribution: Steam PC 1.05.01.01.27384, 2026/06/16, rev #773b656a63; raw file hashes recorded; installed build not independently reverified
section	form_or_condition	name	text_table	text_key	source_row_index	field	value	unit	formula	baseline	status	notes	source_path	source_property	reference_chain	check_id	checked_value	checked_value_source	maintainer_check	check_note
Dash	Base	Dash	Common.LangEN.tsv	Ability_Dash_Desc	21	cooldown	3	seconds	3.0	Hypothetical formatter baseline: DMG=10; HEALING=10; AP=0; no talents or objects; gameplay level unspecified; resource/form/hold/switch conditions preserved	decoded	Formatter/configuration decoding only; engine-fed operands and runtime branches preserved. 	EntitySettings\Heroes\Hero_Common!Hero_Common.entity.ot.EntitySettingsResource.gen	Dash Cooldown Default	EntitySettings\Heroes\Hero_Common!Hero_Common.entity.ot.EntitySettingsResource.gen@0x9ff91 -> EntitySettings\Heroes\Hero_Common!Hero_Common.entity.ot.EntitySettingsResource.gen@0xda7e4					
Dash	Base	Dash	Common.LangEN.tsv	Ability_Dash_Desc	21	charges	1	charges	1	Hypothetical formatter baseline: DMG=10; HEALING=10; AP=0; no talents or objects; gameplay level unspecified; resource/form/hold/switch conditions preserved	decoded-baseline	Formatter/configuration decoding only; engine-fed operands and runtime branches preserved. 	EntitySettings\Heroes\Hero_Common!Hero_Common.entity.ot.EntitySettingsResource.gen	Dash Ability Max Charges Counter	EntitySettings\Heroes\Hero_Common!Hero_Common.entity.ot.EntitySettingsResource.gen@0x9ff91 -> EntitySettings\Heroes\Hero_Common!Hero_Common.entity.ot.EntitySettingsResource.gen@0x9fbc					
Dash	Base	Dash	Common.LangEN.tsv	Ability_Dash_Desc	21	duration	0.25	seconds	Dash Ability Active Duration Selector{True => 0.25}	Hypothetical formatter baseline: DMG=10; HEALING=10; AP=0; no talents or objects; gameplay level unspecified; resource/form/hold/switch conditions preserved	decoded-baseline	Formatter/configuration decoding only; engine-fed operands and runtime branches preserved. Active duration timer configuration; intangible state synchronization beyond this timer is not inferred	EntitySettings\Heroes\Hero_Common!Hero_Common.entity.ot.EntitySettingsResource.gen	Dash Ability Active Duration Default	EntitySettings\Heroes\Hero_Common!Hero_Common.entity.ot.EntitySettingsResource.gen@0xff98 -> EntitySettings\Heroes\Hero_Common!Hero_Common.entity.ot.EntitySettingsResource.gen@0xcaf8b -> EntitySettings\Heroes\Hero_Common!Hero_Common.entity.ot.EntitySettingsResource.gen@0xda4aa					
Trait	Base	Dhampir	Hero_Carmilla_Common.LangEN.tsv	Ability_Trait_Desc	3	cooldown	15	seconds	15.0	Hypothetical formatter baseline: DMG=10; HEALING=10; AP=0; no talents or objects; gameplay level unspecified; resource/form/hold/switch conditions preserved	decoded	Formatter/configuration decoding only; engine-fed operands and runtime branches preserved. 	EntitySettings\Heroes\Hero_Carmilla!Hero_Carmilla.entity.ot.EntitySettingsResource.gen	Trait Ability Controller	EntitySettings\Heroes\Hero_Carmilla!Hero_Carmilla.entity.ot.EntitySettingsResource.gen@0x5ab1e	rf773f62f	15	decoded	accepted without reading	
Trait	Base	Dhampir	Hero_Carmilla_Common.LangEN.tsv	Ability_Trait_Desc	3	blood_drain_per_second	10	blood_per_second	(2 / 0.20000000298023224)	Hypothetical formatter baseline: DMG=10; HEALING=10; AP=0; no talents or objects; gameplay level unspecified; resource/form/hold/switch conditions preserved	decoded	Formatter/configuration decoding only; engine-fed operands and runtime branches preserved. 	EntitySettings\Heroes\Hero_Carmilla!Hero_Carmilla.entity.ot.EntitySettingsResource.gen	formatter argument; kind=1041864961; format=0	EntitySettings\Heroes\Hero_Carmilla!Hero_Carmilla.entity.ot.EntitySettingsResource.gen@0x62118 -> EntitySettings\Heroes\Hero_Carmilla!Hero_Carmilla.entity.ot.EntitySettingsResource.gen@0x44ed4 -> EntitySettings\Heroes\Hero_Carmilla!Hero_Carmilla.entity.ot.EntitySettingsResource.gen@0x9a93f -> EntitySettings\Heroes\Hero_Carmilla!Hero_Carmilla.entity.ot.EntitySettingsResource.gen@0x9f2b6	r40c300f4	10	decoded	accepted without reading	
Trait	Base	Dhampir	Hero_Carmilla_Common.LangEN.tsv	Ability_Trait_Desc	3	movement_speed_bonus		percent	formatter(kind=1060061184, format=1, raw=0.30000001192092896)	Hypothetical formatter baseline: DMG=10; HEALING=10; AP=0; no talents or objects; gameplay level unspecified; resource/form/hold/switch conditions preserved	unresolved	Formatter/configuration decoding only; engine-fed operands and runtime branches preserved.  Blocked: Unrecognized formatter argument kind 1060061184; display conversion is not guessed	EntitySettings\Heroes\Hero_Carmilla!Hero_Carmilla.entity.ot.EntitySettingsResource.gen	formatter argument; kind=1060061184; format=1	EntitySettings\Heroes\Hero_Carmilla!Hero_Carmilla.entity.ot.EntitySettingsResource.gen@0x62118 -> EntitySettings\Heroes\Hero_Carmilla!Hero_Carmilla.entity.ot.EntitySettingsResource.gen@0x9f531	rc00baafa	30	fill pass (decoded-baseline)	accepted without reading	
Trait	Base	Dhampir	Hero_Carmilla_Common.LangEN.tsv	Ability_Trait_Desc	3	daytime_heal_interval	1	seconds	1.0	Hypothetical formatter baseline: DMG=10; HEALING=10; AP=0; no talents or objects; gameplay level unspecified; resource/form/hold/switch conditions preserved	decoded	Formatter/configuration decoding only; engine-fed operands and runtime branches preserved. 	EntitySettings\Heroes\Hero_Carmilla!Hero_Carmilla.entity.ot.EntitySettingsResource.gen	formatter argument; kind=1041864960; format=2	EntitySettings\Heroes\Hero_Carmilla!Hero_Carmilla.entity.ot.EntitySettingsResource.gen@0x62118 -> EntitySettings\Heroes\Hero_Carmilla!Hero_Carmilla.entity.ot.EntitySettingsResource.gen@0x9f356	r7aaa6dfd	1	decoded	accepted without reading	
Trait	Base	Dhampir	Hero_Carmilla_Common.LangEN.tsv	Ability_Trait_Desc	3	daytime_heal_amount	2	health	(Level Healing Selector{[State] Character_Common\Bhv Preview\Behaviour Preview => HEALING; True => DMG} * 0.20000000298023224)	Hypothetical formatter baseline: DMG=10; HEALING=10; AP=0; no talents or objects; gameplay level unspecified; resource/form/hold/switch conditions preserved	decoded-baseline	Formatter/configuration decoding only; engine-fed operands and runtime branches preserved. 	EntitySettings\Heroes\Hero_Carmilla!Hero_Carmilla.entity.ot.EntitySettingsResource.gen; EntitySettings\Character_Common\Character_Common.entity.ot.EntitySettingsResource.gen	formatter argument; kind=1023148032; format=2	EntitySettings\Heroes\Hero_Carmilla!Hero_Carmilla.entity.ot.EntitySettingsResource.gen@0x62118 -> EntitySettings\Heroes\Hero_Carmilla!Hero_Carmilla.entity.ot.EntitySettingsResource.gen@0x45085 -> EntitySettings\Character_Common\Character_Common.entity.ot.EntitySettingsResource.gen@0x571a5 -> EntitySettings\Character_Common\Character_Common.entity.ot.EntitySettingsResource.gen@0x123dd -> EntitySettings\Character_Common\Character_Common.entity.ot.EntitySettingsResource.gen@0x32ecd -> EntitySettings\Character_Common\Character_Common.entity.ot.EntitySettingsResource.gen@0x5e0b5 -> EntitySettings\Heroes\Hero_Carmilla!Hero_Carmilla.entity.ot.EntitySettingsResource.gen@0x9f493	r245d311b	2	decoded-baseline	accepted without reading	
Trait	Base	Dhampir	Hero_Carmilla_Common.LangEN.tsv	Ability_Trait_Desc	3	nighttime_crit_chance_bonus	30	percent	100 * (0.30000001192092896)	Hypothetical formatter baseline: DMG=10; HEALING=10; AP=0; no talents or objects; gameplay level unspecified; resource/form/hold/switch conditions preserved	decoded	Formatter/configuration decoding only; engine-fed operands and runtime branches preserved. 	EntitySettings\Heroes\Hero_Carmilla!Hero_Carmilla.entity.ot.EntitySettingsResource.gen	formatter argument; kind=0; format=1	EntitySettings\Heroes\Hero_Carmilla!Hero_Carmilla.entity.ot.EntitySettingsResource.gen@0x62118 -> EntitySettings\Heroes\Hero_Carmilla!Hero_Carmilla.entity.ot.EntitySettingsResource.gen@0x9f679	ra4ddd9dc	30	decoded	accepted without reading	
Attack	Base	Tearing	Hero_Carmilla_Common.LangEN.tsv	Ability_Attack_Desc	5	combo_hit_count	5	hits	5	Hypothetical formatter baseline: DMG=10; HEALING=10; AP=0; no talents or objects; gameplay level unspecified; resource/form/hold/switch conditions preserved	decoded	Formatter/configuration decoding only; engine-fed operands and runtime branches preserved. 	EntitySettings\Heroes\Hero_Carmilla!Hero_Carmilla.entity.ot.EntitySettingsResource.gen	formatter argument; kind=1031012353; format=0	EntitySettings\Heroes\Hero_Carmilla!Hero_Carmilla.entity.ot.EntitySettingsResource.gen@0x5cfe6	r6ff4c593	5	decoded	accepted without reading	
Attack	Base	Tearing	Hero_Carmilla_Common.LangEN.tsv	Ability_Attack_Desc	5	final_hit_bonus		percent	formatter(kind=1041864960, format=1, raw=3.0)	Hypothetical formatter baseline: DMG=10; HEALING=10; AP=0; no talents or objects; gameplay level unspecified; resource/form/hold/switch conditions preserved	unresolved	Formatter/configuration decoding only; engine-fed operands and runtime branches preserved.  Blocked: Unrecognized formatter argument kind 1041864960; display conversion is not guessed	EntitySettings\Heroes\Hero_Carmilla!Hero_Carmilla.entity.ot.EntitySettingsResource.gen	formatter argument; kind=1041864960; format=1	EntitySettings\Heroes\Hero_Carmilla!Hero_Carmilla.entity.ot.EntitySettingsResource.gen@0x5cfe6 -> EntitySettings\Heroes\Hero_Carmilla!Hero_Carmilla.entity.ot.EntitySettingsResource.gen@0x99f81	r82cfd2ca	300	fill pass (decoded-baseline)	accepted without reading	
Attack	Base	Tearing	Hero_Carmilla_Common.LangEN.tsv	Ability_Attack_Desc	5	full_combo_damage		damage	(Level Damage Selector{[State] Character_Common\Bhv Preview\Behaviour Preview => DMG; True => DMG} * (1.0 + AP + NO_TALENT_OBJECT_MODIFIER(Basic Attack AP Modifier Listener)) * runtime_operand[1453])	Hypothetical formatter baseline: DMG=10; HEALING=10; AP=0; no talents or objects; gameplay level unspecified; resource/form/hold/switch conditions preserved	unresolved	Formatter/configuration decoding only; engine-fed operands and runtime branches preserved.  Blocked: Runtime selector predicate [State] Character_Common\Bhv Preview\Behaviour Preview.0xfd2833c is not established by serialized flag initialization; Property access needs engine semantics; no fallback substitution (Behaviour Preview.0xfd2833c); Engine-fed operation operand binding; serialized fallback must not replace live operand (operand binding 1453)	EntitySettings\Heroes\Hero_Carmilla!Hero_Carmilla.entity.ot.EntitySettingsResource.gen; EntitySettings\Character_Common\Character_Common.entity.ot.EntitySettingsResource.gen; EntitySettings\Heroes\Hero_Common!Hero_Common.entity.ot.EntitySettingsResource.gen	formatter argument; kind=1060061185; format=0	EntitySettings\Heroes\Hero_Carmilla!Hero_Carmilla.entity.ot.EntitySettingsResource.gen@0x5cfe6 -> EntitySettings\Heroes\Hero_Carmilla!Hero_Carmilla.entity.ot.EntitySettingsResource.gen@0x3fba3 -> EntitySettings\Character_Common\Character_Common.entity.ot.EntitySettingsResource.gen@0x56f54 -> EntitySettings\Character_Common\Character_Common.entity.ot.EntitySettingsResource.gen@0x123dd -> EntitySettings\Character_Common\Character_Common.entity.ot.EntitySettingsResource.gen@0x32ecd -> EntitySettings\Character_Common\Character_Common.entity.ot.EntitySettingsResource.gen@0x5e0b5 -> EntitySettings\Heroes\Hero_Common!Hero_Common.entity.ot.EntitySettingsResource.gen@0x8cde1 -> EntitySettings\Character_Common\Character_Common.entity.ot.EntitySettingsResource.gen@0x59bde -> EntitySettings\Heroes\Hero_Common!Hero_Common.entity.ot.EntitySettingsResource.gen@0x95da8	r8fc37733	48	fill pass (decoded-baseline)	accepted without reading	
Attack	Base	Tearing	Hero_Carmilla_Common.LangEN.tsv	Ability_Attack_Desc	5	blood_earned		blood	(runtime_operand[1457] + 4)	Hypothetical formatter baseline: DMG=10; HEALING=10; AP=0; no talents or objects; gameplay level unspecified; resource/form/hold/switch conditions preserved	unresolved	Formatter/configuration decoding only; engine-fed operands and runtime branches preserved.  Blocked: Engine-fed operation operand binding; serialized fallback must not replace live operand (operand binding 1457)	EntitySettings\Heroes\Hero_Carmilla!Hero_Carmilla.entity.ot.EntitySettingsResource.gen	formatter argument; kind=1041864961; format=0	EntitySettings\Heroes\Hero_Carmilla!Hero_Carmilla.entity.ot.EntitySettingsResource.gen@0x5cfe6 -> EntitySettings\Heroes\Hero_Carmilla!Hero_Carmilla.entity.ot.EntitySettingsResource.gen@0x3fa47 -> EntitySettings\Heroes\Hero_Carmilla!Hero_Carmilla.entity.ot.EntitySettingsResource.gen@0x9a46a	r5c3029a5	12	fill pass (decoded-baseline)	accepted without reading	
Power	Base	Blood Orb	Hero_Carmilla_Common.LangEN.tsv	Ability_Power_Desc	7	cooldown	8	seconds	8.0	Hypothetical formatter baseline: DMG=10; HEALING=10; AP=0; no talents or objects; gameplay level unspecified; resource/form/hold/switch conditions preserved	decoded	Formatter/configuration decoding only; engine-fed operands and runtime branches preserved. 	EntitySettings\Heroes\Hero_Carmilla!Hero_Carmilla.entity.ot.EntitySettingsResource.gen	Primary Ability Controller	EntitySettings\Heroes\Hero_Carmilla!Hero_Carmilla.entity.ot.EntitySettingsResource.gen@0x59c0f	r84d40f78	8	decoded	accepted without reading	
Power	Base	Blood Orb	Hero_Carmilla_Common.LangEN.tsv	Ability_Power_Desc	7	charges	1	charges	Primary Charge To Damage Charge Selector{[Modifier Listener] Hero_Common\MO Charge To Damage\Primary Charge To Damage Modifier Listener => 1; True => 1}	Hypothetical formatter baseline: DMG=10; HEALING=10; AP=0; no talents or objects; gameplay level unspecified; resource/form/hold/switch conditions preserved	decoded-baseline	Formatter/configuration decoding only; engine-fed operands and runtime branches preserved. 	EntitySettings\Heroes\Hero_Carmilla!Hero_Carmilla.entity.ot.EntitySettingsResource.gen; EntitySettings\Heroes\Hero_Common!Hero_Common.entity.ot.EntitySettingsResource.gen	Primary Ability Controller	EntitySettings\Heroes\Hero_Carmilla!Hero_Carmilla.entity.ot.EntitySettingsResource.gen@0x59c0f -> EntitySettings\Heroes\Hero_Common!Hero_Common.entity.ot.EntitySettingsResource.gen@0xd15a8 -> EntitySettings\Heroes\Hero_Common!Hero_Common.entity.ot.EntitySettingsResource.gen@0x98202 -> EntitySettings\Heroes\Hero_Common!Hero_Common.entity.ot.EntitySettingsResource.gen@0xa8a9					
Power	Base	Blood Orb	Hero_Carmilla_Common.LangEN.tsv	Ability_Power_Desc	7	held_damage_per_second		damage_per_second	(Level Damage Selector{[State] Character_Common\Bhv Preview\Behaviour Preview => DMG; True => DMG} * (1.0 + AP + NO_TALENT_OBJECT_MODIFIER(Primary Ability AP Modifier Listener)) * runtime_operand[1444])	Hypothetical formatter baseline: DMG=10; HEALING=10; AP=0; no talents or objects; gameplay level unspecified; resource/form/hold/switch conditions preserved	unresolved	Formatter/configuration decoding only; engine-fed operands and runtime branches preserved.  Blocked: Runtime selector predicate [State] Character_Common\Bhv Preview\Behaviour Preview.0xfd2833c is not established by serialized flag initialization; Property access needs engine semantics; no fallback substitution (Behaviour Preview.0xfd2833c); Engine-fed operation operand binding; serialized fallback must not replace live operand (operand binding 1444)	EntitySettings\Heroes\Hero_Carmilla!Hero_Carmilla.entity.ot.EntitySettingsResource.gen; EntitySettings\Character_Common\Character_Common.entity.ot.EntitySettingsResource.gen; EntitySettings\Heroes\Hero_Common!Hero_Common.entity.ot.EntitySettingsResource.gen	formatter argument; kind=1061847040; format=2	EntitySettings\Heroes\Hero_Carmilla!Hero_Carmilla.entity.ot.EntitySettingsResource.gen@0x5d604 -> EntitySettings\Heroes\Hero_Carmilla!Hero_Carmilla.entity.ot.EntitySettingsResource.gen@0x41704 -> EntitySettings\Character_Common\Character_Common.entity.ot.EntitySettingsResource.gen@0x56f54 -> EntitySettings\Character_Common\Character_Common.entity.ot.EntitySettingsResource.gen@0x123dd -> EntitySettings\Character_Common\Character_Common.entity.ot.EntitySettingsResource.gen@0x32ecd -> EntitySettings\Character_Common\Character_Common.entity.ot.EntitySettingsResource.gen@0x5e0b5 -> EntitySettings\Heroes\Hero_Common!Hero_Common.entity.ot.EntitySettingsResource.gen@0x8efa9 -> EntitySettings\Character_Common\Character_Common.entity.ot.EntitySettingsResource.gen@0x59bde -> EntitySettings\Heroes\Hero_Common!Hero_Common.entity.ot.EntitySettingsResource.gen@0x9807d	r391dadd9	80	fill pass (decoded-baseline)	accepted without reading	
Power	Base	Blood Orb	Hero_Carmilla_Common.LangEN.tsv	Ability_Power_Desc	7	explosion_damage	40	damage	(Level Damage Selector{[State] Character_Common\Bhv Preview\Behaviour Preview => DMG; True => DMG} * (1.0 + AP + NO_TALENT_OBJECT_MODIFIER(Primary Ability AP Modifier Listener)) * (2.0 * 1.0) * 2.0)	Hypothetical formatter baseline: DMG=10; HEALING=10; AP=0; no talents or objects; gameplay level unspecified; resource/form/hold/switch conditions preserved	decoded-baseline	Formatter/configuration decoding only; engine-fed operands and runtime branches preserved. 	EntitySettings\Heroes\Hero_Carmilla!Hero_Carmilla.entity.ot.EntitySettingsResource.gen; EntitySettings\Character_Common\Character_Common.entity.ot.EntitySettingsResource.gen; EntitySettings\Heroes\Hero_Common!Hero_Common.entity.ot.EntitySettingsResource.gen	formatter argument; kind=1041864960; format=2	EntitySettings\Heroes\Hero_Carmilla!Hero_Carmilla.entity.ot.EntitySettingsResource.gen@0x5d604 -> EntitySettings\Heroes\Hero_Carmilla!Hero_Carmilla.entity.ot.EntitySettingsResource.gen@0x41d36 -> EntitySettings\Character_Common\Character_Common.entity.ot.EntitySettingsResource.gen@0x56f54 -> EntitySettings\Character_Common\Character_Common.entity.ot.EntitySettingsResource.gen@0x123dd -> EntitySettings\Character_Common\Character_Common.entity.ot.EntitySettingsResource.gen@0x32ecd -> EntitySettings\Character_Common\Character_Common.entity.ot.EntitySettingsResource.gen@0x5e0b5 -> EntitySettings\Heroes\Hero_Common!Hero_Common.entity.ot.EntitySettingsResource.gen@0x8efa9 -> EntitySettings\Character_Common\Character_Common.entity.ot.EntitySettingsResource.gen@0x59bde -> EntitySettings\Heroes\Hero_Common!Hero_Common.entity.ot.EntitySettingsResource.gen@0x9807d -> EntitySettings\Heroes\Hero_Carmilla!Hero_Carmilla.entity.ot.EntitySettingsResource.gen@0x41a64 -> EntitySettings\Heroes\Hero_Carmilla!Hero_Carmilla.entity.ot.EntitySettingsResource.gen@0x9bc76 -> EntitySettings\Heroes\Hero_Carmilla!Hero_Carmilla.entity.ot.EntitySettingsResource.gen@0x9befb	rb66da02c	40	decoded-baseline	accepted without reading	
Special	Base	Death Kiss	Hero_Carmilla_Common.LangEN.tsv	Ability_Special_Desc	9	cooldown	6	seconds	6.0	Hypothetical formatter baseline: DMG=10; HEALING=10; AP=0; no talents or objects; gameplay level unspecified; resource/form/hold/switch conditions preserved	decoded	Formatter/configuration decoding only; engine-fed operands and runtime branches preserved. 	EntitySettings\Heroes\Hero_Carmilla!Hero_Carmilla.entity.ot.EntitySettingsResource.gen	Secondary Ability Controller	EntitySettings\Heroes\Hero_Carmilla!Hero_Carmilla.entity.ot.EntitySettingsResource.gen@0x5a410	re9c2855e	6	decoded	accepted without reading	
Special	Base	Death Kiss	Hero_Carmilla_Common.LangEN.tsv	Ability_Special_Desc	9	charges	1	charges	Secondary Charge To Damage Charge Selector{[Modifier Listener] Hero_Common\MO Charge To Damage\Secondary Charge To Damage Modifier Listener => 1; True => 1}	Hypothetical formatter baseline: DMG=10; HEALING=10; AP=0; no talents or objects; gameplay level unspecified; resource/form/hold/switch conditions preserved	decoded-baseline	Formatter/configuration decoding only; engine-fed operands and runtime branches preserved. 	EntitySettings\Heroes\Hero_Carmilla!Hero_Carmilla.entity.ot.EntitySettingsResource.gen; EntitySettings\Heroes\Hero_Common!Hero_Common.entity.ot.EntitySettingsResource.gen	Secondary Ability Controller	EntitySettings\Heroes\Hero_Carmilla!Hero_Carmilla.entity.ot.EntitySettingsResource.gen@0x5a410 -> EntitySettings\Heroes\Hero_Common!Hero_Common.entity.ot.EntitySettingsResource.gen@0xd245f -> EntitySettings\Heroes\Hero_Common!Hero_Common.entity.ot.EntitySettingsResource.gen@0x9892e -> EntitySettings\Heroes\Hero_Common!Hero_Common.entity.ot.EntitySettingsResource.gen@0xae68					
Special	Base	Death Kiss	Hero_Carmilla_Common.LangEN.tsv	Ability_Special_Desc	9	bite_damage	100	damage	(Level Damage Selector{[State] Character_Common\Bhv Preview\Behaviour Preview => DMG; True => DMG} * (1.0 + AP + NO_TALENT_OBJECT_MODIFIER(Secondary Ability AP Modifier Listener)) * 10.0)	Hypothetical formatter baseline: DMG=10; HEALING=10; AP=0; no talents or objects; gameplay level unspecified; resource/form/hold/switch conditions preserved	decoded-baseline	Formatter/configuration decoding only; engine-fed operands and runtime branches preserved. 	EntitySettings\Heroes\Hero_Carmilla!Hero_Carmilla.entity.ot.EntitySettingsResource.gen; EntitySettings\Character_Common\Character_Common.entity.ot.EntitySettingsResource.gen; EntitySettings\Heroes\Hero_Common!Hero_Common.entity.ot.EntitySettingsResource.gen	formatter argument; kind=1041864961; format=0	EntitySettings\Heroes\Hero_Carmilla!Hero_Carmilla.entity.ot.EntitySettingsResource.gen@0x5d8f4 -> EntitySettings\Heroes\Hero_Carmilla!Hero_Carmilla.entity.ot.EntitySettingsResource.gen@0x428cd -> EntitySettings\Character_Common\Character_Common.entity.ot.EntitySettingsResource.gen@0x56f54 -> EntitySettings\Character_Common\Character_Common.entity.ot.EntitySettingsResource.gen@0x123dd -> EntitySettings\Character_Common\Character_Common.entity.ot.EntitySettingsResource.gen@0x32ecd -> EntitySettings\Character_Common\Character_Common.entity.ot.EntitySettingsResource.gen@0x5e0b5 -> EntitySettings\Heroes\Hero_Common!Hero_Common.entity.ot.EntitySettingsResource.gen@0x8f5e5 -> EntitySettings\Character_Common\Character_Common.entity.ot.EntitySettingsResource.gen@0x59bde -> EntitySettings\Heroes\Hero_Common!Hero_Common.entity.ot.EntitySettingsResource.gen@0x987a7 -> EntitySettings\Heroes\Hero_Carmilla!Hero_Carmilla.entity.ot.EntitySettingsResource.gen@0x9c58a	r686da400	100	decoded-baseline	accepted without reading	
Special	Base	Death Kiss	Hero_Carmilla_Common.LangEN.tsv	Ability_Special_Desc	9	blood_earned	30	blood	30	Hypothetical formatter baseline: DMG=10; HEALING=10; AP=0; no talents or objects; gameplay level unspecified; resource/form/hold/switch conditions preserved	decoded	Formatter/configuration decoding only; engine-fed operands and runtime branches preserved. 	EntitySettings\Heroes\Hero_Carmilla!Hero_Carmilla.entity.ot.EntitySettingsResource.gen	formatter argument; kind=1034027009; format=0	EntitySettings\Heroes\Hero_Carmilla!Hero_Carmilla.entity.ot.EntitySettingsResource.gen@0x5d8f4 -> EntitySettings\Heroes\Hero_Carmilla!Hero_Carmilla.entity.ot.EntitySettingsResource.gen@0x9a63a	ra7d86237	30	decoded	accepted without reading	
Defense	Base	Bat Swarm	Hero_Carmilla_Common.LangEN.tsv	Ability_Defense_Desc	11	cooldown	8	seconds	8.0	Hypothetical formatter baseline: DMG=10; HEALING=10; AP=0; no talents or objects; gameplay level unspecified; resource/form/hold/switch conditions preserved	decoded	Formatter/configuration decoding only; engine-fed operands and runtime branches preserved. 	EntitySettings\Heroes\Hero_Carmilla!Hero_Carmilla.entity.ot.EntitySettingsResource.gen	Defensive Ability Controller	EntitySettings\Heroes\Hero_Carmilla!Hero_Carmilla.entity.ot.EntitySettingsResource.gen@0x59510	r529572d8	8	decoded	accepted without reading	
Defense	Base	Bat Swarm	Hero_Carmilla_Common.LangEN.tsv	Ability_Defense_Desc	11	charges	1	charges	1	Hypothetical formatter baseline: DMG=10; HEALING=10; AP=0; no talents or objects; gameplay level unspecified; resource/form/hold/switch conditions preserved	decoded-baseline	Formatter/configuration decoding only; engine-fed operands and runtime branches preserved. 	EntitySettings\Heroes\Hero_Carmilla!Hero_Carmilla.entity.ot.EntitySettingsResource.gen; EntitySettings\Heroes\Hero_Common!Hero_Common.entity.ot.EntitySettingsResource.gen	Defensive Ability Controller	EntitySettings\Heroes\Hero_Carmilla!Hero_Carmilla.entity.ot.EntitySettingsResource.gen@0x59510 -> EntitySettings\Heroes\Hero_Common!Hero_Common.entity.ot.EntitySettingsResource.gen@0xa1cd					
Defense	Base	Bat Swarm	Hero_Carmilla_Common.LangEN.tsv	Ability_Defense_Desc	11	bleed_damage		damage	(Level Damage Selector{[State] Character_Common\Bhv Preview\Behaviour Preview => DMG; True => DMG} * (1.0 + AP + NO_TALENT_OBJECT_MODIFIER(Defensive Ability AP Modifier Listener)) * runtime_operand[1445])	Hypothetical formatter baseline: DMG=10; HEALING=10; AP=0; no talents or objects; gameplay level unspecified; resource/form/hold/switch conditions preserved	unresolved	Formatter/configuration decoding only; engine-fed operands and runtime branches preserved.  Blocked: Runtime selector predicate [State] Character_Common\Bhv Preview\Behaviour Preview.0xfd2833c is not established by serialized flag initialization; Property access needs engine semantics; no fallback substitution (Behaviour Preview.0xfd2833c); Engine-fed operation operand binding; serialized fallback must not replace live operand (operand binding 1445)	EntitySettings\Heroes\Hero_Carmilla!Hero_Carmilla.entity.ot.EntitySettingsResource.gen; EntitySettings\Character_Common\Character_Common.entity.ot.EntitySettingsResource.gen; EntitySettings\Heroes\Hero_Common!Hero_Common.entity.ot.EntitySettingsResource.gen	formatter argument; kind=1056964609; format=0	EntitySettings\Heroes\Hero_Carmilla!Hero_Carmilla.entity.ot.EntitySettingsResource.gen@0x5d336 -> EntitySettings\Heroes\Hero_Carmilla!Hero_Carmilla.entity.ot.EntitySettingsResource.gen@0x41237 -> EntitySettings\Character_Common\Character_Common.entity.ot.EntitySettingsResource.gen@0x56f54 -> EntitySettings\Character_Common\Character_Common.entity.ot.EntitySettingsResource.gen@0x123dd -> EntitySettings\Character_Common\Character_Common.entity.ot.EntitySettingsResource.gen@0x32ecd -> EntitySettings\Character_Common\Character_Common.entity.ot.EntitySettingsResource.gen@0x5e0b5 -> EntitySettings\Heroes\Hero_Common!Hero_Common.entity.ot.EntitySettingsResource.gen@0x8dc60 -> EntitySettings\Character_Common\Character_Common.entity.ot.EntitySettingsResource.gen@0x59bde -> EntitySettings\Heroes\Hero_Common!Hero_Common.entity.ot.EntitySettingsResource.gen@0x972f2 -> EntitySettings\Heroes\Hero_Carmilla!Hero_Carmilla.entity.ot.EntitySettingsResource.gen@0x9c58a	r128c7aad	30	fill pass (decoded-baseline)	accepted without reading	
Defense	Base	Bat Swarm	Hero_Carmilla_Common.LangEN.tsv	Ability_Defense_Desc	11	duration	3	seconds	3.0	Hypothetical formatter baseline: DMG=10; HEALING=10; AP=0; no talents or objects; gameplay level unspecified; resource/form/hold/switch conditions preserved	decoded	Formatter/configuration decoding only; engine-fed operands and runtime branches preserved. 	EntitySettings\Heroes\Hero_Carmilla!Hero_Carmilla.entity.ot.EntitySettingsResource.gen	formatter argument; kind=4109378304; format=2	EntitySettings\Heroes\Hero_Carmilla!Hero_Carmilla.entity.ot.EntitySettingsResource.gen@0x5d336 -> EntitySettings\Heroes\Hero_Carmilla!Hero_Carmilla.entity.ot.EntitySettingsResource.gen@0x9b005	r091dceff	3	decoded	accepted without reading	
Ultimate 1	Base	Impalement	Hero_Carmilla_Common.LangEN.tsv	Ability_Ultimate_1_Desc	13	cooldown		seconds	unresolved(Ultimate Power 1 Controller)	Hypothetical formatter baseline: DMG=10; HEALING=10; AP=0; no talents or objects; gameplay level unspecified; resource/form/hold/switch conditions preserved	unresolved	Formatter/configuration decoding only; engine-fed operands and runtime branches preserved.  Blocked: Exact ability controller not found (Ultimate Power 1 Controller.)	EntitySettings/Heroes/Hero_Carmilla!Hero_Carmilla.entity.ot.EntitySettingsResource.gen	Ultimate Power 1 Controller	Hero_Carmilla -> Ultimate Power 1 Controller -> Cooldown	re142e298	60	fill pass (decoded-baseline)	accepted without reading	
Ultimate 1	Base	Impalement	Hero_Carmilla_Common.LangEN.tsv	Ability_Ultimate_1_Desc	13	charges		charges	unresolved(Ultimate Power 1 Controller)	Hypothetical formatter baseline: DMG=10; HEALING=10; AP=0; no talents or objects; gameplay level unspecified; resource/form/hold/switch conditions preserved	unresolved	Formatter/configuration decoding only; engine-fed operands and runtime branches preserved.  Blocked: Exact ability controller not found (Ultimate Power 1 Controller.)	EntitySettings/Heroes/Hero_Carmilla!Hero_Carmilla.entity.ot.EntitySettingsResource.gen	Ultimate Power 1 Controller	Hero_Carmilla -> Ultimate Power 1 Controller -> Charges					
Ultimate 1	Base	Impalement	Hero_Carmilla_Common.LangEN.tsv	Ability_Ultimate_1_Desc	13	damage_per_second		damage_per_second	(Level Damage Selector{[State] Character_Common\Bhv Preview\Behaviour Preview => DMG; True => DMG} * runtime_operand[1426] * (1.0 + AP + NO_TALENT_OBJECT_MODIFIER(Ultimate AP Modifier Listener)))	Hypothetical formatter baseline: DMG=10; HEALING=10; AP=0; no talents or objects; gameplay level unspecified; resource/form/hold/switch conditions preserved	unresolved	Formatter/configuration decoding only; engine-fed operands and runtime branches preserved.  Blocked: Runtime selector predicate [State] Character_Common\Bhv Preview\Behaviour Preview.0xfd2833c is not established by serialized flag initialization; Property access needs engine semantics; no fallback substitution (Behaviour Preview.0xfd2833c); Engine-fed operation operand binding; serialized fallback must not replace live operand (operand binding 1426)	EntitySettings\Heroes\Hero_Carmilla!Hero_Carmilla.entity.ot.EntitySettingsResource.gen; EntitySettings\Character_Common\Character_Common.entity.ot.EntitySettingsResource.gen; EntitySettings\Heroes\Hero_Common!Hero_Common.entity.ot.EntitySettingsResource.gen	formatter argument; kind=0; format=2	EntitySettings\Heroes\Hero_Carmilla!Hero_Carmilla.entity.ot.EntitySettingsResource.gen@0x62b7b -> EntitySettings\Heroes\Hero_Carmilla!Hero_Carmilla.entity.ot.EntitySettingsResource.gen@0x45876 -> EntitySettings\Character_Common\Character_Common.entity.ot.EntitySettingsResource.gen@0x56f54 -> EntitySettings\Character_Common\Character_Common.entity.ot.EntitySettingsResource.gen@0x123dd -> EntitySettings\Character_Common\Character_Common.entity.ot.EntitySettingsResource.gen@0x32ecd -> EntitySettings\Character_Common\Character_Common.entity.ot.EntitySettingsResource.gen@0x5e0b5 -> EntitySettings\Heroes\Hero_Carmilla!Hero_Carmilla.entity.ot.EntitySettingsResource.gen@0x9fd46 -> EntitySettings\Heroes\Hero_Common!Hero_Common.entity.ot.EntitySettingsResource.gen@0x8fc67 -> EntitySettings\Character_Common\Character_Common.entity.ot.EntitySettingsResource.gen@0x59bde -> EntitySettings\Heroes\Hero_Common!Hero_Common.entity.ot.EntitySettingsResource.gen@0x994b9	rb256f42d	450	fill pass (decoded-baseline)	accepted without reading	
Ultimate 1	Base	Impalement	Hero_Carmilla_Common.LangEN.tsv	Ability_Ultimate_1_Desc	13	damage_bonus_per_blood		percent	formatter(kind=2668181248, format=1, raw=0.009999999776482582)	Hypothetical formatter baseline: DMG=10; HEALING=10; AP=0; no talents or objects; gameplay level unspecified; resource/form/hold/switch conditions preserved	unresolved	Formatter/configuration decoding only; engine-fed operands and runtime branches preserved.  Blocked: Unrecognized formatter argument kind 2668181248; display conversion is not guessed	EntitySettings\Heroes\Hero_Carmilla!Hero_Carmilla.entity.ot.EntitySettingsResource.gen	formatter argument; kind=2668181248; format=1	EntitySettings\Heroes\Hero_Carmilla!Hero_Carmilla.entity.ot.EntitySettingsResource.gen@0x62b7b -> EntitySettings\Heroes\Hero_Carmilla!Hero_Carmilla.entity.ot.EntitySettingsResource.gen@0x9fbed	re72f0388	1	fill pass (decoded-baseline)	accepted without reading	
Ultimate 2	Base	Blood Lash	Hero_Carmilla_Common.LangEN.tsv	Ability_Ultimate_2_Desc	15	cooldown	60	seconds	60.0	Hypothetical formatter baseline: DMG=10; HEALING=10; AP=0; no talents or objects; gameplay level unspecified; resource/form/hold/switch conditions preserved	decoded	Formatter/configuration decoding only; engine-fed operands and runtime branches preserved. 	EntitySettings\Heroes\Hero_Carmilla!Hero_Carmilla.entity.ot.EntitySettingsResource.gen	Ultimate Power 2 Controller	EntitySettings\Heroes\Hero_Carmilla!Hero_Carmilla.entity.ot.EntitySettingsResource.gen@0x5c814	re3efa068	60	decoded	accepted without reading	
Ultimate 2	Base	Blood Lash	Hero_Carmilla_Common.LangEN.tsv	Ability_Ultimate_2_Desc	15	charges	1	charges	1	Hypothetical formatter baseline: DMG=10; HEALING=10; AP=0; no talents or objects; gameplay level unspecified; resource/form/hold/switch conditions preserved	decoded-baseline	Formatter/configuration decoding only; engine-fed operands and runtime branches preserved. 	EntitySettings\Heroes\Hero_Carmilla!Hero_Carmilla.entity.ot.EntitySettingsResource.gen; EntitySettings\Heroes\Hero_Common!Hero_Common.entity.ot.EntitySettingsResource.gen	Ultimate Power 2 Controller	EntitySettings\Heroes\Hero_Carmilla!Hero_Carmilla.entity.ot.EntitySettingsResource.gen@0x5c814 -> EntitySettings\Heroes\Hero_Common!Hero_Common.entity.ot.EntitySettingsResource.gen@0xb50d					
Ultimate 2	Base	Blood Lash	Hero_Carmilla_Common.LangEN.tsv	Ability_Ultimate_2_Desc	15	initial_area_damage	100	damage	(Level Damage Selector{[State] Character_Common\Bhv Preview\Behaviour Preview => DMG; True => DMG} * 10.0 * (1.0 + AP + NO_TALENT_OBJECT_MODIFIER(Ultimate AP Modifier Listener)))	Hypothetical formatter baseline: DMG=10; HEALING=10; AP=0; no talents or objects; gameplay level unspecified; resource/form/hold/switch conditions preserved	decoded-baseline	Formatter/configuration decoding only; engine-fed operands and runtime branches preserved. 	EntitySettings\Heroes\Hero_Carmilla!Hero_Carmilla.entity.ot.EntitySettingsResource.gen; EntitySettings\Character_Common\Character_Common.entity.ot.EntitySettingsResource.gen; EntitySettings\Heroes\Hero_Common!Hero_Common.entity.ot.EntitySettingsResource.gen	formatter argument; kind=0; format=2	EntitySettings\Heroes\Hero_Carmilla!Hero_Carmilla.entity.ot.EntitySettingsResource.gen@0x62dd5 -> EntitySettings\Heroes\Hero_Carmilla!Hero_Carmilla.entity.ot.EntitySettingsResource.gen@0x45a94 -> EntitySettings\Character_Common\Character_Common.entity.ot.EntitySettingsResource.gen@0x56f54 -> EntitySettings\Character_Common\Character_Common.entity.ot.EntitySettingsResource.gen@0x123dd -> EntitySettings\Character_Common\Character_Common.entity.ot.EntitySettingsResource.gen@0x32ecd -> EntitySettings\Character_Common\Character_Common.entity.ot.EntitySettingsResource.gen@0x5e0b5 -> EntitySettings\Heroes\Hero_Carmilla!Hero_Carmilla.entity.ot.EntitySettingsResource.gen@0x9fd46 -> EntitySettings\Heroes\Hero_Common!Hero_Common.entity.ot.EntitySettingsResource.gen@0x8fc67 -> EntitySettings\Character_Common\Character_Common.entity.ot.EntitySettingsResource.gen@0x59bde -> EntitySettings\Heroes\Hero_Common!Hero_Common.entity.ot.EntitySettingsResource.gen@0x994b9	r8bdd19d6	100	decoded-baseline	accepted without reading	
Ultimate 2	Base	Blood Lash	Hero_Carmilla_Common.LangEN.tsv	Ability_Ultimate_2_Desc	15	empowered_attacks_count	12	attacks	(12.0 + Skill Ultimate 2 Increase Max Attack Count Selector{[State] Hero_Carmilla\Skill Ultimate 2 Increase Max Attack\Skill Ultimate 2 Increase Max Attack => Skill Ultimate 2 Increase Max Attack Selector{[Dt Skill Controller] Hero_Carmilla\Skills\Skill Controller Ultimate 2 Upgrade 1 => 12; [Dt Skill Controller] Hero_Carmilla\Skills\Skill Controller Ultimate 2 Upgrade 1 => 10; [Dt Skill Controller] Hero_Carmilla\Skills\Skill Controller Ultimate 2 Upgrade 1 => 8; True => 6}; True => 0})	Hypothetical formatter baseline: DMG=10; HEALING=10; AP=0; no talents or objects; gameplay level unspecified; resource/form/hold/switch conditions preserved	decoded-baseline	Formatter/configuration decoding only; engine-fed operands and runtime branches preserved. 	EntitySettings\Heroes\Hero_Carmilla!Hero_Carmilla.entity.ot.EntitySettingsResource.gen	formatter argument; kind=1701339905; format=2	EntitySettings\Heroes\Hero_Carmilla!Hero_Carmilla.entity.ot.EntitySettingsResource.gen@0x62dd5 -> EntitySettings\Heroes\Hero_Carmilla!Hero_Carmilla.entity.ot.EntitySettingsResource.gen@0x4609f -> EntitySettings\Heroes\Hero_Carmilla!Hero_Carmilla.entity.ot.EntitySettingsResource.gen@0x930b6 -> EntitySettings\Heroes\Hero_Carmilla!Hero_Carmilla.entity.ot.EntitySettingsResource.gen@0x1d849 -> EntitySettings\Heroes\Hero_Carmilla!Hero_Carmilla.entity.ot.EntitySettingsResource.gen@0x93348 -> EntitySettings\Heroes\Hero_Carmilla!Hero_Carmilla.entity.ot.EntitySettingsResource.gen@0x4e67d	ra6ec3ef6	12	decoded-baseline	accepted without reading	
Ultimate 2	Empowered Whip	Blood Lash (empowered attack)	Hero_Carmilla_Common.LangEN.tsv	Ability_Attack_Ultimate_2_Desc	16	whip_combo_attacks	3	attacks	3	Hypothetical formatter baseline: DMG=10; HEALING=10; AP=0; no talents or objects; gameplay level unspecified; resource/form/hold/switch conditions preserved	decoded	Formatter/configuration decoding only; engine-fed operands and runtime branches preserved. 	EntitySettings\Heroes\Hero_Carmilla!Hero_Carmilla.entity.ot.EntitySettingsResource.gen	formatter argument; kind=1031012353; format=0	EntitySettings\Heroes\Hero_Carmilla!Hero_Carmilla.entity.ot.EntitySettingsResource.gen@0x628cc	r72f6f354	3	decoded	accepted without reading	
Ultimate 2	Empowered Whip	Blood Lash (empowered attack)	Hero_Carmilla_Common.LangEN.tsv	Ability_Attack_Ultimate_2_Desc	16	final_hit_bonus		percent	formatter(kind=1041864960, format=1, raw=1.0)	Hypothetical formatter baseline: DMG=10; HEALING=10; AP=0; no talents or objects; gameplay level unspecified; resource/form/hold/switch conditions preserved	unresolved	Formatter/configuration decoding only; engine-fed operands and runtime branches preserved.  Blocked: Unrecognized formatter argument kind 1041864960; display conversion is not guessed	EntitySettings\Heroes\Hero_Carmilla!Hero_Carmilla.entity.ot.EntitySettingsResource.gen	formatter argument; kind=1041864960; format=1	EntitySettings\Heroes\Hero_Carmilla!Hero_Carmilla.entity.ot.EntitySettingsResource.gen@0x628cc -> EntitySettings\Heroes\Hero_Carmilla!Hero_Carmilla.entity.ot.EntitySettingsResource.gen@0x9fead	r0a37d23d	100	fill pass (decoded-baseline)	accepted without reading	
Ultimate 2	Empowered Whip	Blood Lash (empowered attack)	Hero_Carmilla_Common.LangEN.tsv	Ability_Attack_Ultimate_2_Desc	16	combo_damage		damage	(Level Damage Selector{[State] Character_Common\Bhv Preview\Behaviour Preview => DMG; True => DMG} * runtime_operand[1424] * (1.0 + AP + NO_TALENT_OBJECT_MODIFIER(Ultimate AP Modifier Listener)))	Hypothetical formatter baseline: DMG=10; HEALING=10; AP=0; no talents or objects; gameplay level unspecified; resource/form/hold/switch conditions preserved	unresolved	Formatter/configuration decoding only; engine-fed operands and runtime branches preserved.  Blocked: Runtime selector predicate [State] Character_Common\Bhv Preview\Behaviour Preview.0xfd2833c is not established by serialized flag initialization; Property access needs engine semantics; no fallback substitution (Behaviour Preview.0xfd2833c); Engine-fed operation operand binding; serialized fallback must not replace live operand (operand binding 1424)	EntitySettings\Heroes\Hero_Carmilla!Hero_Carmilla.entity.ot.EntitySettingsResource.gen; EntitySettings\Character_Common\Character_Common.entity.ot.EntitySettingsResource.gen; EntitySettings\Heroes\Hero_Common!Hero_Common.entity.ot.EntitySettingsResource.gen	formatter argument; kind=1060061185; format=0	EntitySettings\Heroes\Hero_Carmilla!Hero_Carmilla.entity.ot.EntitySettingsResource.gen@0x628cc -> EntitySettings\Heroes\Hero_Carmilla!Hero_Carmilla.entity.ot.EntitySettingsResource.gen@0x45e88 -> EntitySettings\Character_Common\Character_Common.entity.ot.EntitySettingsResource.gen@0x56f54 -> EntitySettings\Character_Common\Character_Common.entity.ot.EntitySettingsResource.gen@0x123dd -> EntitySettings\Character_Common\Character_Common.entity.ot.EntitySettingsResource.gen@0x32ecd -> EntitySettings\Character_Common\Character_Common.entity.ot.EntitySettingsResource.gen@0x5e0b5 -> EntitySettings\Heroes\Hero_Carmilla!Hero_Carmilla.entity.ot.EntitySettingsResource.gen@0x9fd46 -> EntitySettings\Heroes\Hero_Common!Hero_Common.entity.ot.EntitySettingsResource.gen@0x8fc67 -> EntitySettings\Character_Common\Character_Common.entity.ot.EntitySettingsResource.gen@0x59bde -> EntitySettings\Heroes\Hero_Common!Hero_Common.entity.ot.EntitySettingsResource.gen@0x994b9	r5c7d9c33	140	fill pass (decoded-baseline)	accepted without reading	
Trait	Base	Dhampir	Hero_Carmilla_Common.LangEN.tsv	Ability_Trait_Desc	3	tooltip_binding_coverage	• {0} uses $BLOOD* to fuel some of her abilities, or health when there is no more left\n• Activate to enter #Winged Form@, draining #{1}@ $BLOOD* per second to gain #+{2}% MOVE SPEED@ and $BLOOD*-free abilities\n• #DAY@: Every #{3}@ second(s), restore &{4}~ health to all nearby heroes\n• #NIGHT@: Gain &+{5}%~ #Crit Chance@	text	Static canonical text	Hypothetical formatter baseline: DMG=10; HEALING=10; AP=0; no talents or objects; gameplay level unspecified; resource/form/hold/switch conditions preserved	static-text	Canonical tooltip text; no numeric engine evaluation claimed	EntitySettings/Heroes/Hero_Carmilla!Hero_Carmilla.entity.ot.EntitySettingsResource.gen	Trait Ability Controller	Hero_Carmilla -> Trait Ability Controller -> Cooldown					
Attack	Base	Tearing	Hero_Carmilla_Common.LangEN.tsv	Ability_Attack_Desc	5	tooltip_binding_coverage	• Chain a series of #{0}@ attacks with clawed hands, with the last attack dealing #+{1}%@ damage\n• The combo overall deals a total of &{2}~ damage and earns #{3}@ $BLOOD point(s)*	text	Static canonical text	Hypothetical formatter baseline: DMG=10; HEALING=10; AP=0; no talents or objects; gameplay level unspecified; resource/form/hold/switch conditions preserved	static-text	Canonical tooltip text; no numeric engine evaluation claimed	EntitySettings/Heroes/Hero_Carmilla!Hero_Carmilla.entity.ot.EntitySettingsResource.gen	Tearing Combo Hit Counter	Hero_Carmilla -> Basic Attack -> Hit Counter					
Power	Base	Blood Orb	Hero_Carmilla_Common.LangEN.tsv	Ability_Power_Desc	7	tooltip_binding_coverage	• {0} sends a blood orb forward; holding the action consumes $BLOOD* to fuel it, dealing &{2}~ area damage per second\n• Upon release, the blood orb explodes and deals &{1}~ area damage	text	Static canonical text	Hypothetical formatter baseline: DMG=10; HEALING=10; AP=0; no talents or objects; gameplay level unspecified; resource/form/hold/switch conditions preserved	static-text	Canonical tooltip text; no numeric engine evaluation claimed	EntitySettings/Heroes/Hero_Carmilla!Hero_Carmilla.entity.ot.EntitySettingsResource.gen	Primary Ability Controller	Hero_Carmilla -> Primary Ability Controller -> Cooldown					
Special	Base	Death Kiss	Hero_Carmilla_Common.LangEN.tsv	Ability_Special_Desc	9	tooltip_binding_coverage	• Hold then release – {0} launches herself at the target location, then turns #INTANGIBLE@ and bites the closest enemy, dealing &{1}~ damage\n• Each successful bite earns #{2}@ $BLOOD point(s)*	text	Static canonical text	Hypothetical formatter baseline: DMG=10; HEALING=10; AP=0; no talents or objects; gameplay level unspecified; resource/form/hold/switch conditions preserved	static-text	Canonical tooltip text; no numeric engine evaluation claimed	EntitySettings/Heroes/Hero_Carmilla!Hero_Carmilla.entity.ot.EntitySettingsResource.gen	Secondary Ability Controller	Hero_Carmilla -> Secondary Ability Controller -> Cooldown					
Defense	Base	Bat Swarm	Hero_Carmilla_Common.LangEN.tsv	Ability_Defense_Desc	11	tooltip_binding_coverage	• {0} transforms into an #INTANGIBLE@ bat swarm, dealing &{1}~ damage to enemies passed through as #BLEED@\n• Holding the action consumes $BLOOD* to keep this form active for up to #{2}@ seconds	text	Static canonical text	Hypothetical formatter baseline: DMG=10; HEALING=10; AP=0; no talents or objects; gameplay level unspecified; resource/form/hold/switch conditions preserved	static-text	Canonical tooltip text; no numeric engine evaluation claimed	EntitySettings/Heroes/Hero_Carmilla!Hero_Carmilla.entity.ot.EntitySettingsResource.gen	Defensive Ability Controller	Hero_Carmilla -> Defensive Ability Controller -> Cooldown					
Ultimate 1	Base	Impalement	Hero_Carmilla_Common.LangEN.tsv	Ability_Ultimate_1_Desc	13	tooltip_binding_coverage	• Consume all $BLOOD* to launch a series of blood spikes errupting from the ground in front, dealing &{0}~ damage per second to enemies in the area\n• Each $BLOOD point* consumed increases damage by #{1}%@	text	Static canonical text	Hypothetical formatter baseline: DMG=10; HEALING=10; AP=0; no talents or objects; gameplay level unspecified; resource/form/hold/switch conditions preserved	static-text	Canonical tooltip text; no numeric engine evaluation claimed	EntitySettings/Heroes/Hero_Carmilla!Hero_Carmilla.entity.ot.EntitySettingsResource.gen	Ultimate Power 1 Controller	Hero_Carmilla -> Ultimate Power 1 Controller -> Cooldown					
Ultimate 2	Base	Blood Lash	Hero_Carmilla_Common.LangEN.tsv	Ability_Ultimate_2_Desc	15	tooltip_binding_coverage	• Summon a whip of blood, dealing &{0}~ area damage\n• Next &{1}~ #ATTACKS@ use the whip to strike in large areas, with the combo overall dealing a total of &{2}~ damage	text	Static canonical text	Hypothetical formatter baseline: DMG=10; HEALING=10; AP=0; no talents or objects; gameplay level unspecified; resource/form/hold/switch conditions preserved	static-text	Canonical tooltip text; no numeric engine evaluation claimed	EntitySettings/Heroes/Hero_Carmilla!Hero_Carmilla.entity.ot.EntitySettingsResource.gen	Ultimate Power 2 Controller	Hero_Carmilla -> Ultimate Power 2 Controller -> Cooldown					
Ultimate 2	Empowered Whip	Blood Lash (empowered attack)	Hero_Carmilla_Common.LangEN.tsv	Ability_Attack_Ultimate_2_Desc	16	tooltip_binding_coverage	• Chain a series of #{0}@ attacks with the blood whip, with the last attack dealing #+{1}%@ damage\n• The combo overall deals a total of &{2}~ damage	text	Static canonical text	Hypothetical formatter baseline: DMG=10; HEALING=10; AP=0; no talents or objects; gameplay level unspecified; resource/form/hold/switch conditions preserved	static-text	Canonical tooltip text; no numeric engine evaluation claimed	EntitySettings/Heroes/Hero_Carmilla!Hero_Carmilla.entity.ot.EntitySettingsResource.gen	Blood Lash Combo Counter	Hero_Carmilla -> Ultimate 2 Attack -> Combo Counter					
Dash	Base	Dash	Common.LangEN.tsv	Ability_Dash_Desc	21	resource_cost		resource	unresolved(Required checklist field has no established owning runtime property/code path)	Hypothetical formatter baseline: DMG=10; HEALING=10; AP=0; no talents or objects; gameplay level unspecified; resource/form/hold/switch conditions preserved	unresolved	Formatter/configuration decoding only; engine-fed operands and runtime branches preserved. Required checklist field has no established owning runtime property/code path Blocked: Required checklist field has no established owning runtime property/code path	EntitySettings/Heroes/Hero_Common!Hero_Common.entity.ot.EntitySettingsResource.gen	resource_cost						
Trait	Base	Dhampir	Hero_Carmilla_Common.LangEN.tsv	Ability_Trait_Desc	3	charges	1	charges	Trait Ability Default Charges Selector{True => 1}	Hypothetical formatter baseline: DMG=10; HEALING=10; AP=0; no talents or objects; gameplay level unspecified; resource/form/hold/switch conditions preserved	decoded-baseline	Formatter/configuration decoding only; engine-fed operands and runtime branches preserved. 	EntitySettings\Heroes\Hero_Carmilla!Hero_Carmilla.entity.ot.EntitySettingsResource.gen; EntitySettings\Heroes\Hero_Common!Hero_Common.entity.ot.EntitySettingsResource.gen	Trait Ability Controller	EntitySettings\Heroes\Hero_Carmilla!Hero_Carmilla.entity.ot.EntitySettingsResource.gen@0x5ab1e -> EntitySettings\Heroes\Hero_Common!Hero_Common.entity.ot.EntitySettingsResource.gen@0xb280 -> EntitySettings\Heroes\Hero_Common!Hero_Common.entity.ot.EntitySettingsResource.gen@0xd2f6c					
Trait	Base	Dhampir	Hero_Carmilla_Common.LangEN.tsv	Ability_Trait_Desc	3	active_duration		seconds	unresolved(Required checklist field has no established owning runtime property/code path)	Hypothetical formatter baseline: DMG=10; HEALING=10; AP=0; no talents or objects; gameplay level unspecified; resource/form/hold/switch conditions preserved	unresolved	Formatter/configuration decoding only; engine-fed operands and runtime branches preserved. Required checklist field has no established owning runtime property/code path Blocked: Required checklist field has no established owning runtime property/code path	EntitySettings/Heroes/Hero_Carmilla!Hero_Carmilla.entity.ot.EntitySettingsResource.gen	active_duration						
Trait	Base	Dhampir	Hero_Carmilla_Common.LangEN.tsv	Ability_Trait_Desc	3	resource_cost		resource	unresolved(Required checklist field has no established owning runtime property/code path)	Hypothetical formatter baseline: DMG=10; HEALING=10; AP=0; no talents or objects; gameplay level unspecified; resource/form/hold/switch conditions preserved	unresolved	Formatter/configuration decoding only; engine-fed operands and runtime branches preserved. Required checklist field has no established owning runtime property/code path Blocked: Required checklist field has no established owning runtime property/code path	EntitySettings/Heroes/Hero_Carmilla!Hero_Carmilla.entity.ot.EntitySettingsResource.gen	resource_cost						
Attack	Base	Tearing	Hero_Carmilla_Common.LangEN.tsv	Ability_Attack_Desc	5	hit_count		hits	unresolved(Required checklist field has no established owning runtime property/code path)	Hypothetical formatter baseline: DMG=10; HEALING=10; AP=0; no talents or objects; gameplay level unspecified; resource/form/hold/switch conditions preserved	unresolved	Formatter/configuration decoding only; engine-fed operands and runtime branches preserved. Required checklist field has no established owning runtime property/code path Blocked: Required checklist field has no established owning runtime property/code path	EntitySettings/Heroes/Hero_Carmilla!Hero_Carmilla.entity.ot.EntitySettingsResource.gen	hit_count						
Attack	Base	Tearing	Hero_Carmilla_Common.LangEN.tsv	Ability_Attack_Desc	5	hit_damage_sequence		damage	unresolved(Required checklist field has no established owning runtime property/code path)	Hypothetical formatter baseline: DMG=10; HEALING=10; AP=0; no talents or objects; gameplay level unspecified; resource/form/hold/switch conditions preserved	unresolved	Formatter/configuration decoding only; engine-fed operands and runtime branches preserved. Required checklist field has no established owning runtime property/code path Blocked: Required checklist field has no established owning runtime property/code path	EntitySettings/Heroes/Hero_Carmilla!Hero_Carmilla.entity.ot.EntitySettingsResource.gen	hit_damage_sequence						
Attack	Base	Tearing	Hero_Carmilla_Common.LangEN.tsv	Ability_Attack_Desc	5	attack_timing		seconds	unresolved(Required checklist field has no established owning runtime property/code path)	Hypothetical formatter baseline: DMG=10; HEALING=10; AP=0; no talents or objects; gameplay level unspecified; resource/form/hold/switch conditions preserved	unresolved	Formatter/configuration decoding only; engine-fed operands and runtime branches preserved. Required checklist field has no established owning runtime property/code path Blocked: Required checklist field has no established owning runtime property/code path	EntitySettings/Heroes/Hero_Carmilla!Hero_Carmilla.entity.ot.EntitySettingsResource.gen	attack_timing						
Power	Base	Blood Orb	Hero_Carmilla_Common.LangEN.tsv	Ability_Power_Desc	7	active_duration		seconds	unresolved(Required checklist field has no established owning runtime property/code path)	Hypothetical formatter baseline: DMG=10; HEALING=10; AP=0; no talents or objects; gameplay level unspecified; resource/form/hold/switch conditions preserved	unresolved	Formatter/configuration decoding only; engine-fed operands and runtime branches preserved. Required checklist field has no established owning runtime property/code path Blocked: Required checklist field has no established owning runtime property/code path	EntitySettings/Heroes/Hero_Carmilla!Hero_Carmilla.entity.ot.EntitySettingsResource.gen	active_duration						
Special	Base	Death Kiss	Hero_Carmilla_Common.LangEN.tsv	Ability_Special_Desc	9	active_duration		seconds	unresolved(Required checklist field has no established owning runtime property/code path)	Hypothetical formatter baseline: DMG=10; HEALING=10; AP=0; no talents or objects; gameplay level unspecified; resource/form/hold/switch conditions preserved	unresolved	Formatter/configuration decoding only; engine-fed operands and runtime branches preserved. Required checklist field has no established owning runtime property/code path Blocked: Required checklist field has no established owning runtime property/code path	EntitySettings/Heroes/Hero_Carmilla!Hero_Carmilla.entity.ot.EntitySettingsResource.gen	active_duration						
Special	Base	Death Kiss	Hero_Carmilla_Common.LangEN.tsv	Ability_Special_Desc	9	resource_cost		resource	unresolved(Required checklist field has no established owning runtime property/code path)	Hypothetical formatter baseline: DMG=10; HEALING=10; AP=0; no talents or objects; gameplay level unspecified; resource/form/hold/switch conditions preserved	unresolved	Formatter/configuration decoding only; engine-fed operands and runtime branches preserved. Required checklist field has no established owning runtime property/code path Blocked: Required checklist field has no established owning runtime property/code path	EntitySettings/Heroes/Hero_Carmilla!Hero_Carmilla.entity.ot.EntitySettingsResource.gen	resource_cost						
Defense	Base	Bat Swarm	Hero_Carmilla_Common.LangEN.tsv	Ability_Defense_Desc	11	resource_cost		resource	unresolved(Required checklist field has no established owning runtime property/code path)	Hypothetical formatter baseline: DMG=10; HEALING=10; AP=0; no talents or objects; gameplay level unspecified; resource/form/hold/switch conditions preserved	unresolved	Formatter/configuration decoding only; engine-fed operands and runtime branches preserved. Required checklist field has no established owning runtime property/code path Blocked: Required checklist field has no established owning runtime property/code path	EntitySettings/Heroes/Hero_Carmilla!Hero_Carmilla.entity.ot.EntitySettingsResource.gen	resource_cost						
Ultimate 1	Base	Impalement	Hero_Carmilla_Common.LangEN.tsv	Ability_Ultimate_1_Desc	13	active_duration		seconds	unresolved(Required checklist field has no established owning runtime property/code path)	Hypothetical formatter baseline: DMG=10; HEALING=10; AP=0; no talents or objects; gameplay level unspecified; resource/form/hold/switch conditions preserved	unresolved	Formatter/configuration decoding only; engine-fed operands and runtime branches preserved. Required checklist field has no established owning runtime property/code path Blocked: Required checklist field has no established owning runtime property/code path	EntitySettings/Heroes/Hero_Carmilla!Hero_Carmilla.entity.ot.EntitySettingsResource.gen	active_duration						
Ultimate 1	Base	Impalement	Hero_Carmilla_Common.LangEN.tsv	Ability_Ultimate_1_Desc	13	resource_cost		resource	unresolved(Required checklist field has no established owning runtime property/code path)	Hypothetical formatter baseline: DMG=10; HEALING=10; AP=0; no talents or objects; gameplay level unspecified; resource/form/hold/switch conditions preserved	unresolved	Formatter/configuration decoding only; engine-fed operands and runtime branches preserved. Required checklist field has no established owning runtime property/code path Blocked: Required checklist field has no established owning runtime property/code path	EntitySettings/Heroes/Hero_Carmilla!Hero_Carmilla.entity.ot.EntitySettingsResource.gen	resource_cost						
Ultimate 2	Base	Blood Lash	Hero_Carmilla_Common.LangEN.tsv	Ability_Ultimate_2_Desc	15	active_duration		seconds	unresolved(Required checklist field has no established owning runtime property/code path)	Hypothetical formatter baseline: DMG=10; HEALING=10; AP=0; no talents or objects; gameplay level unspecified; resource/form/hold/switch conditions preserved	unresolved	Formatter/configuration decoding only; engine-fed operands and runtime branches preserved. Required checklist field has no established owning runtime property/code path Blocked: Required checklist field has no established owning runtime property/code path	EntitySettings/Heroes/Hero_Carmilla!Hero_Carmilla.entity.ot.EntitySettingsResource.gen	active_duration						
Ultimate 2	Base	Blood Lash	Hero_Carmilla_Common.LangEN.tsv	Ability_Ultimate_2_Desc	15	resource_cost		resource	unresolved(Required checklist field has no established owning runtime property/code path)	Hypothetical formatter baseline: DMG=10; HEALING=10; AP=0; no talents or objects; gameplay level unspecified; resource/form/hold/switch conditions preserved	unresolved	Formatter/configuration decoding only; engine-fed operands and runtime branches preserved. Required checklist field has no established owning runtime property/code path Blocked: Required checklist field has no established owning runtime property/code path	EntitySettings/Heroes/Hero_Carmilla!Hero_Carmilla.entity.ot.EntitySettingsResource.gen	resource_cost						
Ultimate 2	Empowered Whip	Blood Lash (empowered attack)	Hero_Carmilla_Common.LangEN.tsv	Ability_Attack_Ultimate_2_Desc	16	hit_count		hits	unresolved(Required checklist field has no established owning runtime property/code path)	Hypothetical formatter baseline: DMG=10; HEALING=10; AP=0; no talents or objects; gameplay level unspecified; resource/form/hold/switch conditions preserved	unresolved	Formatter/configuration decoding only; engine-fed operands and runtime branches preserved. Required checklist field has no established owning runtime property/code path Blocked: Required checklist field has no established owning runtime property/code path	EntitySettings/Heroes/Hero_Carmilla!Hero_Carmilla.entity.ot.EntitySettingsResource.gen	hit_count						
Ultimate 2	Empowered Whip	Blood Lash (empowered attack)	Hero_Carmilla_Common.LangEN.tsv	Ability_Attack_Ultimate_2_Desc	16	hit_damage_sequence		damage	unresolved(Required checklist field has no established owning runtime property/code path)	Hypothetical formatter baseline: DMG=10; HEALING=10; AP=0; no talents or objects; gameplay level unspecified; resource/form/hold/switch conditions preserved	unresolved	Formatter/configuration decoding only; engine-fed operands and runtime branches preserved. Required checklist field has no established owning runtime property/code path Blocked: Required checklist field has no established owning runtime property/code path	EntitySettings/Heroes/Hero_Carmilla!Hero_Carmilla.entity.ot.EntitySettingsResource.gen	hit_damage_sequence						
Ultimate 2	Empowered Whip	Blood Lash (empowered attack)	Hero_Carmilla_Common.LangEN.tsv	Ability_Attack_Ultimate_2_Desc	16	attack_timing		seconds	unresolved(Required checklist field has no established owning runtime property/code path)	Hypothetical formatter baseline: DMG=10; HEALING=10; AP=0; no talents or objects; gameplay level unspecified; resource/form/hold/switch conditions preserved	unresolved	Formatter/configuration decoding only; engine-fed operands and runtime branches preserved. Required checklist field has no established owning runtime property/code path Blocked: Required checklist field has no established owning runtime property/code path	EntitySettings/Heroes/Hero_Carmilla!Hero_Carmilla.entity.ot.EntitySettingsResource.gen	attack_timing						
Power	Base	Blood Orb	Hero_Carmilla_Common.LangEN.tsv	Ability_Power_Desc	7	blood_drain_per_second		blood_per_second	unresolved(Explicit checklist field: activation/timing/scaling/cost code path not established)	Hypothetical formatter baseline: DMG=10; HEALING=10; AP=0; no talents or objects; gameplay level unspecified; resource/form/hold/switch conditions preserved	unresolved	Formatter/configuration decoding only; engine-fed operands and runtime branches preserved. Explicit checklist field: activation/timing/scaling/cost code path not established Blocked: Explicit checklist field: activation/timing/scaling/cost code path not established	EntitySettings/Heroes/Hero_Carmilla!Hero_Carmilla.entity.ot.EntitySettingsResource.gen	Primary Ability Controller	Hero_Carmilla -> Primary Ability Controller -> Cooldown					
Power	Base	Blood Orb	Hero_Carmilla_Common.LangEN.tsv	Ability_Power_Desc	7	max_hold_duration		seconds	unresolved(Explicit checklist field: activation/timing/scaling/cost code path not established)	Hypothetical formatter baseline: DMG=10; HEALING=10; AP=0; no talents or objects; gameplay level unspecified; resource/form/hold/switch conditions preserved	unresolved	Formatter/configuration decoding only; engine-fed operands and runtime branches preserved. Explicit checklist field: activation/timing/scaling/cost code path not established Blocked: Explicit checklist field: activation/timing/scaling/cost code path not established	EntitySettings/Heroes/Hero_Carmilla!Hero_Carmilla.entity.ot.EntitySettingsResource.gen	Primary Ability Controller	Hero_Carmilla -> Primary Ability Controller -> Cooldown					
Defense	Base	Bat Swarm	Hero_Carmilla_Common.LangEN.tsv	Ability_Defense_Desc	11	blood_drain_per_second		blood_per_second	unresolved(Explicit checklist field: activation/timing/scaling/cost code path not established)	Hypothetical formatter baseline: DMG=10; HEALING=10; AP=0; no talents or objects; gameplay level unspecified; resource/form/hold/switch conditions preserved	unresolved	Formatter/configuration decoding only; engine-fed operands and runtime branches preserved. Explicit checklist field: activation/timing/scaling/cost code path not established Blocked: Explicit checklist field: activation/timing/scaling/cost code path not established	EntitySettings/Heroes/Hero_Carmilla!Hero_Carmilla.entity.ot.EntitySettingsResource.gen	Defensive Ability Controller	Hero_Carmilla -> Defensive Ability Controller -> Cooldown					
Defense	Base	Bat Swarm	Hero_Carmilla_Common.LangEN.tsv	Ability_Defense_Desc	11	bleed_total_damage		damage	unresolved(Explicit checklist field: activation/timing/scaling/cost code path not established)	Hypothetical formatter baseline: DMG=10; HEALING=10; AP=0; no talents or objects; gameplay level unspecified; resource/form/hold/switch conditions preserved	unresolved	Formatter/configuration decoding only; engine-fed operands and runtime branches preserved. Explicit checklist field: activation/timing/scaling/cost code path not established Blocked: Explicit checklist field: activation/timing/scaling/cost code path not established	EntitySettings/Heroes/Hero_Carmilla!Hero_Carmilla.entity.ot.EntitySettingsResource.gen	Defensive Ability Controller	Hero_Carmilla -> Defensive Ability Controller -> Cooldown					
Defense	Base	Bat Swarm	Hero_Carmilla_Common.LangEN.tsv	Ability_Defense_Desc	11	bleed_tick_damage		damage	unresolved(Explicit checklist field: activation/timing/scaling/cost code path not established)	Hypothetical formatter baseline: DMG=10; HEALING=10; AP=0; no talents or objects; gameplay level unspecified; resource/form/hold/switch conditions preserved	unresolved	Formatter/configuration decoding only; engine-fed operands and runtime branches preserved. Explicit checklist field: activation/timing/scaling/cost code path not established Blocked: Explicit checklist field: activation/timing/scaling/cost code path not established	EntitySettings/Heroes/Hero_Carmilla!Hero_Carmilla.entity.ot.EntitySettingsResource.gen	Defensive Ability Controller	Hero_Carmilla -> Defensive Ability Controller -> Cooldown					
Defense	Base	Bat Swarm	Hero_Carmilla_Common.LangEN.tsv	Ability_Defense_Desc	11	bleed_tick_interval		seconds	unresolved(Explicit checklist field: activation/timing/scaling/cost code path not established)	Hypothetical formatter baseline: DMG=10; HEALING=10; AP=0; no talents or objects; gameplay level unspecified; resource/form/hold/switch conditions preserved	unresolved	Formatter/configuration decoding only; engine-fed operands and runtime branches preserved. Explicit checklist field: activation/timing/scaling/cost code path not established Blocked: Explicit checklist field: activation/timing/scaling/cost code path not established	EntitySettings/Heroes/Hero_Carmilla!Hero_Carmilla.entity.ot.EntitySettingsResource.gen	Defensive Ability Controller	Hero_Carmilla -> Defensive Ability Controller -> Cooldown					
Ultimate 2	Base	Blood Lash	Hero_Carmilla_Common.LangEN.tsv	Ability_Ultimate_2_Desc	15	empowered_combo_total_damage		damage	(Level Damage Selector{[State] Character_Common\Bhv Preview\Behaviour Preview => DMG; True => DMG} * runtime_operand[1424] * (1.0 + AP + NO_TALENT_OBJECT_MODIFIER(Ultimate AP Modifier Listener)))	Hypothetical formatter baseline: DMG=10; HEALING=10; AP=0; no talents or objects; gameplay level unspecified; resource/form/hold/switch conditions preserved	unresolved	Formatter/configuration decoding only; engine-fed operands and runtime branches preserved.  Blocked: Runtime selector predicate [State] Character_Common\Bhv Preview\Behaviour Preview.0xfd2833c is not established by serialized flag initialization; Property access needs engine semantics; no fallback substitution (Behaviour Preview.0xfd2833c); Engine-fed operation operand binding; serialized fallback must not replace live operand (operand binding 1424)	EntitySettings\Heroes\Hero_Carmilla!Hero_Carmilla.entity.ot.EntitySettingsResource.gen; EntitySettings\Character_Common\Character_Common.entity.ot.EntitySettingsResource.gen; EntitySettings\Heroes\Hero_Common!Hero_Common.entity.ot.EntitySettingsResource.gen	formatter argument; kind=589327872; format=2	EntitySettings\Heroes\Hero_Carmilla!Hero_Carmilla.entity.ot.EntitySettingsResource.gen@0x62dd5 -> EntitySettings\Heroes\Hero_Carmilla!Hero_Carmilla.entity.ot.EntitySettingsResource.gen@0x45e88 -> EntitySettings\Character_Common\Character_Common.entity.ot.EntitySettingsResource.gen@0x56f54 -> EntitySettings\Character_Common\Character_Common.entity.ot.EntitySettingsResource.gen@0x123dd -> EntitySettings\Character_Common\Character_Common.entity.ot.EntitySettingsResource.gen@0x32ecd -> EntitySettings\Character_Common\Character_Common.entity.ot.EntitySettingsResource.gen@0x5e0b5 -> EntitySettings\Heroes\Hero_Carmilla!Hero_Carmilla.entity.ot.EntitySettingsResource.gen@0x9fd46 -> EntitySettings\Heroes\Hero_Common!Hero_Common.entity.ot.EntitySettingsResource.gen@0x8fc67 -> EntitySettings\Character_Common\Character_Common.entity.ot.EntitySettingsResource.gen@0x59bde -> EntitySettings\Heroes\Hero_Common!Hero_Common.entity.ot.EntitySettingsResource.gen@0x994b9	r578eef4d	140	fill pass (decoded-baseline)	accepted without reading	
Trait	Base	Dhampir	Hero_Carmilla_Common.LangEN.tsv	Ability_Trait_Desc	3	blood_cap		blood	(100 * runtime_operand[1448])	Hypothetical formatter baseline: DMG=10; HEALING=10; AP=0; no talents or objects; gameplay level unspecified; resource/form/hold/switch conditions preserved	unresolved	Formatter/configuration decoding only; engine-fed operands and runtime branches preserved. Exact named configuration setting; its activation/caller is retained separately in evidence and is not inferred solely from its name Blocked: Engine-fed operation operand binding; serialized fallback must not replace live operand (operand binding 1448)	EntitySettings\Heroes\Hero_Carmilla!Hero_Carmilla.entity.ot.EntitySettingsResource.gen	Blood Max Operation	EntitySettings\Heroes\Hero_Carmilla!Hero_Carmilla.entity.ot.EntitySettingsResource.gen@0x405c9 -> EntitySettings\Heroes\Hero_Carmilla!Hero_Carmilla.entity.ot.EntitySettingsResource.gen@0x9a9d8					
Trait	Base	Dhampir	Hero_Carmilla_Common.LangEN.tsv	Ability_Trait_Desc	3	blood_base_cap_configuration	100	blood	100	Hypothetical formatter baseline: DMG=10; HEALING=10; AP=0; no talents or objects; gameplay level unspecified; resource/form/hold/switch conditions preserved	decoded	Formatter/configuration decoding only; engine-fed operands and runtime branches preserved. Exact named configuration setting; its activation/caller is retained separately in evidence and is not inferred solely from its name	EntitySettings\Heroes\Hero_Carmilla!Hero_Carmilla.entity.ot.EntitySettingsResource.gen	Blood Max Default	EntitySettings\Heroes\Hero_Carmilla!Hero_Carmilla.entity.ot.EntitySettingsResource.gen@0x9a9d8					
Trait	Base	Dhampir	Hero_Carmilla_Common.LangEN.tsv	Ability_Trait_Desc	3	health_substitution_cost		health	(unresolved(Character Controller) * 0.014999999664723873)	Hypothetical formatter baseline: DMG=10; HEALING=10; AP=0; no talents or objects; gameplay level unspecified; resource/form/hold/switch conditions preserved	unresolved	Formatter/configuration decoding only; engine-fed operands and runtime branches preserved. Exact named configuration setting; its activation/caller is retained separately in evidence and is not inferred solely from its name Blocked: Property access needs engine semantics; no fallback substitution (Character Controller.0x15879242)	EntitySettings\Heroes\Hero_Carmilla!Hero_Carmilla.entity.ot.EntitySettingsResource.gen; EntitySettings\Character_Common\Character_Common.entity.ot.EntitySettingsResource.gen	Blood Health Loss Operation	EntitySettings\Heroes\Hero_Carmilla!Hero_Carmilla.entity.ot.EntitySettingsResource.gen@0x402d7 -> EntitySettings\Character_Common\Character_Common.entity.ot.EntitySettingsResource.gen@0x32ecd -> EntitySettings\Heroes\Hero_Carmilla!Hero_Carmilla.entity.ot.EntitySettingsResource.gen@0x9a770					
Trait	Base	Dhampir	Hero_Carmilla_Common.LangEN.tsv	Ability_Trait_Desc	3	health_substitution_ratio_configuration	0.015	ratio	0.014999999664723873	Hypothetical formatter baseline: DMG=10; HEALING=10; AP=0; no talents or objects; gameplay level unspecified; resource/form/hold/switch conditions preserved	decoded	Formatter/configuration decoding only; engine-fed operands and runtime branches preserved. Exact named configuration setting; its activation/caller is retained separately in evidence and is not inferred solely from its name	EntitySettings\Heroes\Hero_Carmilla!Hero_Carmilla.entity.ot.EntitySettingsResource.gen	Blood Health Loss Ratio Default	EntitySettings\Heroes\Hero_Carmilla!Hero_Carmilla.entity.ot.EntitySettingsResource.gen@0x9a770					
Power	Base	Blood Orb	Hero_Carmilla_Common.LangEN.tsv	Ability_Power_Desc	7	resource_cost		blood	unresolved(State Primary Ability Blood Use)	Hypothetical formatter baseline: DMG=10; HEALING=10; AP=0; no talents or objects; gameplay level unspecified; resource/form/hold/switch conditions preserved	unresolved	Formatter/configuration decoding only; engine-fed operands and runtime branches preserved. Exact named configuration setting; its activation/caller is retained separately in evidence and is not inferred solely from its name Blocked: Property access needs engine semantics; no fallback substitution (State Primary Ability Blood Use.0xfd2832a)	EntitySettings\Heroes\Hero_Carmilla!Hero_Carmilla.entity.ot.EntitySettingsResource.gen	Primary Ability Blood Use Value	EntitySettings\Heroes\Hero_Carmilla!Hero_Carmilla.entity.ot.EntitySettingsResource.gen@0x9ba47 -> EntitySettings\Heroes\Hero_Carmilla!Hero_Carmilla.entity.ot.EntitySettingsResource.gen@0x21e96					
Defense	Base	Bat Swarm	Hero_Carmilla_Common.LangEN.tsv	Ability_Defense_Desc	11	active_duration	3	seconds	3.0	Hypothetical formatter baseline: DMG=10; HEALING=10; AP=0; no talents or objects; gameplay level unspecified; resource/form/hold/switch conditions preserved	decoded	Formatter/configuration decoding only; engine-fed operands and runtime branches preserved. Exact named configuration setting; its activation/caller is retained separately in evidence and is not inferred solely from its name	EntitySettings\Heroes\Hero_Carmilla!Hero_Carmilla.entity.ot.EntitySettingsResource.gen	Defensive Ability Max Active Duration	EntitySettings\Heroes\Hero_Carmilla!Hero_Carmilla.entity.ot.EntitySettingsResource.gen@0x9b005					
Dash	Base	Dash	Common.LangEN.tsv	Ability_Dash_Desc	21	active_duration	0.25	seconds	Dash Ability Active Duration Selector{True => 0.25}	Hypothetical formatter baseline: DMG=10; HEALING=10; AP=0; no talents or objects; gameplay level unspecified; resource/form/hold/switch conditions preserved	decoded-baseline	Formatter/configuration decoding only; engine-fed operands and runtime branches preserved. Shared timer plus hero GUID overrides; intangible state transition outside timer not assumed	EntitySettings\Heroes\Hero_Common!Hero_Common.entity.ot.EntitySettingsResource.gen	Dash Ability Active Timer duration	EntitySettings\Heroes\Hero_Common!Hero_Common.entity.ot.EntitySettingsResource.gen@0xff98 -> EntitySettings\Heroes\Hero_Common!Hero_Common.entity.ot.EntitySettingsResource.gen@0xcaf8b -> EntitySettings\Heroes\Hero_Common!Hero_Common.entity.ot.EntitySettingsResource.gen@0xda4aa					
