# source_table	Hero_Snow_Queen_Common~GAM.xls
# rows	80
# note	English sidecar, positionally paired with key table. Game markup left verbatim.
index	key	text_en
0	Hero_Name	The Snow Queen
1	Ability_Trait_Name	Ice Crown
2	Ability_Trait_Desc	• #Passive:@ Some abilities apply #CHILLED@ to enemies hit, decreasing their move speed by #{0}%@ for #{1}@ seconds\n• #Active:@ Briefly becomes #INTANGIBLE@ and shatter all #CHILLED@ enemies, dealing &{2}~ damage to them and removing their #CHILLED@ status
3	Ability_Attack_Name	Ice Lances
4	Ability_Attack_Desc	• Shoot out ice lances that deal &{0}~ damage and pierce through enemies\n• Ice lances deal #+{1}%@ damage to #CHILLED@ targets
5	Ability_Power_Name	Frost Blast
6	Ability_Power_Desc	• Create a large area of frost, dealing &{0}~ damage to enemies in the area and inflicting them with #CHILLED@
7	Ability_Special_Name	Ice Shards
8	Ability_Special_Desc	• Throw a volley of ice shards at a short range, dealing up to &{0}~ damage\n• Ice Shards deal #+{1}%@ damage to #CHILLED@ enemies
9	Ability_Defense_Name	Ice Skating
10	Ability_Defense_Desc	• Boost own movement speed and create frost underfoot, dealing &{0}~ damage to enemies and inflicting them with #CHILLED@\n• Briefly grants #INTANGIBLE@ at the start of the ability
11	Ability_Ultimate_1_Name	Frost Ray
12	Ability_Ultimate_1_Desc	• Channel a Frost Ray to the ground, dealing &{0}~ damage per second and applying #CHILLED@ to hit enemies
13	Ability_Ultimate_2_Name	Snowstorm
14	Ability_Ultimate_2_Desc	• Summon a snow storm to deal &{0}~ damage per second, inflicting all enemies within range with #CHILLED@\n• The effect lasts #{1}@ seconds
15	Skill_Passive_Better_Frost_Name	Frost Queen
16	Skill_Passive_Better_Frost_Desc	• Frost generated by your abilities remains on the ground for &{0}~ seconds\n• #CHILLED@ effects slow enemies by an additional #{1}%@
17	Skill_Passive_Chilled_Crit_Name	Cold Heart
18	Skill_Passive_Chilled_Crit_Desc	• Gain &+{0}%~ Crit Chance for each #CHILLED@ enemy nearby (can stack up to #{1}@ times)
19	Skill_Passive_Damage_To_Chilled_Name	Frostbite
20	Skill_Passive_Damage_To_Chilled_Desc	• All abilities that deal extra damage to #CHILLED@ enemies deal &+{0}%~ extra damage
21	Skill_Dash_Frost_Name	Slide
22	Skill_Dash_Frost_Desc	• #DASH@ creates frost underfoot, dealing &{0}%~ of #DEFENSE@ damage to enemies passed
23	Skill_Dash_Freeze_Trap_Name	Freezing Stars
24	Skill_Dash_Freeze_Trap_Desc	• #DASH@ leaves behind an ice star that explodes due to a Shattering effect or after #{0}@ seconds\n• The ice star's explosion deals &{1}~ area damage and inflicts #CHILLED@ to enemies hit
25	Skill_Trait_Quest_Name	Rupture
26	Skill_Trait_Quest_Desc	• #Quest (x{0}):@ #SHATTER@ #{1}@ enemies with a single #TRAIT@ to earn #+{2} DMG@\n• #Complete@: #SHATTER@ leaves affected enemies #VULNERABLE@ for &{3}~ seconds
27	Skill_Trait_Sends_Attacks_Name	Lance Burst
28	Skill_Trait_Sends_Attacks_Desc	• #TRAIT@ sends &{0}~ #ATTACKS@ forward in a cone-shaped burst
29	Skill_Trait_Abilities_Cooldown_Name	
30	Skill_Trait_Abilities_Cooldown_Desc	
31	Skill_Trait_Charge_Name	Radiant Crown
32	Skill_Trait_Charge_Desc	• Gain #+1 TRAIT charge@\n• Any Shatter effect deals &+{0}%~ damage
33	Skill_Trait_Shield_Name	Protective Crown
34	Skill_Trait_Shield_Desc	• #TRAIT@ grants &{0}~ #SHIELD@ for #{1}@ seconds to all Heroes around for each enemy hit (up to #{2}@ times)
35	Skill_Attack_Dual_Name	Dual Lances
36	Skill_Attack_Dual_Desc	• #ATTACK@ sends forth two lances side by side but their maximum range is reduced by ${0}%*\n• Each lance deals &{1}%~ damage
37	Skill_Attack_Seeking_Name	Windy Lances
38	Skill_Attack_Seeking_Desc	• #ATTACK@'s lances can curve to seek out targets, and their duration resets whenever they hit an enemy, up to &{0}~ times
39	Skill_Power_Shatter_Name	Shattering Blast
40	Skill_Power_Shatter_Desc	• #POWER@ triggers #SHATTER@ when hitting enemies that are already #CHILLED@\n• Each #SHATTER@ deals &+{0}%~ damage
41	Skill_Power_Ice_Waves_Name	Hailstorm
42	Skill_Power_Ice_Waves_Desc	• After using #POWER@, &{0}~ waves of ice strike the area and deal #{1}@ damage each
43	Skill_Power_Hold_Name	Frost Surge
44	Skill_Power_Hold_Desc	• #POWER@ can be held to store up to #{0}@ levels of charge before being released\n• Each charge level increases damage dealt by &{1}%~ and the effect radius by #{2}%@
45	Skill_Power_Snowball_Name	Snowball
46	Skill_Power_Snowball_Desc	• #POWER@ sends a snowball that deals &{0}~ damage per second to enemies in its path and inflicts them with #CHILLED@\n• Each enemy hit reduces the size and damage of the snowball by ${1}%*
47	Skill_Special_Bleed_Name	
48	Skill_Special_Bleed_Desc	
49	Skill_Special_Double_Name	Ice Spray
50	Skill_Special_Double_Desc	• #SPECIAL@ sprays two bursts of ice shards in opposite directions, dealing &+{0}%~ damage to #CHILLED@ enemies.
51	Skill_Special_Extra_Waves_Names	Flurry of Shards
52	Skill_Special_Extra_Waves_Desc	• #SPECIAL@ can be held to hit up to &{0}~ more time(s)
53	Skill_Special_Icicles_Name	Ice Cores
54	Skill_Special_Icicles_Desc	• Each enemy hit by #POWER@ summons a core of ice (up to #{0}@)\n• The #SPECIAL@ consumes each core to fire an #ATTACK@ dealing &{1}%~ damage
55	Skill_Defense_Clone_Name	Ice Clone
56	Skill_Defense_Clone_Desc	• #DEFENSE@ leaves an ice clone with #{0}%@ of Hero's Maximum Health, attracting enemies' attention\n• When destroyed or after #{1}@ seconds have passed, it deals &{2}~ area damage and inflicts #CHILLED@ to enemies hit
57	Skill_Defense_Vulnerable_Name	Frost Exposure
58	Skill_Defense_Vulnerable_Desc	• #DEFENSE@ also applies #VULNERABLE@ to all enemies hit for &{0}~ seconds
59	Skill_Defense_Deals_Damage_Name	Biting Gust
60	Skill_Defense_Deals_Damage_Desc	• #DEFENSE@ deals &{0}~ damage over its duration
61	Skill_Defense_Shield_Name	Ice Shield
62	Skill_Defense_Shield_Desc	• #DEFENSE@ grants a &{0}~ SHIELD to {1} and all Heroes passed for #{2}@ seconds
63	Skill_Defense_Sends_Attacks_Name	Strafe
64	Skill_Defense_Sends_Attacks_Desc	• #DEFENSE@ sends up to &{0}~ successive #ATTACKS@ to nearby enemies
65	Skill_Defense_Final_Name	Pirouette
66	Skill_Defense_Final_Desc	• Retriggering #DEFENSE@ while it is in progress triggers a spin dealing &{0}~ area damage, #+{1}%@ to #CHILLED@ enemies
67	Skill_Ultimate_1_Name	Frost Ray
68	Skill_Ultimate_1_Desc	• Channel a frost ray to the ground that deals damage over time and creates #FROST@ in a targetable area
69	Skill_Ultimate_2_Name	Snowstorm
70	Skill_Ultimate_2_Desc	• Summon a snow storm that deals damage over time, inflicting all enemies within range with #CHILLED@
71	Skill_Ultimate_1_Upgrade_Casts_Trait_Name	Royal Ray
72	Skill_Ultimate_1_Upgrade_Casts_Trait_Desc	• #ULTIMATE@ triggers #TRAIT@ at its start and deals &+{0}%~ damage for each shattered enemy (up to #+{1}%@)
73	Skill_Ultimate_1_Upgrade_Ice_Beam_Name	Ice Beam
74	Skill_Ultimate_1_Upgrade_Ice_Beam_Desc	• #ULTIMATE@ now channels an ice beam, dealing &{0}%~ damage and inflicting #CHILLED@ to first enemy hit
75	Skill_Ultimate_2_Upgrade_Abillity_Blast_Name	Rending Storm
76	Skill_Ultimate_2_Upgrade_Abillity_Blast_Desc	• Each time {0} casts #TRAIT@, #POWER@ or #SPECIAL@ within the #ULTIMATE@ zone, the storm unleashes a burst dealing &{1}~ damage
77	Skill_Ultimate_2_Upgrade_Shatter_Name	Shattering Storm 
78	Skill_Ultimate_2_Upgrade_Shatter_Desc	• When #ULTIMATE@ effect ends, zone explodes and #SHATTERS@ all enemies insides, dealing &{0}~ damage
79	Hero_Desc	Once loved by her people as a warm and caring sovereign sorceress, Nyss left and joined the Ravenswatch when Nightmares corrupted her healing powers, making her touch deadly and her gaze bitter. The Snow Queen freezes enemies at a distance before crushing them with destructive spells. Nothing shatters more completely than a monster turned to ice.
