# source_table	Aladdin numerical talents
# rows	26
# snapshot_id	2026-10-05-talents-verified
# status	Verified numerical talent table with unlock ranks; in-game compendium and datamined verified 2026-10-05.
# baseline	Character damage/healing basis 10, no added ability modifiers; slash values use Common/Rare/Epic/Legendary order.
# source_version	Verified against live game build compendium and hero definition progression.
roster_order	name_key	name_row	desc_key	desc_row	name	controller	unlock_rank	effect_en	notes	tooltip_component	tooltip_offset	tooltip_arguments_json	wiki_icon_filename
6	Skill_Defense_Energy_Name	59	Skill_Defense_Energy_Desc	60	Acrobatics	Skill Controller Defense Energy	3	Each enemy passed during DEFENSE grants 3 / 4 / 5 / 6 ENCHANTMENT points		Skill String Desc Defense Energy	0x6a352	"[{""kind"":1,""format"":1,""value"":{""selector"":""Skill Defense Energy Value Selector"",""offset"":""0x93ea6"",""entries"":[[""0x15fc6bf9"",6],[""0x15fc6bf1"",5],[""0x15fc6bf7"",4],[{""type"":2,""value"":true,""offset"":""0x94194""},3]]}}]"	Aladdin Acrobatics talent icon.png
14	Skill_Special_Quest_Name	47	Skill_Special_Quest_Desc	48	Aerial Catch	Skill Controller Special Quest	1	Quest (x15): After they hit an enemy, retrieving SPECIAL blades during DEFENSE grants +1 ARMOR\nComplete: Doing it again grants 12 / 15 / 18 / 21 SHIELD to all nearby Heroes for 6 seconds		Skill String Desc Special Quest	0x6bd61	"[{""kind"":1,""format"":0,""value"":{""selector"":""Skill Special Quest Count Selector"",""offset"":""0x9778e"",""entries"":[[{""type"":2,""value"":true,""offset"":""0x97837""},15],[""0x15fc6bf9"",30],[""0x15fc6bf1"",25],[""0x15fc6bf7"",20]]}},{""kind"":0,""format"":0,""value"":1.0},{""kind"":0,""format"":2,""value"":{""operation"":""Skill Special Quest Proc Complete Shield Operation"",""offset"":""0x4f462"",""operator"":""0x17b29be2"",""children"":[{""selector"":""Level Healing Selector"",""offset"":""0x571a5"",""entries"":[[""0xfd2833c"",{""class"":""oCDtEntityCpntCharacterControllerSettings"",""name"":""Character Controller"",""property"":""0x1b4416d9"",""fallback"":{""type"":0,""value"":10.0,""offset"":""0x57319""}}],[{""type"":2,""value"":true,""offset"":""0x5734a""},10.0]]},{""selector"":""Skill Special Quest Complete Shield Selector"",""offset"":""0x97441"",""entries"":[[""0x15fc6bf9"",2.0999999046325684],[""0x15fc6bf1"",1.7999999523162842],[""0x15fc6bf7"",1.5],[{""type"":2,""value"":true,""offset"":""0x97734""},1.2000000476837158]]}]}},{""kind"":0,""format"":0,""value"":6.0}]"	Aladdin Aerial Catch talent icon.png
5	Skill_Defense_Dash_Name	61	Skill_Defense_Dash_Desc	62	Air Dash	Skill Controller Defense Dash	1	DASH can be triggered during DEFENSE's air time \nDoing so increases ATTACK speed by 15% for 4 / 5 / 6 / 7 second(s)		Skill String Desc Defense Dash	0x6a109	"[{""kind"":0,""format"":1,""value"":0.15000000596046448},{""kind"":0,""format"":0,""value"":{""selector"":""Skill Defense Dash Buff Duration Selector"",""offset"":""0x93b60"",""entries"":[[""0x15fc6bf9"",7.0],[""0x15fc6bf1"",6.0],[""0x15fc6bf7"",5.0],[{""type"":2,""value"":true,""offset"":""0x93e4c""},4.0]]}}]"	Aladdin Air Dash talent icon.png
11	Skill_Power_Start_AOE_Name	37	Skill_Power_Start_AOE_Desc	38	Cyclonic Appearance	Skill Controller Power Start AOE	1	When triggering POWER, Jinn hits all nearby enemies and deals 50 / 60 / 70 / 80% of POWER's damage		Skill String Desc Power Start AOE	0x6b840	"[{""kind"":0,""format"":1,""value"":{""selector"":""Skill Power Start AOE Damage Multiplier Selector"",""offset"":""0x96a2b"",""entries"":[[""0x15fc6bf9"",0.800000011920929],[""0x15fc6bf1"",0.699999988079071],[""0x15fc6bf7"",0.6000000238418579],[{""type"":2,""value"":true,""offset"":""0x96d2a""},0.5]]}}]"	Aladdin Cyclonic Appearance talent icon.png
12	Skill_Special_Extra_Spins_Name	55	Skill_Special_Extra_Spins_Desc	56	Dancing Blades	Skill Controller Special Extra Spins	1	Spin duration of SPECIAL's blades is increased by 75 / 100 / 125 / 150%\nBlades can be recalled sooner by triggering SPECIAL again		Skill String Desc Special Extra Spins	0x6b9ee	"[{""kind"":0,""format"":1,""value"":{""selector"":""Skill Special Extra Spins Extra Duration Ratio Selector"",""offset"":""0x96d84"",""entries"":[[""0x15fc6bf9"",1.5],[""0x15fc6bf1"",1.25],[""0x15fc6bf7"",1.0],[{""type"":2,""value"":true,""offset"":""0x9709a""},0.75]]}}]"	Aladdin Dancing Blades talent icon.png
1	Skill_Attack_Dive_Name	31	Skill_Attack_Dive_Desc	32	Dive	Skill Controller Attack Dive	2	Using ATTACK during DEFENSE's jump makes Aladdin dive to the ground, dealing 400 / 500 / 600 / 700% of ATTACK's damage all around		Skill String Desc Attack Dive	0x69450	"[{""kind"":5,""format"":1,""value"":{""raw"":""000000000300000004000000546578741b0000004865726f5f416c616464696e5f436f6d6d6f6e7e47414d2e786c7300000000090000004865726f5f4e616d65"",""strings"":[[431457,""Text""],[431465,""Hero_Aladdin_Common~GAM.xls""],[431500,""Hero_Name""]]}},{""kind"":0,""format"":1,""value"":{""selector"":""Skill Attack Dive Damage Multiplier Selector"",""offset"":""0x921c1"",""entries"":[[""0x15fc6bf9"",7.0],[""0x15fc6bf1"",6.0],[""0x15fc6bf7"",5.0],[{""type"":2,""value"":true,""offset"":""0x924ac""},4.0]]}}]"	Aladdin Dive talent icon.png
4	Skill_Attack_Spawns_DS_Name	29	Skill_Attack_Spawns_DS_Desc	30	Dream Scimitars	Skill Controller Attack Spawns DS	7	While ENCHANTMENT is active on blades, ATTACK has a 40 / 50 / 60 / 70% chance of earning Aladdin a Dream Shard upon enemy hit		Skill String Desc Attack Spawns DS	0x69b0d	"[{""kind"":0,""format"":1,""value"":{""selector"":""Skill Attack Spawns DS Chance Selector"",""offset"":""0x92d8e"",""entries"":[[""0x15fc6bf9"",0.699999988079071],[""0x15fc6bf1"",0.6000000238418579],[""0x15fc6bf7"",0.5],[{""type"":2,""value"":true,""offset"":""0x93087""},0.4000000059604645]]}},{""kind"":5,""format"":0,""value"":{""raw"":""000000000300000004000000546578741b0000004865726f5f416c616464696e5f436f6d6d6f6e7e47414d2e786c7300000000090000004865726f5f4e616d65"",""strings"":[[433377,""Text""],[433385,""Hero_Aladdin_Common~GAM.xls""],[433420,""Hero_Name""]]}}]"	Aladdin Dream Scimitars talent icon.png
25	Skill_Ultimate_2_Carpet_DS_Name	73	Skill_Ultimate_2_Carpet_DS_Desc	74	Dream Stride	Skill Controller Ultimate 2 Upgrade 1	6	Each time ULTIMATE hits an enemy, Aladdin gains 8 / 10 / 12 / 14 Dream Shards\nULTIMATE has no cooldown if no enemies are hit		Skill String Desc Ultimate 2 Carpet DS	0x6d2e8	"[{""kind"":1032716293,""format"":0,""value"":{""raw"":""000000000300000004000000546578741b0000004865726f5f416c616464696e5f436f6d6d6f6e7e47414d2e786c7300000000090000004865726f5f4e616d65"",""strings"":[[447572,""Text""],[447580,""Hero_Aladdin_Common~GAM.xls""],[447615,""Hero_Name""]]}},{""kind"":1056964609,""format"":0,""value"":{""selector"":""Skill Ultimate 2 Carpet DS Value Selector"",""offset"":""0x9a0e7"",""entries"":[[""0x15fc6bf9"",14],[""0x15fc6bf1"",12],[""0x15fc6bf7"",10],[{""type"":2,""value"":true,""offset"":""0x9a3f3""},8]]}}]"	Aladdin Dream Stride talent icon.png
21	Skill_Power_Energy_Name	45	Skill_Power_Energy_Desc	46	Enchanted Jinn	Skill Controller Power Energy	8	POWER can consume up to 5 ENCHANTMENT points to increase its Crit Chance by 10% per point\nThe maximum number of ENCHANTMENT points is increased by 5 / 10 / 15 / 20		Skill String Desc Power Energy	0x6b0a6	"[{""kind"":1,""format"":0,""value"":5},{""kind"":0,""format"":1,""value"":0.10000000149011612},{""kind"":1,""format"":1,""value"":{""selector"":""Skill Power Energy Maximum Increase Selector"",""offset"":""0x95ba7"",""entries"":[[""0x15fc6bf9"",20],[""0x15fc6bf1"",15],[""0x15fc6bf7"",10],[{""type"":2,""value"":true,""offset"":""0x95e96""},5]]}}]"	Aladdin Enchanted Jinn talent icon.png
13	Skill_Special_Healing_Name	53	Skill_Special_Healing_Desc	54	Healing Blades	Skill Controller Special Healing	1	When retrieved, SPECIAL's blades heal all Heroes nearby for each enemy hit, up to 7.5 / 9 / 10.5 / 12 Health		Skill String Desc Special Healing	0x6bbaf	"[{""kind"":0,""format"":2,""value"":{""operation"":""Skill Special Healing Max Healing Operation"",""offset"":""0x4f092"",""operator"":""0x17b29be2"",""children"":[{""operation"":""Skill Special Healing Heal Per Impact Operation"",""offset"":""0x4eeb2"",""operator"":""0x17b29be2"",""children"":[{""selector"":""Level Healing Selector"",""offset"":""0x571a5"",""entries"":[[""0xfd2833c"",{""class"":""oCDtEntityCpntCharacterControllerSettings"",""name"":""Character Controller"",""property"":""0x1b4416d9"",""fallback"":{""type"":0,""value"":10.0,""offset"":""0x57319""}}],[{""type"":2,""value"":true,""offset"":""0x5734a""},10.0]]},{""selector"":""Skill Special Healing Value Selector"",""offset"":""0x970f4"",""entries"":[[""0x15fc6bf9"",0.23999999463558197],[""0x15fc6bf1"",0.20999999344348907],[""0x15fc6bf7"",0.18000000715255737],[{""type"":2,""value"":true,""offset"":""0x973e7""},0.15000000596046448]]}]},5]}}]"	Aladdin Healing Blades talent icon.png
26	Skill_Ultimate_1_More_Wish_Name	71	Skill_Ultimate_1_More_Wish_Desc	72	Infinite Wishes	Skill Controller Ultimate 1 Upgrade 2	9	Gain +3 TRAIT charges\nDream Shards cost for ULTIMATE is reduced by 20 / 30 / 40 / 50%		Skill String Desc Ultimate 1 More Wish	0x6d01b	"[{""kind"":1031012353,""format"":1,""value"":3},{""kind"":1041864960,""format"":1,""value"":{""selector"":""Skill Ultimate 1 More Wish Ultimate Reduction Selector"",""offset"":""0x99b0c"",""entries"":[[""0x15fc6bf9"",0.5],[""0x15fc6bf1"",0.4000000059604645],[""0x15fc6bf7"",0.30000001192092896],[{""type"":2,""value"":true,""offset"":""0x99e25""},0.20000000298023224]]}}]"	Aladdin Infinite Wishes talent icon.png
9	Skill_Power_Multi_Hit_Name	39	Skill_Power_Multi_Hit_Desc	40	Jinn's Fury	Skill Controller Power Multi Hit	1	POWER strikes 3 times, each one dealing 40 / 45 / 50 / 55% damage		Skill String Desc Power Multi Hit	0x6b3a3	"[{""kind"":0,""format"":1,""value"":{""selector"":""Skill Power Multi Hit Damage Multiplier Selector"",""offset"":""0x96131"",""entries"":[[""0x15fc6bf9"",0.550000011920929],[""0x15fc6bf1"",0.5],[""0x15fc6bf7"",0.44999998807907104],[{""type"":2,""value"":true,""offset"":""0x96430""},0.4000000059604645]]}}]"	Aladdin Jinns Fury talent icon.png
10	Skill_Power_Quest_Name	41	Skill_Power_Quest_Desc	42	Jinn's Might	Skill Controller Power Quest	2	Quest (x20): Hitting an enemy with POWER at maximum charge grants +0.5 DMG\nComplete: Increases POWER's bonus damage from charge by 40 / 50 / 60 / 70%		Skill String Desc Power Quest	0x6b551	"[{""kind"":1,""format"":1,""value"":20},{""kind"":0,""format"":0,""value"":0.5},{""kind"":0,""format"":1,""value"":{""selector"":""Skill Power Quest Extra Distance Multiplier Selector"",""offset"":""0x966de"",""entries"":[[""0x15fc6bf9"",0.699999988079071],[""0x15fc6bf1"",0.6000000238418579],[""0x15fc6bf7"",0.5],[{""type"":2,""value"":true,""offset"":""0x969d1""},0.4000000059604645]]}}]"	Aladdin Jinns Might talent icon.png
15	Skill_Trait_Extra_Wish_Name	23	Skill_Trait_Extra_Wish_Desc	24	Jinniya's Gift	Skill Controller Trait Extra Wish	1	Gain +1 TRAIT charge\nFuture Talents have a +15 / 25 / 35 / 45% chance of being Rare or above		Skill String Desc Trait Extra Wish	0x6c608	"[{""kind"":0,""format"":1,""value"":{""selector"":""Skill Trait Extra Wish Better Quality Chance Selector"",""offset"":""0x984b4"",""entries"":[[""0x15fc6bf9"",0.44999998807907104],[""0x15fc6bf1"",0.3499999940395355],[""0x15fc6bf7"",0.25],[{""type"":2,""value"":true,""offset"":""0x987bc""},0.15000000596046448]]}}]"	Aladdin Jinniyas Gift talent icon.png
18	Skill_Dash_Attack_Name	21	Skill_Dash_Attack_Desc	22	Leaping Strike	Skill Controller Dash Attack	4	ATTACK used right after DASH deals 200 / 250 / 300 / 350% damages and strikes twice with ENCHANTMENT		Skill String Desc Dash Attack	0x69f65	"[{""kind"":0,""format"":1,""value"":{""selector"":""Skill Dash Attack Extra Damage Multiplier Selector"",""offset"":""0x93815"",""entries"":[[""0x15fc6bf9"",3.5],[""0x15fc6bf1"",3.0],[""0x15fc6bf7"",2.5],[{""type"":2,""value"":true,""offset"":""0x93b06""},2.0]]}}]"	Aladdin Leaping Strike talent icon.png
7	Skill_Passive_Energy_Name	15	Skill_Passive_Energy_Desc	16	Major Enchantment	Skill Controller Passive Energy	1	While NOT using ATTACK, passively generate 1 ENCHANTMENT points every 3 / 2.5 / 2.25 / 2 seconds		Skill String Desc Passive Energy	0x6a98e	"[{""kind"":1,""format"":2,""value"":1},{""kind"":0,""format"":0,""value"":{""selector"":""Skill Passive Energy Delay Selector"",""offset"":""0x948cc"",""entries"":[[""0x15fc6bf9"",2.0],[""0x15fc6bf1"",2.25],[""0x15fc6bf7"",2.5],[{""type"":2,""value"":true,""offset"":""0x94bba""},3.0]]}}]"	Aladdin Major Enchantment talent icon.png
20	Skill_Passive_Extra_MO_Name	19	Skill_Passive_Extra_MO_Desc	20	Master Thief	Skill Controller Passive Extra MO	8	Whenever you choose a Common, Rare or Epic Magical Object, you have a 40 / 50 / 60 / 70%/20 / 25 / 30 / 35%/10 / 12 / 14 / 16% chance to get another copy of it		Skill String Desc Passive Extra MO	0x6abda	"[{""kind"":0,""format"":1,""value"":{""selector"":""Skill Passive Extra MO Chance Selector Common"",""offset"":""0x94c14"",""entries"":[[""0x15fc6bf9"",0.699999988079071],[""0x15fc6bf1"",0.6000000238418579],[""0x15fc6bf7"",0.5],[{""type"":2,""value"":true,""offset"":""0x94f14""},0.4000000059604645]]}},{""kind"":0,""format"":1,""value"":{""selector"":""Skill Passive Extra MO Chance Selector Rare"",""offset"":""0x952c6"",""entries"":[[""0x15fc6bf9"",0.3499999940395355],[""0x15fc6bf1"",0.30000001192092896],[""0x15fc6bf7"",0.25],[{""type"":2,""value"":true,""offset"":""0x955c4""},0.20000000298023224]]}},{""kind"":0,""format"":1,""value"":{""selector"":""Skill Passive Extra MO Chance Selector Epic"",""offset"":""0x94f6e"",""entries"":[[""0x15fc6bf9"",0.1599999964237213],[""0x15fc6bf1"",0.14000000059604645],[""0x15fc6bf7"",0.11999999731779099],[{""type"":2,""value"":true,""offset"":""0x9526c""},0.10000000149011612]]}}]"	Aladdin Master Thief talent icon.png
27	Skill_Ultimate_2_Carpet_Dash_Name	75	Skill_Ultimate_2_Carpet_Dash_Desc	76	Quick Ride	Skill Controller Ultimate 2 Upgrade 2	9	DASH uses Magic Carpet to deal 40 / 50 / 60 / 70 damage to enemies passed and can be held for up to 1 second(s)		Skill String Desc Ultimate 2 Carpet Dash	0x6d55c	"[{""kind"":1032716288,""format"":2,""value"":{""operation"":""Skill Ultimate 2 Carpet Dash Supposed Damage"",""offset"":""0x4fc7e"",""operator"":""0x17b29be2"",""children"":[{""selector"":""Level Damage Selector"",""offset"":""0x56f54"",""entries"":[[""0xfd2833c"",{""class"":""oCDtEntityCpntCharacterControllerSettings"",""name"":""Character Controller"",""property"":""0x15879235"",""fallback"":{""type"":0,""value"":10.0,""offset"":""0x570c7""}}],[{""type"":2,""value"":true,""offset"":""0x570f8""},10.0]]},{""operation"":""Ultimate AP Multiplier Operation"",""offset"":""0x8fbf8"",""operator"":""0x17af9527"",""children"":[1.0,{""class"":""oCDtEntityCpntCharacterControllerSettings"",""name"":""Character Controller"",""property"":""0x174118ae"",""fallback"":{""type"":0,""value"":0.0,""offset"":""0x59cb7""}},{""class"":""oCEntityCpntModifierListenerSettings"",""name"":""Ultimate AP Modifier Listener"",""property"":""0x15a57291"",""fallback"":{""type"":0,""value"":0.0,""offset"":""0x8fda4""}}]},{""selector"":""Skill Ultimate 2 Carpet Dash Damage Ratio Selector"",""offset"":""0x9a840"",""entries"":[[""0x15fc6bf9"",7.0],[""0x15fc6bf1"",6.0],[""0x15fc6bf7"",5.0],[{""type"":2,""value"":true,""offset"":""0x9ab5d""},4.0]]}]}},{""kind"":1056964608,""format"":8,""value"":1.0}]"	Aladdin Quick Ride talent icon.png
22	Skill_Special_Vacuum_Name	57	Skill_Special_Vacuum_Desc	58	Sand Vortex	Skill Controller Special Vacuum	7	SPECIAL's blades, when stationary, pull in enemies around them\nSPECIAL deals +40 / 50 / 60 / 70% damage		Skill String Desc Special Vacuum	0x6c46d	"[{""kind"":0,""format"":1,""value"":{""selector"":""Skill Special Vacuum AP Selector"",""offset"":""0x9816f"",""entries"":[[""0x15fc6bf9"",0.699999988079071],[""0x15fc6bf1"",0.6000000238418579],[""0x15fc6bf7"",0.5],[{""type"":2,""value"":true,""offset"":""0x9845a""},0.4000000059604645]]}}]"	Aladdin Sand Vortex talent icon.png
23	Skill_Attack_Wide_Name	35	Skill_Attack_Wide_Desc	36	Shard Blades	Skill Controller Attack Wide	1	While ENCHANTMENT is active on blades, ATTACKS have their range increased by 20 / 25 / 30 / 35% and deal +20% damage		Skill String Desc Attack Wide	0x69d29	"[{""kind"":0,""format"":1,""value"":{""selector"":""Skill Attack Wide Radius Value Selector"",""offset"":""0x934d5"",""entries"":[[""0x15fc6bf9"",0.3499999940395355],[""0x15fc6bf1"",0.30000001192092896],[""0x15fc6bf7"",0.25],[{""type"":2,""value"":true,""offset"":""0x937bb""},0.20000000298023224]]}},{""kind"":1056964608,""format"":1,""value"":0.20000000298023224}]"	Aladdin Shard Blades talent icon.png
3	Skill_Attack_No_Weapon_Name	27	Skill_Attack_No_Weapon_Desc	28	Slide Attack	Skill Controller Attack No Weapon	1	Using ATTACK while the blades are flying makes you slide and deal 400 / 500 / 600 / 700% of ATTACK's damage along the path		Skill String Desc Attack No Weapon	0x6995b	"[{""kind"":0,""format"":1,""value"":{""selector"":""Skill Attack No Weapon Damage Multiplier Selector"",""offset"":""0x92a30"",""entries"":[[""0x15fc6bf9"",7.0],[""0x15fc6bf1"",6.0],[""0x15fc6bf7"",5.0],[{""type"":2,""value"":true,""offset"":""0x92d34""},4.0]]}}]"	Aladdin Slide Attack talent icon.png
2	Skill_Attack_Flurry_Name	33	Skill_Attack_Flurry_Desc	34	Spinning Strikes	Skill Controller Attack Flurry	3	After retrieving SPECIAL's blades, next ATTACK within 2 second(s) spins 2 times (twice as many with ENCHANTMENT) and deals +80 / 100 / 120 / 140% damage		Skill String Desc Attack Flurry	0x69663	"[{""kind"":0,""format"":0,""value"":2.0},{""kind"":1,""format"":1,""value"":2},{""kind"":0,""format"":1,""value"":{""selector"":""Skill Attack Flurry Damage Multiplier Selector"",""offset"":""0x92506"",""entries"":[[""0x15fc6bf9"",1.399999976158142],[""0x15fc6bf1"",1.2000000476837158],[""0x15fc6bf7"",1.0],[{""type"":2,""value"":true,""offset"":""0x927fb""},0.800000011920929]]}}]"	Aladdin Spinning Strikes talent icon.png
8	Skill_Power_Blades_Name	43	Skill_Power_Blades_Desc	44	Swordjinn	Skill Controller Power Blades	4	POWER Jinn can catch SPECIAL's blades and deal +80 / 120 / 140 / 160% damage in a wider range		Skill String Desc Power Blades	0x6af04	"[{""kind"":0,""format"":1,""value"":{""selector"":""Skill Power Blades Damage Multiplier Selector"",""offset"":""0x9561e"",""entries"":[[""0x15fc6bf9"",1.600000023841858],[""0x15fc6bf1"",1.399999976158142],[""0x15fc6bf7"",1.2000000476837158],[{""type"":2,""value"":true,""offset"":""0x9590e""},0.800000011920929]]}}]"	Aladdin Swordjinn talent icon.png
19	Skill_Defense_Tornado_Name	63	Skill_Defense_Tornado_Desc	64	Tornado Jump	Skill Controller Defense Tornado	5	DEFENSE casts a tornado that moves toward Aladdin and deals 40 / 50 / 60 / 70 damage per second for 4 seconds		Skill String Desc Defense Tornado	0x6a4f0	"[{""kind"":5,""format"":0,""value"":{""raw"":""000000000300000004000000546578741b0000004865726f5f416c616464696e5f436f6d6d6f6e7e47414d2e786c7300000000090000004865726f5f4e616d65"",""strings"":[[435721,""Text""],[435729,""Hero_Aladdin_Common~GAM.xls""],[435764,""Hero_Name""]]}},{""kind"":0,""format"":2,""value"":{""operation"":""Skill Defense Tornado Supposed DPS Operation"",""offset"":""0x4e3a7"",""operator"":""0x17b29be2"",""children"":[{""selector"":""Level Damage Selector"",""offset"":""0x56f54"",""entries"":[[""0xfd2833c"",{""class"":""oCDtEntityCpntCharacterControllerSettings"",""name"":""Character Controller"",""property"":""0x15879235"",""fallback"":{""type"":0,""value"":10.0,""offset"":""0x570c7""}}],[{""type"":2,""value"":true,""offset"":""0x570f8""},10.0]]},0.0,{""operation"":""Defensive Ability AP Multiplier Operation"",""offset"":""0x8dbe8"",""operator"":""0x17af9527"",""children"":[1.0,{""class"":""oCDtEntityCpntCharacterControllerSettings"",""name"":""Character Controller"",""property"":""0x174118ae"",""fallback"":{""type"":0,""value"":0.0,""offset"":""0x59cb7""}},{""class"":""oCEntityCpntModifierListenerSettings"",""name"":""Defensive Ability AP Modifier Listener"",""property"":""0x15a57291"",""fallback"":{""type"":0,""value"":0.0,""offset"":""0x8dda6""}}]}]}},{""kind"":0,""format"":0,""value"":4.0}]"	Aladdin Tornado Jump talent icon.png
28	Skill_Trait_Wish_Omnipotence_Name	79	Skill_Trait_Wish_Omnipotence_Desc	80	Wish of Omnipotence	Skill Controller Trait Wish Omnipotence	5	Casting wishes grant OMNIPOTENCE to all nearby Heroes for 8 / 10 / 12 / 14 seconds\nDuring OMNIPOTENCE, Heroes POWER, SPECIAL and DEFENSE have a 0.5 second(s) cooldown		Skill String Desc Trait Wish Omnipotence	0x6ca16	"[{""kind"":0,""format"":0,""value"":{""selector"":""Skill Trait Wish Omnipotence Duration Selector"",""offset"":""0x98b70"",""entries"":[[""0x15fc6bf9"",14.0],[""0x15fc6bf1"",12.0],[""0x15fc6bf7"",10.0],[{""type"":2,""value"":true,""offset"":""0x98e89""},8.0]]}},{""kind"":0,""format"":0,""value"":0.5}]"	Aladdin Wish of Omnipotence talent icon.png
24	Skill_Ultimate_1_Better_Wish_Name	69	Skill_Ultimate_1_Better_Wish_Desc	70	Wondrous Wishes	Skill Controller Ultimate 1 Upgrade 1	1	All wishes are improved:\nPOWER: deals +50 / 75 / 100 / 125% damage\nSPECIAL: 40 / 60 / 80 / 100% chance to generate 2 consumables\nDEFENSE: +100 / 125 / 150 / 175% SHIELD gained		Skill String Desc Ultimate 1 Better Wish	0x6cc92	"[{""kind"":1031012352,""format"":1,""value"":{""selector"":""Skill Ultimate 1 Better Wish Damage Value"",""offset"":""0x9943c"",""entries"":[[""0x15fc6bf9"",1.25],[""0x15fc6bf1"",1.0],[""0x15fc6bf7"",0.75],[{""type"":2,""value"":true,""offset"":""0x9974a""},0.5]]}},{""kind"":1041864960,""format"":1,""value"":{""selector"":""Skill Ultimate 1 Better Wish Chance Value"",""offset"":""0x990d4"",""entries"":[[""0x15fc6bf9"",1.0],[""0x15fc6bf1"",0.800000011920929],[""0x15fc6bf7"",0.6000000238418579],[{""type"":2,""value"":true,""offset"":""0x993e2""},0.4000000059604645]]}},{""kind"":1060061184,""format"":1,""value"":{""selector"":""Skill Ultimate 1 Better Wish Shield Value"",""offset"":""0x997a4"",""entries"":[[""0x15fc6bf9"",1.75],[""0x15fc6bf1"",1.5],[""0x15fc6bf7"",1.25],[{""type"":2,""value"":true,""offset"":""0x99ab2""},1.0]]}}]"	Aladdin Wondrous Wishes talent icon.png
