# source_table	Carmilla numerical talents
# rows	26
# snapshot_id	2026-10-05-talents-verified
# status	Verified numerical talent table with unlock ranks; in-game compendium and datamined verified 2026-10-05.
# baseline	Character damage/healing basis 10, no added ability modifiers; slash values use Common/Rare/Epic/Legendary order.
# source_version	Verified against live game build compendium and hero definition progression.
roster_order	name_key	name_row	desc_key	desc_row	name	controller	unlock_rank	effect_en	notes	tooltip_component	tooltip_offset	tooltip_arguments_json	wiki_icon_filename
6	Skill_Defense_Projectile_Name	63	Skill_Defense_Projectile_Desc	64	Aggressive Flock	Skill Controller Defense Projectile	3	During DEFENSE, Carmilla casts a bat every 0.5 / 0.35 / 0.3 / 0.25 second(s) that seeks out nearby enemies and pierces through them, dealing 10 damage		Skill String Desc Defense Projectile	0x5e944	"[{""kind"":5,""format"":0,""value"":{""raw"":""000000000300000004000000546578741c0000004865726f5f4361726d696c6c615f436f6d6d6f6e7e47414d2e786c7300000000090000004865726f5f4e616d65"",""strings"":[[387684,""Text""],[387692,""Hero_Carmilla_Common~GAM.xls""],[387728,""Hero_Name""]]}},{""kind"":1041864960,""format"":0,""value"":{""selector"":""Skill Defense Projectile Tick Selector"",""offset"":""0x8c70f"",""entries"":[[""0x15fc6bf9"",0.25],[""0x15fc6bf1"",0.30000001192092896],[""0x15fc6bf7"",0.3499999940395355],[{""type"":2,""value"":true,""offset"":""0x8ca13""},0.5]]}},{""kind"":1060061184,""format"":2,""value"":{""operation"":""Skill Defense Projectile Supposed Damage Operation"",""offset"":""0x431cb"",""operator"":""0x17b29be2"",""children"":[{""selector"":""Level Damage Selector"",""offset"":""0x56f54"",""entries"":[[""0xfd2833c"",{""class"":""oCDtEntityCpntCharacterControllerSettings"",""name"":""Character Controller"",""property"":""0x15879235"",""fallback"":{""type"":0,""value"":10.0,""offset"":""0x570c7""}}],[{""type"":2,""value"":true,""offset"":""0x570f8""},10.0]]},1.0,{""operation"":""Defensive Ability AP Multiplier Operation"",""offset"":""0x8dbe8"",""operator"":""0x17af9527"",""children"":[1.0,{""class"":""oCDtEntityCpntCharacterControllerSettings"",""name"":""Character Controller"",""property"":""0x174118ae"",""fallback"":{""type"":0,""value"":0.0,""offset"":""0x59cb7""}},{""class"":""oCEntityCpntModifierListenerSettings"",""name"":""Defensive Ability AP Modifier Listener"",""property"":""0x15a57291"",""fallback"":{""type"":0,""value"":0.0,""offset"":""0x8dda6""}}]}]}}]"	Carmilla Aggressive Flock talent icon.png
24	Skill_Trait_Heal_Buff_Name	33	Skill_Trait_Heal_Buff_Desc	34	Angel and Demon	Skill Controller Trait Heal Buff	7	When using TRAIT:\nDay: Restores 20 / 25 / 30 / 35 health to all nearby heroes.\nNight: Grants STRENGTH to all nearby heroes for 4 / 5 / 6 / 7 seconds.		Skill String Desc Trait Heal Buff	0x60cf3	"[{""kind"":0,""format"":2,""value"":{""operation"":""Skill Trait Heal Buff Gain Life Operations"",""offset"":""0x44407"",""operator"":""0x17b29be2"",""children"":[{""class"":""oCDtEntityCpntCharacterControllerSettings"",""name"":""Character Controller"",""property"":""0x15879235"",""fallback"":{""type"":0,""value"":0.0,""offset"":""0x4452b""}},{""selector"":""Skill Trait Heal Buff Heal Selector"",""offset"":""0x913f7"",""entries"":[[""0x15fc6bf9"",3.5],[""0x15fc6bf1"",3.0],[""0x15fc6bf7"",2.5],[{""type"":2,""value"":true,""offset"":""0x916ec""},2.0]]},{""class"":""oCEntityCpntValueOperationsSettings"",""name"":""Ultimate Extra AP Operation"",""property"":""0x17ae7811"",""fallback"":{""type"":0,""value"":0.0,""offset"":""0x44627""}}]}},{""kind"":3452816640,""format"":8,""value"":{""selector"":""Skill Trait Heal Buff Strength Time Selector"",""offset"":""0x91746"",""entries"":[[""0x15fc6bf9"",7.0],[""0x15fc6bf1"",6.0],[""0x15fc6bf7"",5.0],[{""type"":2,""value"":true,""offset"":""0x91a44""},4.0]]}}]"	Carmilla Angel and Demon talent icon.png
5	Skill_Defense_Master_Name	61	Skill_Defense_Master_Desc	62	Bat Master	Skill Controller Defense Master	1	When not in combat, DEFENSE grants STEALTH and can be held without consuming BLOOD\nDEFENSE deals +40 / 50 / 60 / 70% damage\nSTEALTH make Carmilla undetectable by enemies		Skill String Desc Defense Master	0x5e7a7	"[{""kind"":0,""format"":1,""value"":{""selector"":""Skill Defense Master AP Selector"",""offset"":""0x8c3c7"",""entries"":[[""0x15fc6bf9"",0.699999988079071],[""0x15fc6bf1"",0.6000000238418579],[""0x15fc6bf7"",0.5],[{""type"":2,""value"":true,""offset"":""0x8c6b5""},0.4000000059604645]]}}]"	Carmilla Bat Master talent icon.png
9	Skill_Power_Quest_Name	41	Skill_Power_Quest_Desc	42	Blood Rage	Skill Controller Power Quest	2	Quest(x20): Hitting an enemy with the POWER held for at least 1 second to gain +0.5 DMG\nComplete: Repeating this action increases POWER explosion damage by +80 / 100 / 120 / 140%		Skill String Desc Power Quest	0x5fc37	"[{""kind"":1,""format"":0,""value"":20},{""kind"":0,""format"":0,""value"":1.0},{""kind"":3941208320,""format"":0,""value"":0.5},{""kind"":0,""format"":1,""value"":{""selector"":""Skill Power Quest Damage Multiplier Selector"",""offset"":""0x8f5da"",""entries"":[[""0x15fc6bf9"",1.399999976158142],[""0x15fc6bf1"",1.2000000476837158],[""0x15fc6bf7"",1.0],[{""type"":2,""value"":true,""offset"":""0x8f8c8""},0.800000011920929]]}}]"	Carmilla Blood Rage talent icon.png
7	Skill_Passive_Blood_Reserve_Name	17	Skill_Passive_Blood_Reserve_Desc	18	Blood Reserve	Skill Controller Passive Blood Reserve	3	Increase maximum BLOOD reserve by 20 / 25 / 30 / 35%		Skill String Desc Passive Blood Reserve	0x5ec3a	"[{""kind"":0,""format"":1,""value"":{""selector"":""Skill Passive Blood Reserve Extra Multiplier Selector"",""offset"":""0x8cce4"",""entries"":[[""0x15fc6bf9"",0.3499999940395355],[""0x15fc6bf1"",0.30000001192092896],[""0x15fc6bf7"",0.25],[{""type"":2,""value"":true,""offset"":""0x8d003""},0.20000000298023224]]}}]"	Carmilla Blood Reserve talent icon.png
8	Skill_Passive_Life_Use_Regen_Name	19	Skill_Passive_Life_Use_Regen_Desc	20	Boiling Blood	Skill Controller Passive Life Use Regen	1	After consuming Health for at least 1 second(s) to fuel an ability, gain REGENERATION +3 / 4 / 5 / 6		Skill String Desc Passive Life Use Regen	0x5efc2	"[{""kind"":0,""format"":0,""value"":1.0},{""kind"":1041864961,""format"":1,""value"":{""selector"":""Skill Passive Life Use Regen Selector"",""offset"":""0x8dcc0"",""entries"":[[""0x15fc6bf9"",6],[""0x15fc6bf1"",5],[""0x15fc6bf7"",4],[{""type"":2,""value"":true,""offset"":""0x8dfd3""},3]]}}]"	Carmilla Boiling Blood talent icon.png
16	Skill_Attack_Last_Combo_Move_Name	37	Skill_Attack_Last_Combo_Move_Desc	38	Cruel Strike	Skill Controller Attack Last Combo Move	7	After DASH or DEFENSE, the next ATTACK starts with a combo finishing move, dealing +100 / 125 / 150 / 175% damage		Skill String Desc Attack Last Combo Move	0x5dd4e	"[{""kind"":0,""format"":1,""value"":{""selector"":""Skill Attack Last Combo Move Damage Selector"",""offset"":""0x8b32c"",""entries"":[[""0x15fc6bf9"",1.75],[""0x15fc6bf1"",1.5],[""0x15fc6bf7"",1.25],[{""type"":2,""value"":true,""offset"":""0x8b646""},1.0]]}}]"	Carmilla Cruel Strike talent icon.png
17	Skill_Defense_Aoe_Bleed_Name	65	Skill_Defense_Aoe_Bleed_Desc	66	Dispersion	Skill Controller Defense Aoe Bleed	1	After DEFENSE, bats disperse around Carmilla, dealing 20 / 25 / 30 / 35 area damage as BLEED		Skill String Desc Defense Aoe Bleed	0x5e57b	"[{""kind"":3452816645,""format"":0,""value"":{""raw"":""000000000300000004000000546578741c0000004865726f5f4361726d696c6c615f436f6d6d6f6e7e47414d2e786c7300000000090000004865726f5f4e616d65"",""strings"":[[386713,""Text""],[386721,""Hero_Carmilla_Common~GAM.xls""],[386757,""Hero_Name""]]}},{""kind"":3452816640,""format"":2,""value"":{""operation"":""Skill Defense Aoe Bleed Value Operation"",""offset"":""0x42fce"",""operator"":""0x17b29be2"",""children"":[{""operation"":""Defensive Ability Bleed Value Operation"",""offset"":""0x40834"",""operator"":""0x17b29be2"",""children"":[{""class"":""oCDtEntityCpntCharacterControllerSettings"",""name"":""Character Controller"",""property"":""0x15879235"",""fallback"":{""type"":0,""value"":0.0,""offset"":""0x40951""}},3.0,{""selector"":""Defensive Ability Use Blood Damage Multiplier Operand"",""offset"":""0x88518"",""entries"":[[""0xfd2832a"",0.0],[{""type"":2,""value"":true,""offset"":""0x886ff""},0.0]]},{""operation"":""Defensive Ability AP Multiplier Operation"",""offset"":""0x8dbe8"",""operator"":""0x17af9527"",""children"":[1.0,{""class"":""oCDtEntityCpntCharacterControllerSettings"",""name"":""Character Controller"",""property"":""0x174118ae"",""fallback"":{""type"":0,""value"":0.0,""offset"":""0x59cb7""}},{""class"":""oCEntityCpntModifierListenerSettings"",""name"":""Defensive Ability AP Modifier Listener"",""property"":""0x15a57291"",""fallback"":{""type"":0,""value"":0.0,""offset"":""0x8dda6""}}]}]},{""selector"":""Skill Defense Aoe Bleed Selector"",""offset"":""0x8c073"",""entries"":[[""0x15fc6bf9"",3.5],[""0x15fc6bf1"",3.0],[""0x15fc6bf7"",2.5],[{""type"":2,""value"":true,""offset"":""0x8c36d""},2.0]]}]}}]"	Carmilla Dispersion talent icon.png
19	Skill_Power_Bleed_Crit_Name	45	Skill_Power_Bleed_Crit_Desc	46	Flesh Rip	Skill Controller Power Bleed Crit	4	POWER has +40 / 50 / 60 / 70% Crit Chance on enemies affected by BLEED		Skill String Desc Power Bleed Crit	0x5f59b	"[{""kind"":0,""format"":1,""value"":{""selector"":""Skill Power Bleed Crit Chance Selector"",""offset"":""0x8e373"",""entries"":[[""0x15fc6bf9"",0.699999988079071],[""0x15fc6bf1"",0.6000000238418579],[""0x15fc6bf7"",0.5],[{""type"":2,""value"":true,""offset"":""0x8e66f""},0.4000000059604645]]}}]"	Carmilla Flesh Rip talent icon.png
20	Skill_Power_Maintained_Damage_Name	43	Skill_Power_Maintained_Damage_Desc	44	Furious Tempest	Skill Controller Power Maintained Damage	1	Consuming BLOOD to fuel POWER gradually increases its damage, up to +40 / 50 / 60 / 70% after 3 seconds of holding		Skill String Desc Power Maintained Damage	0x5f744	"[{""kind"":0,""format"":1,""value"":{""selector"":""Skill Power Maintained Damage Selector"",""offset"":""0x8e94c"",""entries"":[[""0x15fc6bf9"",0.699999988079071],[""0x15fc6bf1"",0.6000000238418579],[""0x15fc6bf7"",0.5],[{""type"":2,""value"":true,""offset"":""0x8ec64""},0.4000000059604645]]}},{""kind"":3452816640,""format"":8,""value"":3.0}]"	Carmilla Furious Tempest talent icon.png
22	Skill_Special_Critical_Distance_Name	57	Skill_Special_Critical_Distance_Desc	58	Go for the Throat	Skill Controller Special Critical Distance	1	Distance covered before SPECIAL's bite increases its damage and Crit Chance, up to +40 / 50 / 60 / 70%		Skill String Desc Special Critical Distance	0x603c5	"[{""kind"":3452816640,""format"":1,""value"":{""selector"":""Skill Special Critical Distance Multiplier Selector"",""offset"":""0x90496"",""entries"":[[""0x15fc6bf9"",0.699999988079071],[""0x15fc6bf1"",0.6000000238418579],[""0x15fc6bf7"",0.5],[{""type"":2,""value"":true,""offset"":""0x907c3""},0.4000000059604645]]}}]"	Carmilla Go for the Throat talent icon.png
25	Skill_Trait_Push_Back_Name	31	Skill_Trait_Push_Back_Desc	32	Gust	Skill Controller Trait Push back	2	TRAIT pushes back nearby enemies and deals 80 / 100 / 120 / 140 area damage		Skill String Desc Trait Push Back	0x6125f	"[{""kind"":0,""format"":2,""value"":{""operation"":""Skill Trait Push Back Supposed Damage Operation"",""offset"":""0x44815"",""operator"":""0x17b29be2"",""children"":[{""class"":""oCDtEntityCpntCharacterControllerSettings"",""name"":""Character Controller"",""property"":""0x15879235"",""fallback"":{""type"":0,""value"":0.0,""offset"":""0x4493e""}},{""selector"":""Skill Trait Push Back Damage Selector"",""offset"":""0x91dee"",""entries"":[[""0x15fc6bf9"",14.0],[""0x15fc6bf1"",12.0],[""0x15fc6bf7"",10.0],[{""type"":2,""value"":true,""offset"":""0x920e5""},8.0]]},{""operation"":""Defensive Ability AP Multiplier Operation"",""offset"":""0x8dbe8"",""operator"":""0x17af9527"",""children"":[1.0,{""class"":""oCDtEntityCpntCharacterControllerSettings"",""name"":""Character Controller"",""property"":""0x174118ae"",""fallback"":{""type"":0,""value"":0.0,""offset"":""0x59cb7""}},{""class"":""oCEntityCpntModifierListenerSettings"",""name"":""Defensive Ability AP Modifier Listener"",""property"":""0x15a57291"",""fallback"":{""type"":0,""value"":0.0,""offset"":""0x8dda6""}}]}]}}]"	Carmilla Gust talent icon.png
13	Skill_Ultimate_1_Combo_Pike_Name	73	Skill_Ultimate_1_Combo_Pike_Desc	74	Heartbreak	Skill Controller Ultimate 1 Upgrade 2	9	Add a fourth move to ATTACK combo, impaling enemies in front, dealing 40 / 50 / 60 / 70% ULTIMATE damage		Skill String Desc Ultimate 1 Combo Pike	0x61417	"[{""kind"":0,""format"":1,""value"":{""selector"":""Skill Ultimate 1 Combo Pike Damage Selector"",""offset"":""0x9232a"",""entries"":[[""0x15fc6bf9"",0.699999988079071],[""0x15fc6bf1"",0.6000000238418579],[""0x15fc6bf7"",0.5],[{""type"":2,""value"":true,""offset"":""0x9263c""},0.4000000059604645]]}}]"	Carmilla Heartbreak talent icon.png
21	Skill_Power_Special_Bomb_Name	51	Skill_Power_Special_Bomb_Desc	52	Injection	Skill Controller Power Special Bomb	8	SPECIAL implants a blood seed into the bitten enemy that shortly after triggers an explosion of POWER, dealing 80 / 100 / 120 / 140% area damage		Skill String Desc Power Special Bomb	0x60214	"[{""kind"":0,""format"":1,""value"":{""selector"":""Skill Power Special Bomb Damage Selector"",""offset"":""0x8feb3"",""entries"":[[""0x15fc6bf9"",1.399999976158142],[""0x15fc6bf1"",1.2000000476837158],[""0x15fc6bf7"",1.0],[{""type"":2,""value"":true,""offset"":""0x901b9""},0.800000011920929]]}}]"	Carmilla Injection talent icon.png
10	Skill_Special_Quest_Name	53	Skill_Special_Quest_Desc	54	Life Essence	Skill Controller Special Quest	1	Quest (x30): Killing an enemy with SPECIAL's bite earns VITALITY +1\nComplete: Repeating this action restores 20 / 25 / 30 / 35 health to Carmilla		Skill String Desc Special Quest	0x6098a	"[{""kind"":1,""format"":0,""value"":30},{""kind"":1041864960,""format"":2,""value"":1.0},{""kind"":1060765696,""format"":2,""value"":{""operation"":""Skill Special Quest Healing Operation"",""offset"":""0x440b7"",""operator"":""0x17b29be2"",""children"":[{""selector"":""Level Healing Selector"",""offset"":""0x571a5"",""entries"":[[""0xfd2833c"",{""class"":""oCDtEntityCpntCharacterControllerSettings"",""name"":""Character Controller"",""property"":""0x1b4416d9"",""fallback"":{""type"":0,""value"":10.0,""offset"":""0x57319""}}],[{""type"":2,""value"":true,""offset"":""0x5734a""},10.0]]},{""selector"":""Skill Special Quest Complete Healing Factor Selector"",""offset"":""0x90eca"",""entries"":[[""0x15fc6bf9"",3.5],[""0x15fc6bf1"",3.0],[""0x15fc6bf7"",2.5],[{""type"":2,""value"":true,""offset"":""0x911c8""},2.0]]}]}},{""kind"":1041864965,""format"":0,""value"":{""raw"":""000000000300000004000000546578741c0000004865726f5f4361726d696c6c615f436f6d6d6f6e7e47414d2e786c7300000000090000004865726f5f4e616d65"",""strings"":[[396458,""Text""],[396466,""Hero_Carmilla_Common~GAM.xls""],[396502,""Hero_Name""]]}}]"	Carmilla Life Essence talent icon.png
11	Skill_Trait_Life_Tap_Name	29	Skill_Trait_Life_Tap_Desc	30	Life Tap	Skill Controller Trait Life Tap	5	In Winged Form, activating TRAIT again consumes 20% of maximum health to recover up to 30 / 40 / 50 / 60 BLOOD points.\nCannot be used below the health cost; has a 5-second cooldown.				[]	Carmilla Life Tap talent icon.png
15	Skill_Ultimate_2_Add_Zone_Attack_Name	77	Skill_Ultimate_2_Add_Zone_Attack_Desc	78	Mass Punishment	Skill Controller Ultimate 2 Upgrade 2	9	Add a fourth ATTACK to ULTIMATE combo, dealing 240 / 300 / 360 / 420% area damage		Skill String Desc Ultimate 2 Add Zone Attack	0x617f7	"[{""kind"":0,""format"":1,""value"":{""selector"":""Skill Ultimate 2 Add Zone Attack Damage Selector"",""offset"":""0x92d40"",""entries"":[[""0x15fc6bf9"",4.199999809265137],[""0x15fc6bf1"",3.5999999046325684],[""0x15fc6bf7"",3.0],[{""type"":2,""value"":true,""offset"":""0x9305c""},2.4000000953674316]]}}]"	Carmilla Mass Punishment talent icon.png
14	Skill_Ultimate_2_Increase_Max_Attack_Name	75	Skill_Ultimate_2_Increase_Max_Attack_Desc	76	Mistress of Pain	Skill Controller Ultimate 2 Upgrade 1	6	Increase maximum number of ATTACKS transformed by ULTIMATE by 6 / 8 / 10 / 12		Skill String Desc Ultimate 2 Increase Max Attack	0x619c8	"[{""kind"":1,""format"":1,""value"":{""selector"":""Skill Ultimate 2 Increase Max Attack Selector"",""offset"":""0x93348"",""entries"":[[""0x15fc6bf9"",12],[""0x15fc6bf1"",10],[""0x15fc6bf7"",8],[{""type"":2,""value"":true,""offset"":""0x93665""},6]]}}]"	Carmilla Mistress of Pain talent icon.png
26	Skill_Attack_Special_Rush_Name	39	Skill_Attack_Special_Rush_Desc	40	Onslaught	Skill Controller Attack Special Rush	4	After a SPECIAL, the next ATTACK makes Carmilla rush forward, dealing 800 / 1000 / 1200 / 1400% ATTACK damage to enemies passed through		Skill String Desc Attack Special Rush	0x5df0f	"[{""kind"":5,""format"":1,""value"":{""raw"":""000000000300000004000000546578741c0000004865726f5f4361726d696c6c615f436f6d6d6f6e7e47414d2e786c7300000000090000004865726f5f4e616d65"",""strings"":[[385073,""Text""],[385081,""Hero_Carmilla_Common~GAM.xls""],[385117,""Hero_Name""]]}},{""kind"":3452816640,""format"":1,""value"":{""selector"":""Skill Attack Special Rush Damage Selector"",""offset"":""0x8b6a0"",""entries"":[[""0x15fc6bf9"",14.0],[""0x15fc6bf1"",12.0],[""0x15fc6bf7"",10.0],[{""type"":2,""value"":true,""offset"":""0x8b9ab""},8.0]]}}]"	Carmilla Onslaught talent icon.png
4	Skill_Dash_Blood_Name	27	Skill_Dash_Blood_Desc	28	Puncture	Skill Controller Dash Blood	1	Each enemy passed through by DASH earns 8 / 10 / 12 / 14 BLOOD		Skill String Desc Dash Blood	0x5e13a	"[{""kind"":1,""format"":1,""value"":{""selector"":""Skill Dash Blood Value Selector"",""offset"":""0x8ba05"",""entries"":[[""0x15fc6bf9"",14],[""0x15fc6bf1"",12],[""0x15fc6bf7"",10],[{""type"":2,""value"":true,""offset"":""0x8bce2""},8]]}}]"	Carmilla Puncture talent icon.png
3	Skill_Attack_Bleed_Name	35	Skill_Attack_Bleed_Desc	36	Razor Claws	Skill Controller Attack Bleed	1	ATTACK deals +40 / 50 / 60 / 70% damage as BLEED		Skill String Desc Attack Bleed	0x5dbb6	"[{""kind"":0,""format"":1,""value"":{""selector"":""Skill Attack Bleed Value Selector"",""offset"":""0x8afeb"",""entries"":[[""0x15fc6bf9"",0.699999988079071],[""0x15fc6bf1"",0.6000000238418579],[""0x15fc6bf7"",0.5],[{""type"":2,""value"":true,""offset"":""0x8b2d2""},0.4000000059604645]]}}]"	Carmilla Razor Claws talent icon.png
18	Skill_Passive_Critical_Bleed_Name	21	Skill_Passive_Critical_Bleed_Desc	22	Sadism	Skill Controller Passive Critical Bleed	1	Critical Hits deal +40 / 60 / 80 / 100% damage on enemies affected by BLEED		Skill String Desc Passive Critical Bleed	0x5ee01	"[{""kind"":0,""format"":1,""value"":{""selector"":""Skill Passive Critical Bleed Damage Selector"",""offset"":""0x8d05d"",""entries"":[[""0x15fc6bf9"",1.0],[""0x15fc6bf1"",0.800000011920929],[""0x15fc6bf7"",0.6000000238418579],[{""type"":2,""value"":true,""offset"":""0x8d377""},0.4000000059604645]]}}]"	Carmilla Sadism talent icon.png
28	Skill_Dash_Taunt_Name	25	Skill_Dash_Taunt_Desc	26	Seductive Provocation	Skill Controller Dash Taunt	5	Using DASH without specifying a move direction makes Carmilla seduce up to 2 / 3 / 4 / 5 non-boss enemies in front of her, applying WEAKENED and VULNERABLE to them for 6 seconds		Skill String Desc Dash Taunt	0x5e2ca	"[{""kind"":5,""format"":0,""value"":{""raw"":""000000000300000004000000546578741c0000004865726f5f4361726d696c6c615f436f6d6d6f6e7e47414d2e786c7300000000090000004865726f5f4e616d65"",""strings"":[[386010,""Text""],[386018,""Hero_Carmilla_Common~GAM.xls""],[386054,""Hero_Name""]]}},{""kind"":1124233729,""format"":1,""value"":{""selector"":""Skill Dash Taunt Value Selector"",""offset"":""0x8bd3c"",""entries"":[[""0x15fc6bf9"",5],[""0x15fc6bf1"",4],[""0x15fc6bf7"",3],[{""type"":2,""value"":true,""offset"":""0x8c019""},2]]}},{""kind"":1027904000,""format"":2,""value"":6.0}]"	Carmilla Seductive Provocation talent icon.png
12	Skill_Ultimate_1_Return_Name	71	Skill_Ultimate_1_Return_Desc	72	Torture of the Pale	Skill Controller Ultimate 1 Upgrade 1	1	At the end of their course, ULTIMATE blood spikes return toward Carmilla, dealing 40 / 50 / 60 / 70% damage		Skill String Desc Ultimate 1 Return	0x615d4	"[{""kind"":3452816645,""format"":0,""value"":{""raw"":""000000000300000004000000546578741c0000004865726f5f4361726d696c6c615f436f6d6d6f6e7e47414d2e786c7300000000090000004865726f5f4e616d65"",""strings"":[[399090,""Text""],[399098,""Hero_Carmilla_Common~GAM.xls""],[399134,""Hero_Name""]]}},{""kind"":3452816640,""format"":1,""value"":{""selector"":""Skill Ultimate 1 Return Damage Selector"",""offset"":""0x92696"",""entries"":[[""0x15fc6bf9"",0.699999988079071],[""0x15fc6bf1"",0.6000000238418579],[""0x15fc6bf7"",0.5],[{""type"":2,""value"":true,""offset"":""0x929a0""},0.4000000059604645]]}}]"	Carmilla Torture of the Pale talent icon.png
23	Skill_Special_Marked_Name	55	Skill_Special_Marked_Desc	56	Victimization	Skill Controller Special Marked	1	SPECIAL applies MARKED to bitten enemy for 4 / 6 / 8 / 10 seconds\nMARKED targets take +25% damage and spread this status to another nearby enemy when they die		Skill String Desc Special Marked	0x60748	"[{""kind"":0,""format"":8,""value"":{""selector"":""Skill Special Marked Time Selector"",""offset"":""0x90b80"",""entries"":[[""0x15fc6bf9"",10.0],[""0x15fc6bf1"",8.0],[""0x15fc6bf7"",6.0],[{""type"":2,""value"":true,""offset"":""0x90e70""},4.0]]}},{""kind"":3452816640,""format"":1,""value"":10.0}]"	Carmilla Victimization talent icon.png
27	Skill_Power_Range_Name	49	Skill_Power_Range_Desc	50	Wild Heart	Skill Controller Power Range	8	POWER's orb move speed is increased by 100%\nPOWER explosion gains +20 / 25 / 30 / 35% range		Skill String Desc Power Range	0x5ffbf	"[{""kind"":0,""format"":1,""value"":1.0},{""kind"":2787044352,""format"":1,""value"":{""selector"":""Skill Power Range Radius Increase Ratio Selector"",""offset"":""0x8fb67"",""entries"":[[""0x15fc6bf9"",0.3499999940395355],[""0x15fc6bf1"",0.30000001192092896],[""0x15fc6bf7"",0.25],[{""type"":2,""value"":true,""offset"":""0x8fe59""},0.20000000298023224]]}}]"	Carmilla Wild Heart talent icon.png
