# source_table	The Pied Piper numerical values
# rows	73
# snapshot_id	2026-10-06-values
# status	Decoded values with the 2026-10-06 maintainer check merged in (see VALUES.md). Row statuses: decoded 12; decoded-baseline 14; static-text 9; unresolved 38. Checked rows: read in game 19.
# baseline	Compendium level 1 figures: character damage 10, healing 10, no talents, no Magical Objects.
# source_version	Prior export attribution: Steam PC 1.05.01.01.27384, 2026/06/16, rev #773b656a63; raw file hashes recorded; installed build not independently reverified
# in_game_version	1.05.01.01.27384 2026/06/16 #773b656a63
section	form_or_condition	name	text_table	text_key	source_row_index	field	value	unit	formula	baseline	status	notes	source_path	source_property	reference_chain	check_id	checked_value	checked_value_source	maintainer_check	check_note
Dash	Base	Dash	Common.LangEN.tsv	Ability_Dash_Desc	21	cooldown	3	seconds	3.0	Hypothetical formatter baseline: DMG=10; HEALING=10; AP=0; no talents or objects; gameplay level unspecified; resource/form/hold/switch conditions preserved	decoded	Formatter/configuration decoding only; engine-fed operands and runtime branches preserved. 	EntitySettings\Heroes\Hero_Common!Hero_Common.entity.ot.EntitySettingsResource.gen	Dash Cooldown Default	EntitySettings\Heroes\Hero_Common!Hero_Common.entity.ot.EntitySettingsResource.gen@0x9ff91 -> EntitySettings\Heroes\Hero_Common!Hero_Common.entity.ot.EntitySettingsResource.gen@0xda7e4					
Dash	Base	Dash	Common.LangEN.tsv	Ability_Dash_Desc	21	charges	1	charges	1	Hypothetical formatter baseline: DMG=10; HEALING=10; AP=0; no talents or objects; gameplay level unspecified; resource/form/hold/switch conditions preserved	decoded-baseline	Formatter/configuration decoding only; engine-fed operands and runtime branches preserved. 	EntitySettings\Heroes\Hero_Common!Hero_Common.entity.ot.EntitySettingsResource.gen	Dash Ability Max Charges Counter	EntitySettings\Heroes\Hero_Common!Hero_Common.entity.ot.EntitySettingsResource.gen@0x9ff91 -> EntitySettings\Heroes\Hero_Common!Hero_Common.entity.ot.EntitySettingsResource.gen@0x9fbc					
Dash	Base	Dash	Common.LangEN.tsv	Ability_Dash_Desc	21	duration	0.25	seconds	Dash Ability Active Duration Selector{True => 0.25}	Hypothetical formatter baseline: DMG=10; HEALING=10; AP=0; no talents or objects; gameplay level unspecified; resource/form/hold/switch conditions preserved	decoded-baseline	Formatter/configuration decoding only; engine-fed operands and runtime branches preserved. Active duration timer configuration; intangible state synchronization beyond this timer is not inferred	EntitySettings\Heroes\Hero_Common!Hero_Common.entity.ot.EntitySettingsResource.gen	Dash Ability Active Duration Default	EntitySettings\Heroes\Hero_Common!Hero_Common.entity.ot.EntitySettingsResource.gen@0xff98 -> EntitySettings\Heroes\Hero_Common!Hero_Common.entity.ot.EntitySettingsResource.gen@0xcaf8b -> EntitySettings\Heroes\Hero_Common!Hero_Common.entity.ot.EntitySettingsResource.gen@0xda4aa					
Trait	Base	Infestation	Hero_Piper_Common.LangEN.tsv	Ability_Trait_Desc	2	max_rats	20	rats	20	Hypothetical formatter baseline: DMG=10; HEALING=10; AP=0; no talents or objects; gameplay level unspecified; resource/form/hold/switch conditions preserved	decoded	Formatter/configuration decoding only; engine-fed operands and runtime branches preserved. 	EntitySettings\Heroes\Hero_Piper!Hero_Piper.entity.ot.EntitySettingsResource.gen	formatter argument; kind=1; format=0	EntitySettings\Heroes\Hero_Piper!Hero_Piper.entity.ot.EntitySettingsResource.gen@0x516f4 -> EntitySettings\Heroes\Hero_Piper!Hero_Piper.entity.ot.EntitySettingsResource.gen@0x7d6ae	r6dc3910c	20	decoded	read in game: match	
Trait	Base	Infestation	Hero_Piper_Common.LangEN.tsv	Ability_Trait_Desc	2	attacks_per_rat	3	attacks	3	Hypothetical formatter baseline: DMG=10; HEALING=10; AP=0; no talents or objects; gameplay level unspecified; resource/form/hold/switch conditions preserved	decoded	Formatter/configuration decoding only; engine-fed operands and runtime branches preserved. 	EntitySettings\Heroes\Hero_Piper!Hero_Piper.entity.ot.EntitySettingsResource.gen	formatter argument; kind=1; format=0	EntitySettings\Heroes\Hero_Piper!Hero_Piper.entity.ot.EntitySettingsResource.gen@0x516f4 -> EntitySettings\Heroes\Hero_Piper!Hero_Piper.entity.ot.EntitySettingsResource.gen@0x7d808	r91ef71ea	3	decoded	read in game: match	
Trait	Base	Infestation	Hero_Piper_Common.LangEN.tsv	Ability_Trait_Desc	2	damage_per_attack	5	damage	(Level Damage Selector{[State] Character_Common\Bhv Preview\Behaviour Preview => DMG; True => DMG} * 0.5 * (1.0 + AP + NO_TALENT_OBJECT_MODIFIER(Trait Ability AP Modifier Listener)))	Hypothetical formatter baseline: DMG=10; HEALING=10; AP=0; no talents or objects; gameplay level unspecified; resource/form/hold/switch conditions preserved	decoded-baseline	Formatter/configuration decoding only; engine-fed operands and runtime branches preserved. 	EntitySettings\Heroes\Hero_Piper!Hero_Piper.entity.ot.EntitySettingsResource.gen; EntitySettings\Character_Common\Character_Common.entity.ot.EntitySettingsResource.gen; EntitySettings\Heroes\Hero_Common!Hero_Common.entity.ot.EntitySettingsResource.gen	formatter argument; kind=0; format=2	EntitySettings\Heroes\Hero_Piper!Hero_Piper.entity.ot.EntitySettingsResource.gen@0x516f4 -> EntitySettings\Heroes\Hero_Piper!Hero_Piper.entity.ot.EntitySettingsResource.gen@0x3d12e -> EntitySettings\Character_Common\Character_Common.entity.ot.EntitySettingsResource.gen@0x56f54 -> EntitySettings\Character_Common\Character_Common.entity.ot.EntitySettingsResource.gen@0x123dd -> EntitySettings\Character_Common\Character_Common.entity.ot.EntitySettingsResource.gen@0x32ecd -> EntitySettings\Character_Common\Character_Common.entity.ot.EntitySettingsResource.gen@0x5e0b5 -> EntitySettings\Heroes\Hero_Piper!Hero_Piper.entity.ot.EntitySettingsResource.gen@0x7d762 -> EntitySettings\Heroes\Hero_Common!Hero_Common.entity.ot.EntitySettingsResource.gen@0x8faa2 -> EntitySettings\Character_Common\Character_Common.entity.ot.EntitySettingsResource.gen@0x59bde -> EntitySettings\Heroes\Hero_Common!Hero_Common.entity.ot.EntitySettingsResource.gen@0x99336	rd85638df	5	decoded-baseline	read in game: match	
Attack	Base	Flute	Hero_Piper_Common.LangEN.tsv	Ability_Attack_Desc	4	damage_per_note		damage	(Level Damage Selector{[State] Character_Common\Bhv Preview\Behaviour Preview => DMG; True => DMG} * Basic Attack Damage Multiplier Selector{[State] Character_Common\Daily Cycle\State Nighttime => 0.4000000059604645; True => 0.6000000238418579} * (1.0 + AP + NO_TALENT_OBJECT_MODIFIER(Basic Attack AP Modifier Listener)))	Hypothetical formatter baseline: DMG=10; HEALING=10; AP=0; no talents or objects; gameplay level unspecified; resource/form/hold/switch conditions preserved	unresolved	Formatter/configuration decoding only; engine-fed operands and runtime branches preserved.  Blocked: Runtime selector predicate [State] Character_Common\Bhv Preview\Behaviour Preview.0xfd2833c is not established by serialized flag initialization; Property access needs engine semantics; no fallback substitution (Behaviour Preview.0xfd2833c); Runtime selector predicate [State] Character_Common\Daily Cycle\State Nighttime.0xfd2832a is not established by serialized flag initialization; Property access needs engine semantics; no fallback substitution (State Nighttime.0xfd2832a)	EntitySettings\Heroes\Hero_Piper!Hero_Piper.entity.ot.EntitySettingsResource.gen; EntitySettings\Character_Common\Character_Common.entity.ot.EntitySettingsResource.gen; EntitySettings\Heroes\Hero_Common!Hero_Common.entity.ot.EntitySettingsResource.gen	formatter argument; kind=0; format=2	EntitySettings\Heroes\Hero_Piper!Hero_Piper.entity.ot.EntitySettingsResource.gen@0x4cb87 -> EntitySettings\Heroes\Hero_Piper!Hero_Piper.entity.ot.EntitySettingsResource.gen@0x3926e -> EntitySettings\Character_Common\Character_Common.entity.ot.EntitySettingsResource.gen@0x56f54 -> EntitySettings\Character_Common\Character_Common.entity.ot.EntitySettingsResource.gen@0x123dd -> EntitySettings\Character_Common\Character_Common.entity.ot.EntitySettingsResource.gen@0x32ecd -> EntitySettings\Character_Common\Character_Common.entity.ot.EntitySettingsResource.gen@0x5e0b5 -> EntitySettings\Heroes\Hero_Piper!Hero_Piper.entity.ot.EntitySettingsResource.gen@0x6b3ec -> EntitySettings\Character_Common\Character_Common.entity.ot.EntitySettingsResource.gen@0x252a7 -> EntitySettings\Heroes\Hero_Piper!Hero_Piper.entity.ot.EntitySettingsResource.gen@0x7a246 -> EntitySettings\Heroes\Hero_Piper!Hero_Piper.entity.ot.EntitySettingsResource.gen@0x7a1a2 -> EntitySettings\Heroes\Hero_Common!Hero_Common.entity.ot.EntitySettingsResource.gen@0x8cde1 -> EntitySettings\Character_Common\Character_Common.entity.ot.EntitySettingsResource.gen@0x59bde -> EntitySettings\Heroes\Hero_Common!Hero_Common.entity.ot.EntitySettingsResource.gen@0x95da8	rd7dabb07	6	in-game reading	read in game: no decoded value	
Attack	Night	Flute (night)	Hero_Piper_Common.LangEN.tsv	Ability_Attack_Desc_Night	80	damage_per_note		damage	unresolved(Tooltip binding not matched or argument absent)	Hypothetical formatter baseline: DMG=10; HEALING=10; AP=0; no talents or objects; gameplay level unspecified; resource/form/hold/switch conditions preserved	unresolved	Formatter/configuration decoding only; engine-fed operands and runtime branches preserved.  Blocked: Tooltip binding not matched or argument absent	EntitySettings/Heroes/Hero_Piper!Hero_Piper.entity.ot.EntitySettingsResource.gen	canonical argument 0	Hero_Piper -> Basic Attack -> Night Selector	r1cf32bcd	4	in-game reading	read in game: no decoded value	
Power	Base	Solo	Hero_Piper_Common.LangEN.tsv	Ability_Power_Desc	6	cooldown	4	seconds	4.0	Hypothetical formatter baseline: DMG=10; HEALING=10; AP=0; no talents or objects; gameplay level unspecified; resource/form/hold/switch conditions preserved	decoded	Formatter/configuration decoding only; engine-fed operands and runtime branches preserved. 	EntitySettings\Heroes\Hero_Piper!Hero_Piper.entity.ot.EntitySettingsResource.gen	Primary Ability Controller	EntitySettings\Heroes\Hero_Piper!Hero_Piper.entity.ot.EntitySettingsResource.gen@0x49f93	r6d07df4e	4	decoded	read in game: match	
Power	Base	Solo	Hero_Piper_Common.LangEN.tsv	Ability_Power_Desc	6	charges	1	charges	Primary Charge To Damage Charge Selector{[Modifier Listener] Hero_Common\MO Charge To Damage\Primary Charge To Damage Modifier Listener => 1; True => 1}	Hypothetical formatter baseline: DMG=10; HEALING=10; AP=0; no talents or objects; gameplay level unspecified; resource/form/hold/switch conditions preserved	decoded-baseline	Formatter/configuration decoding only; engine-fed operands and runtime branches preserved. 	EntitySettings\Heroes\Hero_Piper!Hero_Piper.entity.ot.EntitySettingsResource.gen; EntitySettings\Heroes\Hero_Common!Hero_Common.entity.ot.EntitySettingsResource.gen	Primary Ability Controller	EntitySettings\Heroes\Hero_Piper!Hero_Piper.entity.ot.EntitySettingsResource.gen@0x49f93 -> EntitySettings\Heroes\Hero_Common!Hero_Common.entity.ot.EntitySettingsResource.gen@0xd15a8 -> EntitySettings\Heroes\Hero_Common!Hero_Common.entity.ot.EntitySettingsResource.gen@0x98202 -> EntitySettings\Heroes\Hero_Common!Hero_Common.entity.ot.EntitySettingsResource.gen@0xa8a9					
Power	Base	Solo	Hero_Piper_Common.LangEN.tsv	Ability_Power_Desc	6	wave_count		waves	Primary Ability Waves Count Selector{[Cpnt Value Tester] Hero_Piper\Skill Primary More Waves After Defense\Skill Primary More Waves After Defense Condition => unresolved(Skill Primary More Waves After Defense Count Operation); True => 3}	Hypothetical formatter baseline: DMG=10; HEALING=10; AP=0; no talents or objects; gameplay level unspecified; resource/form/hold/switch conditions preserved	unresolved	Formatter/configuration decoding only; engine-fed operands and runtime branches preserved.  Blocked: Runtime selector predicate [Cpnt Value Tester] Hero_Piper\Skill Primary More Waves After Defense\Skill Primary More Waves After Defense Condition.0x103b05af is not established by serialized flag initialization; Property access needs engine semantics; no fallback substitution (Skill Primary More Waves After Defense Condition.0x103b05af); Property access needs engine semantics; no fallback substitution (Skill Primary More Waves After Defense Count Operation.0xfd28686)	EntitySettings\Heroes\Hero_Piper!Hero_Piper.entity.ot.EntitySettingsResource.gen	formatter argument; kind=1; format=2	EntitySettings\Heroes\Hero_Piper!Hero_Piper.entity.ot.EntitySettingsResource.gen@0x4cef3 -> EntitySettings\Heroes\Hero_Piper!Hero_Piper.entity.ot.EntitySettingsResource.gen@0x6d4d3 -> EntitySettings\Heroes\Hero_Piper!Hero_Piper.entity.ot.EntitySettingsResource.gen@0x20ac5 -> EntitySettings\Heroes\Hero_Piper!Hero_Piper.entity.ot.EntitySettingsResource.gen@0xd01b -> EntitySettings\Heroes\Hero_Piper!Hero_Piper.entity.ot.EntitySettingsResource.gen@0x7adee	rcc545275	3	in-game reading	read in game: no decoded value	
Power	Base	Solo	Hero_Piper_Common.LangEN.tsv	Ability_Power_Desc	6	notes_per_wave	3	notes	Primary Ability Shots Per Wave Count Selector{[State] Hero_Piper\Skill Primary Wide Spread\Skill Primary Wide Spread => 5; True => 3}	Hypothetical formatter baseline: DMG=10; HEALING=10; AP=0; no talents or objects; gameplay level unspecified; resource/form/hold/switch conditions preserved	decoded-baseline	Formatter/configuration decoding only; engine-fed operands and runtime branches preserved. 	EntitySettings\Heroes\Hero_Piper!Hero_Piper.entity.ot.EntitySettingsResource.gen	formatter argument; kind=1; format=0	EntitySettings\Heroes\Hero_Piper!Hero_Piper.entity.ot.EntitySettingsResource.gen@0x4cef3 -> EntitySettings\Heroes\Hero_Piper!Hero_Piper.entity.ot.EntitySettingsResource.gen@0x6d30b -> EntitySettings\Heroes\Hero_Piper!Hero_Piper.entity.ot.EntitySettingsResource.gen@0x17c2a	r7b2fa169	3	decoded-baseline	read in game: match	
Power	Base	Solo	Hero_Piper_Common.LangEN.tsv	Ability_Power_Desc	6	damage_per_note		damage	(Level Damage Selector{[State] Character_Common\Bhv Preview\Behaviour Preview => DMG; True => DMG} * Primary Ability Damage Multiplier Selector{[State] Character_Common\Daily Cycle\State Nighttime => 0.800000011920929; True => 1.2000000476837158} * (1.0 + AP + NO_TALENT_OBJECT_MODIFIER(Primary Ability AP Modifier Listener)))	Hypothetical formatter baseline: DMG=10; HEALING=10; AP=0; no talents or objects; gameplay level unspecified; resource/form/hold/switch conditions preserved	unresolved	Formatter/configuration decoding only; engine-fed operands and runtime branches preserved.  Blocked: Runtime selector predicate [State] Character_Common\Bhv Preview\Behaviour Preview.0xfd2833c is not established by serialized flag initialization; Property access needs engine semantics; no fallback substitution (Behaviour Preview.0xfd2833c); Runtime selector predicate [State] Character_Common\Daily Cycle\State Nighttime.0xfd2832a is not established by serialized flag initialization; Property access needs engine semantics; no fallback substitution (State Nighttime.0xfd2832a)	EntitySettings\Heroes\Hero_Piper!Hero_Piper.entity.ot.EntitySettingsResource.gen; EntitySettings\Character_Common\Character_Common.entity.ot.EntitySettingsResource.gen; EntitySettings\Heroes\Hero_Common!Hero_Common.entity.ot.EntitySettingsResource.gen	formatter argument; kind=0; format=2	EntitySettings\Heroes\Hero_Piper!Hero_Piper.entity.ot.EntitySettingsResource.gen@0x4cef3 -> EntitySettings\Heroes\Hero_Piper!Hero_Piper.entity.ot.EntitySettingsResource.gen@0x397a0 -> EntitySettings\Character_Common\Character_Common.entity.ot.EntitySettingsResource.gen@0x56f54 -> EntitySettings\Character_Common\Character_Common.entity.ot.EntitySettingsResource.gen@0x123dd -> EntitySettings\Character_Common\Character_Common.entity.ot.EntitySettingsResource.gen@0x32ecd -> EntitySettings\Character_Common\Character_Common.entity.ot.EntitySettingsResource.gen@0x5e0b5 -> EntitySettings\Heroes\Hero_Piper!Hero_Piper.entity.ot.EntitySettingsResource.gen@0x6cd40 -> EntitySettings\Character_Common\Character_Common.entity.ot.EntitySettingsResource.gen@0x252a7 -> EntitySettings\Heroes\Hero_Piper!Hero_Piper.entity.ot.EntitySettingsResource.gen@0x7aca4 -> EntitySettings\Heroes\Hero_Piper!Hero_Piper.entity.ot.EntitySettingsResource.gen@0x7abfb -> EntitySettings\Heroes\Hero_Common!Hero_Common.entity.ot.EntitySettingsResource.gen@0x8efa9 -> EntitySettings\Character_Common\Character_Common.entity.ot.EntitySettingsResource.gen@0x59bde -> EntitySettings\Heroes\Hero_Common!Hero_Common.entity.ot.EntitySettingsResource.gen@0x9807d	rbc7b3acf	12	in-game reading	read in game: no decoded value	
Power	Night	Solo (night)	Hero_Piper_Common.LangEN.tsv	Ability_Power_Desc_Night	81	damage_per_note		damage	unresolved(Tooltip binding not matched or argument absent)	Hypothetical formatter baseline: DMG=10; HEALING=10; AP=0; no talents or objects; gameplay level unspecified; resource/form/hold/switch conditions preserved	unresolved	Formatter/configuration decoding only; engine-fed operands and runtime branches preserved.  Blocked: Tooltip binding not matched or argument absent	EntitySettings/Heroes/Hero_Piper!Hero_Piper.entity.ot.EntitySettingsResource.gen	canonical argument 2	Hero_Piper -> Primary Ability -> Night Selector	r20f7394e	8	in-game reading	read in game: no decoded value	
Special	Base	Fortissimo	Hero_Piper_Common.LangEN.tsv	Ability_Special_Desc	8	cooldown	16	seconds	(10.0 + Secondary Ability Duration Selector{True => 6.0})	Hypothetical formatter baseline: DMG=10; HEALING=10; AP=0; no talents or objects; gameplay level unspecified; resource/form/hold/switch conditions preserved	decoded-baseline	Formatter/configuration decoding only; engine-fed operands and runtime branches preserved. 	EntitySettings\Heroes\Hero_Piper!Hero_Piper.entity.ot.EntitySettingsResource.gen	Secondary Ability Controller	EntitySettings\Heroes\Hero_Piper!Hero_Piper.entity.ot.EntitySettingsResource.gen@0x4a710 -> EntitySettings\Heroes\Hero_Piper!Hero_Piper.entity.ot.EntitySettingsResource.gen@0x39a10 -> EntitySettings\Heroes\Hero_Piper!Hero_Piper.entity.ot.EntitySettingsResource.gen@0x7b096 -> EntitySettings\Heroes\Hero_Piper!Hero_Piper.entity.ot.EntitySettingsResource.gen@0x6ed0e -> EntitySettings\Heroes\Hero_Piper!Hero_Piper.entity.ot.EntitySettingsResource.gen@0x7b13c	r9e4afa4d	16	decoded-baseline	read in game: match	
Special	Base	Fortissimo	Hero_Piper_Common.LangEN.tsv	Ability_Special_Desc	8	charges	1	charges	Secondary Charge To Damage Charge Selector{[Modifier Listener] Hero_Common\MO Charge To Damage\Secondary Charge To Damage Modifier Listener => 1; True => 1}	Hypothetical formatter baseline: DMG=10; HEALING=10; AP=0; no talents or objects; gameplay level unspecified; resource/form/hold/switch conditions preserved	decoded-baseline	Formatter/configuration decoding only; engine-fed operands and runtime branches preserved. 	EntitySettings\Heroes\Hero_Piper!Hero_Piper.entity.ot.EntitySettingsResource.gen; EntitySettings\Heroes\Hero_Common!Hero_Common.entity.ot.EntitySettingsResource.gen	Secondary Ability Controller	EntitySettings\Heroes\Hero_Piper!Hero_Piper.entity.ot.EntitySettingsResource.gen@0x4a710 -> EntitySettings\Heroes\Hero_Common!Hero_Common.entity.ot.EntitySettingsResource.gen@0xd245f -> EntitySettings\Heroes\Hero_Common!Hero_Common.entity.ot.EntitySettingsResource.gen@0x9892e -> EntitySettings\Heroes\Hero_Common!Hero_Common.entity.ot.EntitySettingsResource.gen@0xae68					
Special	Base	Fortissimo	Hero_Piper_Common.LangEN.tsv	Ability_Special_Desc	8	duration	6	seconds	Secondary Ability Duration Selector{True => 6.0}	Hypothetical formatter baseline: DMG=10; HEALING=10; AP=0; no talents or objects; gameplay level unspecified; resource/form/hold/switch conditions preserved	decoded-baseline	Formatter/configuration decoding only; engine-fed operands and runtime branches preserved. 	EntitySettings\Heroes\Hero_Piper!Hero_Piper.entity.ot.EntitySettingsResource.gen	formatter argument; kind=0; format=0	EntitySettings\Heroes\Hero_Piper!Hero_Piper.entity.ot.EntitySettingsResource.gen@0x4d270 -> EntitySettings\Heroes\Hero_Piper!Hero_Piper.entity.ot.EntitySettingsResource.gen@0x6ed0e -> EntitySettings\Heroes\Hero_Piper!Hero_Piper.entity.ot.EntitySettingsResource.gen@0x7b13c					
Defense	Base	Acoustic Blast	Hero_Piper_Common.LangEN.tsv	Ability_Defense_Desc	10	cooldown	8	seconds	8.0	Hypothetical formatter baseline: DMG=10; HEALING=10; AP=0; no talents or objects; gameplay level unspecified; resource/form/hold/switch conditions preserved	decoded	Formatter/configuration decoding only; engine-fed operands and runtime branches preserved. 	EntitySettings\Heroes\Hero_Piper!Hero_Piper.entity.ot.EntitySettingsResource.gen	Defensive Ability Controller	EntitySettings\Heroes\Hero_Piper!Hero_Piper.entity.ot.EntitySettingsResource.gen@0x49834 -> EntitySettings\Heroes\Hero_Piper!Hero_Piper.entity.ot.EntitySettingsResource.gen@0x7a58f	r3766bcea	8	decoded	read in game: match	
Defense	Base	Acoustic Blast	Hero_Piper_Common.LangEN.tsv	Ability_Defense_Desc	10	charges	1	charges	1	Hypothetical formatter baseline: DMG=10; HEALING=10; AP=0; no talents or objects; gameplay level unspecified; resource/form/hold/switch conditions preserved	decoded-baseline	Formatter/configuration decoding only; engine-fed operands and runtime branches preserved. 	EntitySettings\Heroes\Hero_Piper!Hero_Piper.entity.ot.EntitySettingsResource.gen; EntitySettings\Heroes\Hero_Common!Hero_Common.entity.ot.EntitySettingsResource.gen	Defensive Ability Controller	EntitySettings\Heroes\Hero_Piper!Hero_Piper.entity.ot.EntitySettingsResource.gen@0x49834 -> EntitySettings\Heroes\Hero_Common!Hero_Common.entity.ot.EntitySettingsResource.gen@0xa1cd					
Defense	Base	Acoustic Blast	Hero_Piper_Common.LangEN.tsv	Ability_Defense_Desc	10	stun_duration		seconds	unresolved(Original literal/notes discarded: no validated argument or exact owning property supports this field)	Hypothetical formatter baseline: DMG=10; HEALING=10; AP=0; no talents or objects; gameplay level unspecified; resource/form/hold/switch conditions preserved	unresolved	Formatter/configuration decoding only; engine-fed operands and runtime branches preserved. Original literal/notes discarded: no validated argument or exact owning property supports this field Blocked: Original literal/notes discarded: no validated argument or exact owning property supports this field	EntitySettings/Heroes/Hero_Piper!Hero_Piper.entity.ot.EntitySettingsResource.gen	Acoustic Blast Stun Timer	Hero_Piper -> Defense -> Stun Timer					
Ultimate 1	Base	Unchained Melody	Hero_Piper_Common.LangEN.tsv	Ability_Ultimate_1_Desc	12	cooldown		seconds	(15.0 0x17b29bf0 90.0 0x17b29bf0 unresolved(Ultimate Power 1 Active Timer))	Hypothetical formatter baseline: DMG=10; HEALING=10; AP=0; no talents or objects; gameplay level unspecified; resource/form/hold/switch conditions preserved	unresolved	Formatter/configuration decoding only; engine-fed operands and runtime branches preserved.  Blocked: Property access needs engine semantics; no fallback substitution (Ultimate Power 1 Active Timer.0xfd2825a)	EntitySettings\Heroes\Hero_Piper!Hero_Piper.entity.ot.EntitySettingsResource.gen	Ultimate Power 1 Controller	EntitySettings\Heroes\Hero_Piper!Hero_Piper.entity.ot.EntitySettingsResource.gen@0x4baac -> EntitySettings\Heroes\Hero_Piper!Hero_Piper.entity.ot.EntitySettingsResource.gen@0x38c52 -> EntitySettings\Heroes\Hero_Piper!Hero_Piper.entity.ot.EntitySettingsResource.gen@0x79bd5 -> EntitySettings\Heroes\Hero_Piper!Hero_Piper.entity.ot.EntitySettingsResource.gen@0x79b2f -> EntitySettings\Heroes\Hero_Piper!Hero_Piper.entity.ot.EntitySettingsResource.gen@0xbca3	r07ea81af	90	in-game reading	read in game: no decoded value	
Ultimate 1	Base	Unchained Melody	Hero_Piper_Common.LangEN.tsv	Ability_Ultimate_1_Desc	12	charges	1	charges	1	Hypothetical formatter baseline: DMG=10; HEALING=10; AP=0; no talents or objects; gameplay level unspecified; resource/form/hold/switch conditions preserved	decoded-baseline	Formatter/configuration decoding only; engine-fed operands and runtime branches preserved. 	EntitySettings\Heroes\Hero_Piper!Hero_Piper.entity.ot.EntitySettingsResource.gen; EntitySettings\Heroes\Hero_Common!Hero_Common.entity.ot.EntitySettingsResource.gen	Ultimate Power 1 Controller	EntitySettings\Heroes\Hero_Piper!Hero_Piper.entity.ot.EntitySettingsResource.gen@0x4baac -> EntitySettings\Heroes\Hero_Common!Hero_Common.entity.ot.EntitySettingsResource.gen@0xb50d					
Ultimate 1	Base	Unchained Melody	Hero_Piper_Common.LangEN.tsv	Ability_Ultimate_1_Desc	12	damage_per_second		damage_per_second	(Level Damage Selector{[State] Character_Common\Bhv Preview\Behaviour Preview => DMG; True => DMG} * Ultimate Power 1 Damage Multiplier Selector{[State] Character_Common\Daily Cycle\State Nighttime => 0.800000011920929; True => 1.2000000476837158} * (1.0 + AP + NO_TALENT_OBJECT_MODIFIER(Ultimate AP Modifier Listener)) * runtime_operand[901])	Hypothetical formatter baseline: DMG=10; HEALING=10; AP=0; no talents or objects; gameplay level unspecified; resource/form/hold/switch conditions preserved	unresolved	Formatter/configuration decoding only; engine-fed operands and runtime branches preserved.  Blocked: Runtime selector predicate [State] Character_Common\Bhv Preview\Behaviour Preview.0xfd2833c is not established by serialized flag initialization; Property access needs engine semantics; no fallback substitution (Behaviour Preview.0xfd2833c); Runtime selector predicate [State] Character_Common\Daily Cycle\State Nighttime.0xfd2832a is not established by serialized flag initialization; Property access needs engine semantics; no fallback substitution (State Nighttime.0xfd2832a); Engine-fed operation operand binding; serialized fallback must not replace live operand (operand binding 901)	EntitySettings\Heroes\Hero_Piper!Hero_Piper.entity.ot.EntitySettingsResource.gen; EntitySettings\Character_Common\Character_Common.entity.ot.EntitySettingsResource.gen; EntitySettings\Heroes\Hero_Common!Hero_Common.entity.ot.EntitySettingsResource.gen	formatter argument; kind=0; format=2	EntitySettings\Heroes\Hero_Piper!Hero_Piper.entity.ot.EntitySettingsResource.gen@0x519df -> EntitySettings\Heroes\Hero_Piper!Hero_Piper.entity.ot.EntitySettingsResource.gen@0x3d396 -> EntitySettings\Character_Common\Character_Common.entity.ot.EntitySettingsResource.gen@0x56f54 -> EntitySettings\Character_Common\Character_Common.entity.ot.EntitySettingsResource.gen@0x123dd -> EntitySettings\Character_Common\Character_Common.entity.ot.EntitySettingsResource.gen@0x32ecd -> EntitySettings\Character_Common\Character_Common.entity.ot.EntitySettingsResource.gen@0x5e0b5 -> EntitySettings\Heroes\Hero_Piper!Hero_Piper.entity.ot.EntitySettingsResource.gen@0x778d9 -> EntitySettings\Character_Common\Character_Common.entity.ot.EntitySettingsResource.gen@0x252a7 -> EntitySettings\Heroes\Hero_Piper!Hero_Piper.entity.ot.EntitySettingsResource.gen@0x7db4f -> EntitySettings\Heroes\Hero_Piper!Hero_Piper.entity.ot.EntitySettingsResource.gen@0x7daa2 -> EntitySettings\Heroes\Hero_Common!Hero_Common.entity.ot.EntitySettingsResource.gen@0x8fc67 -> EntitySettings\Character_Common\Character_Common.entity.ot.EntitySettingsResource.gen@0x59bde -> EntitySettings\Heroes\Hero_Common!Hero_Common.entity.ot.EntitySettingsResource.gen@0x994b9	r479b5fda	120	in-game reading	read in game: no decoded value	
Ultimate 2	Base	Plague of Rats	Hero_Piper_Common.LangEN.tsv	Ability_Ultimate_2_Desc	14	cooldown		seconds	(10.0 0x17b29bf0 60.0 0x17b29bf0 unresolved(Ultimate Power 2 Active Timer))	Hypothetical formatter baseline: DMG=10; HEALING=10; AP=0; no talents or objects; gameplay level unspecified; resource/form/hold/switch conditions preserved	unresolved	Formatter/configuration decoding only; engine-fed operands and runtime branches preserved.  Blocked: Property access needs engine semantics; no fallback substitution (Ultimate Power 2 Active Timer.0xfd2825a)	EntitySettings\Heroes\Hero_Piper!Hero_Piper.entity.ot.EntitySettingsResource.gen	Ultimate Power 2 Controller	EntitySettings\Heroes\Hero_Piper!Hero_Piper.entity.ot.EntitySettingsResource.gen@0x4c2e1 -> EntitySettings\Heroes\Hero_Piper!Hero_Piper.entity.ot.EntitySettingsResource.gen@0x39017 -> EntitySettings\Heroes\Hero_Piper!Hero_Piper.entity.ot.EntitySettingsResource.gen@0x7df38 -> EntitySettings\Heroes\Hero_Piper!Hero_Piper.entity.ot.EntitySettingsResource.gen@0x7de94 -> EntitySettings\Heroes\Hero_Piper!Hero_Piper.entity.ot.EntitySettingsResource.gen@0xc0db	r52741ae1	60	in-game reading	read in game: no decoded value	
Ultimate 2	Base	Plague of Rats	Hero_Piper_Common.LangEN.tsv	Ability_Ultimate_2_Desc	14	charges	1	charges	1	Hypothetical formatter baseline: DMG=10; HEALING=10; AP=0; no talents or objects; gameplay level unspecified; resource/form/hold/switch conditions preserved	decoded-baseline	Formatter/configuration decoding only; engine-fed operands and runtime branches preserved. 	EntitySettings\Heroes\Hero_Piper!Hero_Piper.entity.ot.EntitySettingsResource.gen; EntitySettings\Heroes\Hero_Common!Hero_Common.entity.ot.EntitySettingsResource.gen	Ultimate Power 2 Controller	EntitySettings\Heroes\Hero_Piper!Hero_Piper.entity.ot.EntitySettingsResource.gen@0x4c2e1 -> EntitySettings\Heroes\Hero_Common!Hero_Common.entity.ot.EntitySettingsResource.gen@0xb50d					
Ultimate 2	Base	Plague of Rats	Hero_Piper_Common.LangEN.tsv	Ability_Ultimate_2_Desc	14	damage_per_second		damage_per_second	(Level Damage Selector{[State] Character_Common\Bhv Preview\Behaviour Preview => DMG; True => DMG} * 2.5 * (1.0 + AP + NO_TALENT_OBJECT_MODIFIER(Ultimate AP Modifier Listener)) * runtime_operand[900])	Hypothetical formatter baseline: DMG=10; HEALING=10; AP=0; no talents or objects; gameplay level unspecified; resource/form/hold/switch conditions preserved	unresolved	Formatter/configuration decoding only; engine-fed operands and runtime branches preserved.  Blocked: Runtime selector predicate [State] Character_Common\Bhv Preview\Behaviour Preview.0xfd2833c is not established by serialized flag initialization; Property access needs engine semantics; no fallback substitution (Behaviour Preview.0xfd2833c); Engine-fed operation operand binding; serialized fallback must not replace live operand (operand binding 900)	EntitySettings\Heroes\Hero_Piper!Hero_Piper.entity.ot.EntitySettingsResource.gen; EntitySettings\Character_Common\Character_Common.entity.ot.EntitySettingsResource.gen; EntitySettings\Heroes\Hero_Common!Hero_Common.entity.ot.EntitySettingsResource.gen	formatter argument; kind=0; format=2	EntitySettings\Heroes\Hero_Piper!Hero_Piper.entity.ot.EntitySettingsResource.gen@0x51b8c -> EntitySettings\Heroes\Hero_Piper!Hero_Piper.entity.ot.EntitySettingsResource.gen@0x3d63b -> EntitySettings\Character_Common\Character_Common.entity.ot.EntitySettingsResource.gen@0x56f54 -> EntitySettings\Character_Common\Character_Common.entity.ot.EntitySettingsResource.gen@0x123dd -> EntitySettings\Character_Common\Character_Common.entity.ot.EntitySettingsResource.gen@0x32ecd -> EntitySettings\Character_Common\Character_Common.entity.ot.EntitySettingsResource.gen@0x5e0b5 -> EntitySettings\Heroes\Hero_Piper!Hero_Piper.entity.ot.EntitySettingsResource.gen@0x7dfdc -> EntitySettings\Heroes\Hero_Common!Hero_Common.entity.ot.EntitySettingsResource.gen@0x8fc67 -> EntitySettings\Character_Common\Character_Common.entity.ot.EntitySettingsResource.gen@0x59bde -> EntitySettings\Heroes\Hero_Common!Hero_Common.entity.ot.EntitySettingsResource.gen@0x994b9	r8c687dc5	100	in-game reading	read in game: no decoded value	
Trait	Base	Infestation	Hero_Piper_Common.LangEN.tsv	Ability_Trait_Desc	2	tooltip_binding_coverage	• Rats spawn from the ground at regular intervals and follow the Hero (up to #{0}@ rats)\n• Activate to order all rats to attack enemies. They attack up to #{1}@ times for &{2}~ damage each and die afterwards	text	Static canonical text	Hypothetical formatter baseline: DMG=10; HEALING=10; AP=0; no talents or objects; gameplay level unspecified; resource/form/hold/switch conditions preserved	static-text	Canonical tooltip text; no numeric engine evaluation claimed	EntitySettings/Heroes/Hero_Piper!Hero_Piper.entity.ot.EntitySettingsResource.gen	Infestation Max Rats Counter	Hero_Piper -> Trait -> Max Rats Counter					
Attack	Base	Flute	Hero_Piper_Common.LangEN.tsv	Ability_Attack_Desc	4	tooltip_binding_coverage	• Hold to play the flute, sending notes that deal &{0}~ damage each\n• Does not prevent movement but reduces Move Speed	text	Static canonical text	Hypothetical formatter baseline: DMG=10; HEALING=10; AP=0; no talents or objects; gameplay level unspecified; resource/form/hold/switch conditions preserved	static-text	Canonical tooltip text; no numeric engine evaluation claimed	EntitySettings/Heroes/Hero_Piper!Hero_Piper.entity.ot.EntitySettingsResource.gen	Flute Scalable Damage Operations	Hero_Piper -> Basic Attack -> Damage Operations					
Power	Base	Solo	Hero_Piper_Common.LangEN.tsv	Ability_Power_Desc	6	tooltip_binding_coverage	• Play a solo on the flute, sending #{0}@ waves of #{1}@ notes, each one dealing &{2}~ damage\n• Does not prevent movement but reduces Move Speed	text	Static canonical text	Hypothetical formatter baseline: DMG=10; HEALING=10; AP=0; no talents or objects; gameplay level unspecified; resource/form/hold/switch conditions preserved	static-text	Canonical tooltip text; no numeric engine evaluation claimed	EntitySettings/Heroes/Hero_Piper!Hero_Piper.entity.ot.EntitySettingsResource.gen	Primary Ability Controller	Hero_Piper -> Primary Ability Controller -> Cooldown					
Special	Base	Fortissimo	Hero_Piper_Common.LangEN.tsv	Ability_Special_Desc	8	tooltip_binding_coverage	• Create a zone of power that makes all enemies inside #VULNERABLE@	text	Static canonical text	Hypothetical formatter baseline: DMG=10; HEALING=10; AP=0; no talents or objects; gameplay level unspecified; resource/form/hold/switch conditions preserved	static-text	Canonical tooltip text; no numeric engine evaluation claimed	EntitySettings/Heroes/Hero_Piper!Hero_Piper.entity.ot.EntitySettingsResource.gen	Secondary Ability Controller	Hero_Piper -> Secondary Ability Controller -> Cooldown					
Defense	Base	Acoustic Blast	Hero_Piper_Common.LangEN.tsv	Ability_Defense_Desc	10	tooltip_binding_coverage	• {0} briefly becomes #INTANGIBLE@ then creates an accoustic blast, stunning and pushing back all enemies around	text	Static canonical text	Hypothetical formatter baseline: DMG=10; HEALING=10; AP=0; no talents or objects; gameplay level unspecified; resource/form/hold/switch conditions preserved	static-text	Canonical tooltip text; no numeric engine evaluation claimed	EntitySettings/Heroes/Hero_Piper!Hero_Piper.entity.ot.EntitySettingsResource.gen	Defensive Ability Controller	Hero_Piper -> Defensive Ability Controller -> Cooldown					
Ultimate 1	Base	Unchained Melody	Hero_Piper_Common.LangEN.tsv	Ability_Ultimate_1_Desc	12	tooltip_binding_coverage	• Play notes continuously and rapidly, automatically targeting the closest enemy and dealing up to &{0}~ damage per second\n• During this ability, the Hero runs forward but the direction can be controlled	text	Static canonical text	Hypothetical formatter baseline: DMG=10; HEALING=10; AP=0; no talents or objects; gameplay level unspecified; resource/form/hold/switch conditions preserved	static-text	Canonical tooltip text; no numeric engine evaluation claimed	EntitySettings/Heroes/Hero_Piper!Hero_Piper.entity.ot.EntitySettingsResource.gen	Ultimate Power 1 Controller	Hero_Piper -> Ultimate Power 1 Controller -> Cooldown					
Ultimate 2	Base	Plague of Rats	Hero_Piper_Common.LangEN.tsv	Ability_Ultimate_2_Desc	14	tooltip_binding_coverage	• Channel a melody to control a swarm of rats that rushes forward and deals up to &{0}~ damage per second over a large area	text	Static canonical text	Hypothetical formatter baseline: DMG=10; HEALING=10; AP=0; no talents or objects; gameplay level unspecified; resource/form/hold/switch conditions preserved	static-text	Canonical tooltip text; no numeric engine evaluation claimed	EntitySettings/Heroes/Hero_Piper!Hero_Piper.entity.ot.EntitySettingsResource.gen	Ultimate Power 2 Controller	Hero_Piper -> Ultimate Power 2 Controller -> Cooldown					
Attack	Night	Flute (night)	Hero_Piper_Common.LangEN.tsv	Ability_Attack_Desc_Night	80	tooltip_binding_coverage	• Hold to play the flute, sending out piercing notes that deal &{0}~ damage each\n• Does not prevent movement but reduces movement speed	text	Static canonical text	Hypothetical formatter baseline: DMG=10; HEALING=10; AP=0; no talents or objects; gameplay level unspecified; resource/form/hold/switch conditions preserved	static-text	Canonical tooltip text; no numeric engine evaluation claimed	EntitySettings/Heroes/Hero_Piper!Hero_Piper.entity.ot.EntitySettingsResource.gen	Flute Scalable Damage Operations	Hero_Piper -> Basic Attack -> Night Selector					
Power	Night	Solo (night)	Hero_Piper_Common.LangEN.tsv	Ability_Power_Desc_Night	81	tooltip_binding_coverage	• Play a solo note on the flute, sending out #{0}@ waves of #{1}@ piercing notes in a straight line, each one dealing &{2}~ damage\n• Does not prevent movement but reduces movement speed	text	Static canonical text	Hypothetical formatter baseline: DMG=10; HEALING=10; AP=0; no talents or objects; gameplay level unspecified; resource/form/hold/switch conditions preserved	static-text	Canonical tooltip text; no numeric engine evaluation claimed	EntitySettings/Heroes/Hero_Piper!Hero_Piper.entity.ot.EntitySettingsResource.gen	Solo Scalable Damage Operations	Hero_Piper -> Primary Ability -> Night Selector					
Dash	Base	Dash	Common.LangEN.tsv	Ability_Dash_Desc	21	resource_cost		resource	unresolved(Required checklist field has no established owning runtime property/code path)	Hypothetical formatter baseline: DMG=10; HEALING=10; AP=0; no talents or objects; gameplay level unspecified; resource/form/hold/switch conditions preserved	unresolved	Formatter/configuration decoding only; engine-fed operands and runtime branches preserved. Required checklist field has no established owning runtime property/code path Blocked: Required checklist field has no established owning runtime property/code path	EntitySettings/Heroes/Hero_Common!Hero_Common.entity.ot.EntitySettingsResource.gen	resource_cost						
Trait	Base	Infestation	Hero_Piper_Common.LangEN.tsv	Ability_Trait_Desc	2	cooldown	0	seconds	0.0	Hypothetical formatter baseline: DMG=10; HEALING=10; AP=0; no talents or objects; gameplay level unspecified; resource/form/hold/switch conditions preserved	decoded	Formatter/configuration decoding only; engine-fed operands and runtime branches preserved. 	EntitySettings\Heroes\Hero_Piper!Hero_Piper.entity.ot.EntitySettingsResource.gen	Infestation Max Rats Counter	EntitySettings\Heroes\Hero_Piper!Hero_Piper.entity.ot.EntitySettingsResource.gen@0x4b3d5	r6c24cbd8	0	decoded	read in game: match	
Trait	Base	Infestation	Hero_Piper_Common.LangEN.tsv	Ability_Trait_Desc	2	charges	1	charges	Trait Ability Default Charges Selector{True => 1}	Hypothetical formatter baseline: DMG=10; HEALING=10; AP=0; no talents or objects; gameplay level unspecified; resource/form/hold/switch conditions preserved	decoded-baseline	Formatter/configuration decoding only; engine-fed operands and runtime branches preserved. 	EntitySettings\Heroes\Hero_Piper!Hero_Piper.entity.ot.EntitySettingsResource.gen; EntitySettings\Heroes\Hero_Common!Hero_Common.entity.ot.EntitySettingsResource.gen	Infestation Max Rats Counter	EntitySettings\Heroes\Hero_Piper!Hero_Piper.entity.ot.EntitySettingsResource.gen@0x4b3d5 -> EntitySettings\Heroes\Hero_Common!Hero_Common.entity.ot.EntitySettingsResource.gen@0xb280 -> EntitySettings\Heroes\Hero_Common!Hero_Common.entity.ot.EntitySettingsResource.gen@0xd2f6c					
Trait	Base	Infestation	Hero_Piper_Common.LangEN.tsv	Ability_Trait_Desc	2	active_duration		seconds	unresolved(Required checklist field has no established owning runtime property/code path)	Hypothetical formatter baseline: DMG=10; HEALING=10; AP=0; no talents or objects; gameplay level unspecified; resource/form/hold/switch conditions preserved	unresolved	Formatter/configuration decoding only; engine-fed operands and runtime branches preserved. Required checklist field has no established owning runtime property/code path Blocked: Required checklist field has no established owning runtime property/code path	EntitySettings/Heroes/Hero_Piper!Hero_Piper.entity.ot.EntitySettingsResource.gen	active_duration						
Trait	Base	Infestation	Hero_Piper_Common.LangEN.tsv	Ability_Trait_Desc	2	resource_cost		resource	unresolved(Required checklist field has no established owning runtime property/code path)	Hypothetical formatter baseline: DMG=10; HEALING=10; AP=0; no talents or objects; gameplay level unspecified; resource/form/hold/switch conditions preserved	unresolved	Formatter/configuration decoding only; engine-fed operands and runtime branches preserved. Required checklist field has no established owning runtime property/code path Blocked: Required checklist field has no established owning runtime property/code path	EntitySettings/Heroes/Hero_Piper!Hero_Piper.entity.ot.EntitySettingsResource.gen	resource_cost						
Attack	Base	Flute	Hero_Piper_Common.LangEN.tsv	Ability_Attack_Desc	4	hit_count		hits	unresolved(Required checklist field has no established owning runtime property/code path)	Hypothetical formatter baseline: DMG=10; HEALING=10; AP=0; no talents or objects; gameplay level unspecified; resource/form/hold/switch conditions preserved	unresolved	Formatter/configuration decoding only; engine-fed operands and runtime branches preserved. Required checklist field has no established owning runtime property/code path Blocked: Required checklist field has no established owning runtime property/code path	EntitySettings/Heroes/Hero_Piper!Hero_Piper.entity.ot.EntitySettingsResource.gen	hit_count						
Attack	Base	Flute	Hero_Piper_Common.LangEN.tsv	Ability_Attack_Desc	4	hit_damage_sequence		damage	unresolved(Required checklist field has no established owning runtime property/code path)	Hypothetical formatter baseline: DMG=10; HEALING=10; AP=0; no talents or objects; gameplay level unspecified; resource/form/hold/switch conditions preserved	unresolved	Formatter/configuration decoding only; engine-fed operands and runtime branches preserved. Required checklist field has no established owning runtime property/code path Blocked: Required checklist field has no established owning runtime property/code path	EntitySettings/Heroes/Hero_Piper!Hero_Piper.entity.ot.EntitySettingsResource.gen	hit_damage_sequence						
Attack	Base	Flute	Hero_Piper_Common.LangEN.tsv	Ability_Attack_Desc	4	attack_timing		seconds	unresolved(Required checklist field has no established owning runtime property/code path)	Hypothetical formatter baseline: DMG=10; HEALING=10; AP=0; no talents or objects; gameplay level unspecified; resource/form/hold/switch conditions preserved	unresolved	Formatter/configuration decoding only; engine-fed operands and runtime branches preserved. Required checklist field has no established owning runtime property/code path Blocked: Required checklist field has no established owning runtime property/code path	EntitySettings/Heroes/Hero_Piper!Hero_Piper.entity.ot.EntitySettingsResource.gen	attack_timing						
Attack	Night	Flute (night)	Hero_Piper_Common.LangEN.tsv	Ability_Attack_Desc_Night	80	hit_count		hits	unresolved(Required checklist field has no established owning runtime property/code path)	Hypothetical formatter baseline: DMG=10; HEALING=10; AP=0; no talents or objects; gameplay level unspecified; resource/form/hold/switch conditions preserved	unresolved	Formatter/configuration decoding only; engine-fed operands and runtime branches preserved. Required checklist field has no established owning runtime property/code path Blocked: Required checklist field has no established owning runtime property/code path	EntitySettings/Heroes/Hero_Piper!Hero_Piper.entity.ot.EntitySettingsResource.gen	hit_count						
Attack	Night	Flute (night)	Hero_Piper_Common.LangEN.tsv	Ability_Attack_Desc_Night	80	hit_damage_sequence		damage	unresolved(Required checklist field has no established owning runtime property/code path)	Hypothetical formatter baseline: DMG=10; HEALING=10; AP=0; no talents or objects; gameplay level unspecified; resource/form/hold/switch conditions preserved	unresolved	Formatter/configuration decoding only; engine-fed operands and runtime branches preserved. Required checklist field has no established owning runtime property/code path Blocked: Required checklist field has no established owning runtime property/code path	EntitySettings/Heroes/Hero_Piper!Hero_Piper.entity.ot.EntitySettingsResource.gen	hit_damage_sequence						
Attack	Night	Flute (night)	Hero_Piper_Common.LangEN.tsv	Ability_Attack_Desc_Night	80	attack_timing		seconds	unresolved(Required checklist field has no established owning runtime property/code path)	Hypothetical formatter baseline: DMG=10; HEALING=10; AP=0; no talents or objects; gameplay level unspecified; resource/form/hold/switch conditions preserved	unresolved	Formatter/configuration decoding only; engine-fed operands and runtime branches preserved. Required checklist field has no established owning runtime property/code path Blocked: Required checklist field has no established owning runtime property/code path	EntitySettings/Heroes/Hero_Piper!Hero_Piper.entity.ot.EntitySettingsResource.gen	attack_timing						
Power	Base	Solo	Hero_Piper_Common.LangEN.tsv	Ability_Power_Desc	6	active_duration		seconds	unresolved(Required checklist field has no established owning runtime property/code path)	Hypothetical formatter baseline: DMG=10; HEALING=10; AP=0; no talents or objects; gameplay level unspecified; resource/form/hold/switch conditions preserved	unresolved	Formatter/configuration decoding only; engine-fed operands and runtime branches preserved. Required checklist field has no established owning runtime property/code path Blocked: Required checklist field has no established owning runtime property/code path	EntitySettings/Heroes/Hero_Piper!Hero_Piper.entity.ot.EntitySettingsResource.gen	active_duration						
Power	Base	Solo	Hero_Piper_Common.LangEN.tsv	Ability_Power_Desc	6	resource_cost		resource	unresolved(Required checklist field has no established owning runtime property/code path)	Hypothetical formatter baseline: DMG=10; HEALING=10; AP=0; no talents or objects; gameplay level unspecified; resource/form/hold/switch conditions preserved	unresolved	Formatter/configuration decoding only; engine-fed operands and runtime branches preserved. Required checklist field has no established owning runtime property/code path Blocked: Required checklist field has no established owning runtime property/code path	EntitySettings/Heroes/Hero_Piper!Hero_Piper.entity.ot.EntitySettingsResource.gen	resource_cost						
Power	Night	Solo (night)	Hero_Piper_Common.LangEN.tsv	Ability_Power_Desc_Night	81	cooldown	4	seconds	4.0	Hypothetical formatter baseline: DMG=10; HEALING=10; AP=0; no talents or objects; gameplay level unspecified; resource/form/hold/switch conditions preserved	decoded	Formatter/configuration decoding only; engine-fed operands and runtime branches preserved. 	EntitySettings\Heroes\Hero_Piper!Hero_Piper.entity.ot.EntitySettingsResource.gen	Solo Scalable Damage Operations	EntitySettings\Heroes\Hero_Piper!Hero_Piper.entity.ot.EntitySettingsResource.gen@0x49f93					
Power	Night	Solo (night)	Hero_Piper_Common.LangEN.tsv	Ability_Power_Desc_Night	81	charges	1	charges	Primary Charge To Damage Charge Selector{[Modifier Listener] Hero_Common\MO Charge To Damage\Primary Charge To Damage Modifier Listener => 1; True => 1}	Hypothetical formatter baseline: DMG=10; HEALING=10; AP=0; no talents or objects; gameplay level unspecified; resource/form/hold/switch conditions preserved	decoded-baseline	Formatter/configuration decoding only; engine-fed operands and runtime branches preserved. 	EntitySettings\Heroes\Hero_Piper!Hero_Piper.entity.ot.EntitySettingsResource.gen; EntitySettings\Heroes\Hero_Common!Hero_Common.entity.ot.EntitySettingsResource.gen	Solo Scalable Damage Operations	EntitySettings\Heroes\Hero_Piper!Hero_Piper.entity.ot.EntitySettingsResource.gen@0x49f93 -> EntitySettings\Heroes\Hero_Common!Hero_Common.entity.ot.EntitySettingsResource.gen@0xd15a8 -> EntitySettings\Heroes\Hero_Common!Hero_Common.entity.ot.EntitySettingsResource.gen@0x98202 -> EntitySettings\Heroes\Hero_Common!Hero_Common.entity.ot.EntitySettingsResource.gen@0xa8a9					
Power	Night	Solo (night)	Hero_Piper_Common.LangEN.tsv	Ability_Power_Desc_Night	81	active_duration		seconds	unresolved(Required checklist field has no established owning runtime property/code path)	Hypothetical formatter baseline: DMG=10; HEALING=10; AP=0; no talents or objects; gameplay level unspecified; resource/form/hold/switch conditions preserved	unresolved	Formatter/configuration decoding only; engine-fed operands and runtime branches preserved. Required checklist field has no established owning runtime property/code path Blocked: Required checklist field has no established owning runtime property/code path	EntitySettings/Heroes/Hero_Piper!Hero_Piper.entity.ot.EntitySettingsResource.gen	active_duration						
Power	Night	Solo (night)	Hero_Piper_Common.LangEN.tsv	Ability_Power_Desc_Night	81	resource_cost		resource	unresolved(Required checklist field has no established owning runtime property/code path)	Hypothetical formatter baseline: DMG=10; HEALING=10; AP=0; no talents or objects; gameplay level unspecified; resource/form/hold/switch conditions preserved	unresolved	Formatter/configuration decoding only; engine-fed operands and runtime branches preserved. Required checklist field has no established owning runtime property/code path Blocked: Required checklist field has no established owning runtime property/code path	EntitySettings/Heroes/Hero_Piper!Hero_Piper.entity.ot.EntitySettingsResource.gen	resource_cost						
Special	Base	Fortissimo	Hero_Piper_Common.LangEN.tsv	Ability_Special_Desc	8	active_duration		seconds	unresolved(Required checklist field has no established owning runtime property/code path)	Hypothetical formatter baseline: DMG=10; HEALING=10; AP=0; no talents or objects; gameplay level unspecified; resource/form/hold/switch conditions preserved	unresolved	Formatter/configuration decoding only; engine-fed operands and runtime branches preserved. Required checklist field has no established owning runtime property/code path Blocked: Required checklist field has no established owning runtime property/code path	EntitySettings/Heroes/Hero_Piper!Hero_Piper.entity.ot.EntitySettingsResource.gen	active_duration						
Special	Base	Fortissimo	Hero_Piper_Common.LangEN.tsv	Ability_Special_Desc	8	resource_cost		resource	unresolved(Required checklist field has no established owning runtime property/code path)	Hypothetical formatter baseline: DMG=10; HEALING=10; AP=0; no talents or objects; gameplay level unspecified; resource/form/hold/switch conditions preserved	unresolved	Formatter/configuration decoding only; engine-fed operands and runtime branches preserved. Required checklist field has no established owning runtime property/code path Blocked: Required checklist field has no established owning runtime property/code path	EntitySettings/Heroes/Hero_Piper!Hero_Piper.entity.ot.EntitySettingsResource.gen	resource_cost						
Defense	Base	Acoustic Blast	Hero_Piper_Common.LangEN.tsv	Ability_Defense_Desc	10	active_duration		seconds	unresolved(Required checklist field has no established owning runtime property/code path)	Hypothetical formatter baseline: DMG=10; HEALING=10; AP=0; no talents or objects; gameplay level unspecified; resource/form/hold/switch conditions preserved	unresolved	Formatter/configuration decoding only; engine-fed operands and runtime branches preserved. Required checklist field has no established owning runtime property/code path Blocked: Required checklist field has no established owning runtime property/code path	EntitySettings/Heroes/Hero_Piper!Hero_Piper.entity.ot.EntitySettingsResource.gen	active_duration						
Defense	Base	Acoustic Blast	Hero_Piper_Common.LangEN.tsv	Ability_Defense_Desc	10	resource_cost		resource	unresolved(Required checklist field has no established owning runtime property/code path)	Hypothetical formatter baseline: DMG=10; HEALING=10; AP=0; no talents or objects; gameplay level unspecified; resource/form/hold/switch conditions preserved	unresolved	Formatter/configuration decoding only; engine-fed operands and runtime branches preserved. Required checklist field has no established owning runtime property/code path Blocked: Required checklist field has no established owning runtime property/code path	EntitySettings/Heroes/Hero_Piper!Hero_Piper.entity.ot.EntitySettingsResource.gen	resource_cost						
Ultimate 1	Base	Unchained Melody	Hero_Piper_Common.LangEN.tsv	Ability_Ultimate_1_Desc	12	resource_cost		resource	unresolved(Required checklist field has no established owning runtime property/code path)	Hypothetical formatter baseline: DMG=10; HEALING=10; AP=0; no talents or objects; gameplay level unspecified; resource/form/hold/switch conditions preserved	unresolved	Formatter/configuration decoding only; engine-fed operands and runtime branches preserved. Required checklist field has no established owning runtime property/code path Blocked: Required checklist field has no established owning runtime property/code path	EntitySettings/Heroes/Hero_Piper!Hero_Piper.entity.ot.EntitySettingsResource.gen	resource_cost						
Ultimate 2	Base	Plague of Rats	Hero_Piper_Common.LangEN.tsv	Ability_Ultimate_2_Desc	14	resource_cost		resource	unresolved(Required checklist field has no established owning runtime property/code path)	Hypothetical formatter baseline: DMG=10; HEALING=10; AP=0; no talents or objects; gameplay level unspecified; resource/form/hold/switch conditions preserved	unresolved	Formatter/configuration decoding only; engine-fed operands and runtime branches preserved. Required checklist field has no established owning runtime property/code path Blocked: Required checklist field has no established owning runtime property/code path	EntitySettings/Heroes/Hero_Piper!Hero_Piper.entity.ot.EntitySettingsResource.gen	resource_cost						
Attack	Base	Flute	Hero_Piper_Common.LangEN.tsv	Ability_Attack_Desc	4	note_frequency		per_second	unresolved(Explicit checklist field: activation/timing/scaling/cost code path not established)	Hypothetical formatter baseline: DMG=10; HEALING=10; AP=0; no talents or objects; gameplay level unspecified; resource/form/hold/switch conditions preserved	unresolved	Formatter/configuration decoding only; engine-fed operands and runtime branches preserved. Explicit checklist field: activation/timing/scaling/cost code path not established Blocked: Explicit checklist field: activation/timing/scaling/cost code path not established	EntitySettings/Heroes/Hero_Piper!Hero_Piper.entity.ot.EntitySettingsResource.gen	Flute Scalable Damage Operations	Hero_Piper -> Basic Attack -> Damage Operations					
Attack	Base	Flute	Hero_Piper_Common.LangEN.tsv	Ability_Attack_Desc	4	movement_speed_reduction		percent	unresolved(Explicit checklist field: activation/timing/scaling/cost code path not established)	Hypothetical formatter baseline: DMG=10; HEALING=10; AP=0; no talents or objects; gameplay level unspecified; resource/form/hold/switch conditions preserved	unresolved	Formatter/configuration decoding only; engine-fed operands and runtime branches preserved. Explicit checklist field: activation/timing/scaling/cost code path not established Blocked: Explicit checklist field: activation/timing/scaling/cost code path not established	EntitySettings/Heroes/Hero_Piper!Hero_Piper.entity.ot.EntitySettingsResource.gen	Flute Scalable Damage Operations	Hero_Piper -> Basic Attack -> Damage Operations					
Attack	Night	Flute (night)	Hero_Piper_Common.LangEN.tsv	Ability_Attack_Desc_Night	80	note_frequency		per_second	unresolved(Explicit checklist field: activation/timing/scaling/cost code path not established)	Hypothetical formatter baseline: DMG=10; HEALING=10; AP=0; no talents or objects; gameplay level unspecified; resource/form/hold/switch conditions preserved	unresolved	Formatter/configuration decoding only; engine-fed operands and runtime branches preserved. Explicit checklist field: activation/timing/scaling/cost code path not established Blocked: Explicit checklist field: activation/timing/scaling/cost code path not established	EntitySettings/Heroes/Hero_Piper!Hero_Piper.entity.ot.EntitySettingsResource.gen	Flute Scalable Damage Operations	Hero_Piper -> Basic Attack -> Night Selector					
Attack	Night	Flute (night)	Hero_Piper_Common.LangEN.tsv	Ability_Attack_Desc_Night	80	movement_speed_reduction		percent	unresolved(Explicit checklist field: activation/timing/scaling/cost code path not established)	Hypothetical formatter baseline: DMG=10; HEALING=10; AP=0; no talents or objects; gameplay level unspecified; resource/form/hold/switch conditions preserved	unresolved	Formatter/configuration decoding only; engine-fed operands and runtime branches preserved. Explicit checklist field: activation/timing/scaling/cost code path not established Blocked: Explicit checklist field: activation/timing/scaling/cost code path not established	EntitySettings/Heroes/Hero_Piper!Hero_Piper.entity.ot.EntitySettingsResource.gen	Flute Scalable Damage Operations	Hero_Piper -> Basic Attack -> Night Selector					
Power	Base	Solo	Hero_Piper_Common.LangEN.tsv	Ability_Power_Desc	6	movement_speed_reduction		percent	unresolved(Explicit checklist field: activation/timing/scaling/cost code path not established)	Hypothetical formatter baseline: DMG=10; HEALING=10; AP=0; no talents or objects; gameplay level unspecified; resource/form/hold/switch conditions preserved	unresolved	Formatter/configuration decoding only; engine-fed operands and runtime branches preserved. Explicit checklist field: activation/timing/scaling/cost code path not established Blocked: Explicit checklist field: activation/timing/scaling/cost code path not established	EntitySettings/Heroes/Hero_Piper!Hero_Piper.entity.ot.EntitySettingsResource.gen	Primary Ability Controller	Hero_Piper -> Primary Ability Controller -> Cooldown					
Power	Night	Solo (night)	Hero_Piper_Common.LangEN.tsv	Ability_Power_Desc_Night	81	wave_count		waves	unresolved(Explicit checklist field: activation/timing/scaling/cost code path not established)	Hypothetical formatter baseline: DMG=10; HEALING=10; AP=0; no talents or objects; gameplay level unspecified; resource/form/hold/switch conditions preserved	unresolved	Formatter/configuration decoding only; engine-fed operands and runtime branches preserved. Explicit checklist field: activation/timing/scaling/cost code path not established Blocked: Explicit checklist field: activation/timing/scaling/cost code path not established	EntitySettings/Heroes/Hero_Piper!Hero_Piper.entity.ot.EntitySettingsResource.gen	Solo Scalable Damage Operations	Hero_Piper -> Primary Ability -> Night Selector	r16db9b87	3	in-game reading	read in game: no decoded value	
Power	Night	Solo (night)	Hero_Piper_Common.LangEN.tsv	Ability_Power_Desc_Night	81	notes_per_wave		notes	unresolved(Explicit checklist field: activation/timing/scaling/cost code path not established)	Hypothetical formatter baseline: DMG=10; HEALING=10; AP=0; no talents or objects; gameplay level unspecified; resource/form/hold/switch conditions preserved	unresolved	Formatter/configuration decoding only; engine-fed operands and runtime branches preserved. Explicit checklist field: activation/timing/scaling/cost code path not established Blocked: Explicit checklist field: activation/timing/scaling/cost code path not established	EntitySettings/Heroes/Hero_Piper!Hero_Piper.entity.ot.EntitySettingsResource.gen	Solo Scalable Damage Operations	Hero_Piper -> Primary Ability -> Night Selector	r810f5bf1	3	in-game reading	read in game: no decoded value	
Power	Night	Solo (night)	Hero_Piper_Common.LangEN.tsv	Ability_Power_Desc_Night	81	movement_speed_reduction		percent	unresolved(Explicit checklist field: activation/timing/scaling/cost code path not established)	Hypothetical formatter baseline: DMG=10; HEALING=10; AP=0; no talents or objects; gameplay level unspecified; resource/form/hold/switch conditions preserved	unresolved	Formatter/configuration decoding only; engine-fed operands and runtime branches preserved. Explicit checklist field: activation/timing/scaling/cost code path not established Blocked: Explicit checklist field: activation/timing/scaling/cost code path not established	EntitySettings/Heroes/Hero_Piper!Hero_Piper.entity.ot.EntitySettingsResource.gen	Solo Scalable Damage Operations	Hero_Piper -> Primary Ability -> Night Selector					
Defense	Base	Acoustic Blast	Hero_Piper_Common.LangEN.tsv	Ability_Defense_Desc	10	intangible_duration		seconds	unresolved(Explicit checklist field: activation/timing/scaling/cost code path not established)	Hypothetical formatter baseline: DMG=10; HEALING=10; AP=0; no talents or objects; gameplay level unspecified; resource/form/hold/switch conditions preserved	unresolved	Formatter/configuration decoding only; engine-fed operands and runtime branches preserved. Explicit checklist field: activation/timing/scaling/cost code path not established Blocked: Explicit checklist field: activation/timing/scaling/cost code path not established	EntitySettings/Heroes/Hero_Piper!Hero_Piper.entity.ot.EntitySettingsResource.gen	Defensive Ability Controller	Hero_Piper -> Defensive Ability Controller -> Cooldown					
Trait	Base	Infestation	Hero_Piper_Common.LangEN.tsv	Ability_Trait_Desc	2	rat_spawn_interval	9	seconds	9.0	Hypothetical formatter baseline: DMG=10; HEALING=10; AP=0; no talents or objects; gameplay level unspecified; resource/form/hold/switch conditions preserved	decoded	Formatter/configuration decoding only; engine-fed operands and runtime branches preserved. Exact named configuration setting; its activation/caller is retained separately in evidence and is not inferred solely from its name	EntitySettings\Heroes\Hero_Piper!Hero_Piper.entity.ot.EntitySettingsResource.gen	Trait Ability Rats Spawn Timer	EntitySettings\Heroes\Hero_Piper!Hero_Piper.entity.ot.EntitySettingsResource.gen@0x7da02					
Attack	Base	Flute	Hero_Piper_Common.LangEN.tsv	Ability_Attack_Desc	4	note_interval	0.15	seconds	0.15000000596046448	Hypothetical formatter baseline: DMG=10; HEALING=10; AP=0; no talents or objects; gameplay level unspecified; resource/form/hold/switch conditions preserved	decoded	Formatter/configuration decoding only; engine-fed operands and runtime branches preserved. Exact named configuration setting; its activation/caller is retained separately in evidence and is not inferred solely from its name	EntitySettings\Heroes\Hero_Piper!Hero_Piper.entity.ot.EntitySettingsResource.gen	Basic Attack Default Delay	EntitySettings\Heroes\Hero_Piper!Hero_Piper.entity.ot.EntitySettingsResource.gen@0x7a2ec					
Power	Base	Solo	Hero_Piper_Common.LangEN.tsv	Ability_Power_Desc	6	wave_interval	0.05	seconds	0.05000000074505806	Hypothetical formatter baseline: DMG=10; HEALING=10; AP=0; no talents or objects; gameplay level unspecified; resource/form/hold/switch conditions preserved	decoded	Formatter/configuration decoding only; engine-fed operands and runtime branches preserved. Exact named configuration setting; its activation/caller is retained separately in evidence and is not inferred solely from its name	EntitySettings\Heroes\Hero_Piper!Hero_Piper.entity.ot.EntitySettingsResource.gen	Primary Ability Shots Delay	EntitySettings\Heroes\Hero_Piper!Hero_Piper.entity.ot.EntitySettingsResource.gen@0x7ad4f					
Ultimate 1	Base	Unchained Melody	Hero_Piper_Common.LangEN.tsv	Ability_Ultimate_1_Desc	12	active_duration	7	seconds	7.0	Hypothetical formatter baseline: DMG=10; HEALING=10; AP=0; no talents or objects; gameplay level unspecified; resource/form/hold/switch conditions preserved	decoded	Formatter/configuration decoding only; engine-fed operands and runtime branches preserved. Exact named configuration setting; its activation/caller is retained separately in evidence and is not inferred solely from its name	EntitySettings\Heroes\Hero_Piper!Hero_Piper.entity.ot.EntitySettingsResource.gen	Ultimate Power 1 Loop Duration	EntitySettings\Heroes\Hero_Piper!Hero_Piper.entity.ot.EntitySettingsResource.gen@0x7dbfe					
Ultimate 2	Base	Plague of Rats	Hero_Piper_Common.LangEN.tsv	Ability_Ultimate_2_Desc	14	active_duration	4	seconds	4.0	Hypothetical formatter baseline: DMG=10; HEALING=10; AP=0; no talents or objects; gameplay level unspecified; resource/form/hold/switch conditions preserved	decoded	Formatter/configuration decoding only; engine-fed operands and runtime branches preserved. Exact named configuration setting; its activation/caller is retained separately in evidence and is not inferred solely from its name	EntitySettings\Heroes\Hero_Piper!Hero_Piper.entity.ot.EntitySettingsResource.gen	Ultimate Power 2 Max Loop Duration	EntitySettings\Heroes\Hero_Piper!Hero_Piper.entity.ot.EntitySettingsResource.gen@0x7e085					
Dash	Base	Dash	Common.LangEN.tsv	Ability_Dash_Desc	21	active_duration	0.25	seconds	Dash Ability Active Duration Selector{True => 0.25}	Hypothetical formatter baseline: DMG=10; HEALING=10; AP=0; no talents or objects; gameplay level unspecified; resource/form/hold/switch conditions preserved	decoded-baseline	Formatter/configuration decoding only; engine-fed operands and runtime branches preserved. Shared timer plus hero GUID overrides; intangible state transition outside timer not assumed	EntitySettings\Heroes\Hero_Common!Hero_Common.entity.ot.EntitySettingsResource.gen	Dash Ability Active Timer duration	EntitySettings\Heroes\Hero_Common!Hero_Common.entity.ot.EntitySettingsResource.gen@0xff98 -> EntitySettings\Heroes\Hero_Common!Hero_Common.entity.ot.EntitySettingsResource.gen@0xcaf8b -> EntitySettings\Heroes\Hero_Common!Hero_Common.entity.ot.EntitySettingsResource.gen@0xda4aa					
