# source_table	Juliet numerical values
# rows	70
# snapshot_id	2026-10-06-values
# status	Decoded values with the 2026-10-06 maintainer check merged in (see VALUES.md). Row statuses: decoded 13; decoded-baseline 15; static-text 9; unresolved 33. Checked rows: accepted without reading 22.
# baseline	Compendium level 1 figures: character damage 10, healing 10, no talents, no Magical Objects.
# source_version	Prior export attribution: Steam PC 1.05.01.01.27384, 2026/06/16, rev #773b656a63; raw file hashes recorded; installed build not independently reverified
section	form_or_condition	name	text_table	text_key	source_row_index	field	value	unit	formula	baseline	status	notes	source_path	source_property	reference_chain	check_id	checked_value	checked_value_source	maintainer_check	check_note
Dash	Base	Dash	Common.LangEN.tsv	Ability_Dash_Desc	21	cooldown	3	seconds	3.0	Hypothetical formatter baseline: DMG=10; HEALING=10; AP=0; no talents or objects; gameplay level unspecified; resource/form/hold/switch conditions preserved	decoded	Formatter/configuration decoding only; engine-fed operands and runtime branches preserved. 	EntitySettings\Heroes\Hero_Common!Hero_Common.entity.ot.EntitySettingsResource.gen	Dash Cooldown Default	EntitySettings\Heroes\Hero_Common!Hero_Common.entity.ot.EntitySettingsResource.gen@0x9ff91 -> EntitySettings\Heroes\Hero_Common!Hero_Common.entity.ot.EntitySettingsResource.gen@0xda7e4					
Dash	Base	Dash	Common.LangEN.tsv	Ability_Dash_Desc	21	charges	1	charges	1	Hypothetical formatter baseline: DMG=10; HEALING=10; AP=0; no talents or objects; gameplay level unspecified; resource/form/hold/switch conditions preserved	decoded-baseline	Formatter/configuration decoding only; engine-fed operands and runtime branches preserved. 	EntitySettings\Heroes\Hero_Common!Hero_Common.entity.ot.EntitySettingsResource.gen	Dash Ability Max Charges Counter	EntitySettings\Heroes\Hero_Common!Hero_Common.entity.ot.EntitySettingsResource.gen@0x9ff91 -> EntitySettings\Heroes\Hero_Common!Hero_Common.entity.ot.EntitySettingsResource.gen@0x9fbc					
Dash	Base	Dash	Common.LangEN.tsv	Ability_Dash_Desc	21	duration	0.25	seconds	Dash Ability Active Duration Selector{True => 0.25}	Hypothetical formatter baseline: DMG=10; HEALING=10; AP=0; no talents or objects; gameplay level unspecified; resource/form/hold/switch conditions preserved	decoded-baseline	Formatter/configuration decoding only; engine-fed operands and runtime branches preserved. Active duration timer configuration; intangible state synchronization beyond this timer is not inferred	EntitySettings\Heroes\Hero_Common!Hero_Common.entity.ot.EntitySettingsResource.gen	Dash Ability Active Duration Default	EntitySettings\Heroes\Hero_Common!Hero_Common.entity.ot.EntitySettingsResource.gen@0xff98 -> EntitySettings\Heroes\Hero_Common!Hero_Common.entity.ot.EntitySettingsResource.gen@0xcaf8b -> EntitySettings\Heroes\Hero_Common!Hero_Common.entity.ot.EntitySettingsResource.gen@0xda4aa					
Trait	Paired	Until death do us part	Hero_Juliet_Common.LangEN.tsv	Ability_Trait_Desc	3	cooldown	15	seconds	15.0	Hypothetical formatter baseline: DMG=10; HEALING=10; AP=0; no talents or objects; gameplay level unspecified; resource/form/hold/switch conditions preserved	decoded	Formatter/configuration decoding only; engine-fed operands and runtime branches preserved. 	EntitySettings\Heroes\Hero_Juliet!Hero_Juliet.entity.ot.EntitySettingsResource.gen	Trait Ability Controller	EntitySettings\Heroes\Hero_Juliet!Hero_Juliet.entity.ot.EntitySettingsResource.gen@0x45797	r921f69cf	15	decoded	accepted without reading	
Trait	Paired	Until death do us part	Hero_Juliet_Common.LangEN.tsv	Ability_Trait_Desc	3	charges	1	charges	Trait Ability Default Charges Selector{True => 1}	Hypothetical formatter baseline: DMG=10; HEALING=10; AP=0; no talents or objects; gameplay level unspecified; resource/form/hold/switch conditions preserved	decoded-baseline	Formatter/configuration decoding only; engine-fed operands and runtime branches preserved. 	EntitySettings\Heroes\Hero_Juliet!Hero_Juliet.entity.ot.EntitySettingsResource.gen; EntitySettings\Heroes\Hero_Common!Hero_Common.entity.ot.EntitySettingsResource.gen	Trait Ability Controller	EntitySettings\Heroes\Hero_Juliet!Hero_Juliet.entity.ot.EntitySettingsResource.gen@0x45797 -> EntitySettings\Heroes\Hero_Common!Hero_Common.entity.ot.EntitySettingsResource.gen@0xb280 -> EntitySettings\Heroes\Hero_Common!Hero_Common.entity.ot.EntitySettingsResource.gen@0xd2f6c					
Trait	Paired	Until death do us part	Hero_Juliet_Common.LangEN.tsv	Ability_Trait_Desc	3	health_sacrifice_pct	15	percent	100 * (0.15000000596046448)	Hypothetical formatter baseline: DMG=10; HEALING=10; AP=0; no talents or objects; gameplay level unspecified; resource/form/hold/switch conditions preserved	decoded	Formatter/configuration decoding only; engine-fed operands and runtime branches preserved. 	EntitySettings\Heroes\Hero_Juliet!Hero_Juliet.entity.ot.EntitySettingsResource.gen; EntitySettings\Heroes\Hero_Juliet!Hero_Romeo_Juliet_Common.entity.ot.EntitySettingsResource.gen	formatter argument; kind=0; format=1	EntitySettings\Heroes\Hero_Juliet!Hero_Juliet.entity.ot.EntitySettingsResource.gen@0x4797e -> EntitySettings\Heroes\Hero_Juliet!Hero_Romeo_Juliet_Common.entity.ot.EntitySettingsResource.gen@0x61bfa	r514e91bf	15	decoded	accepted without reading	
Trait	Paired	Until death do us part	Hero_Juliet_Common.LangEN.tsv	Ability_Trait_Desc	3	heal_ratio_pct		percent	100 * (unresolved(Multiple distinct formatter bindings for same canonical key; owning selector not proven))	Hypothetical formatter baseline: DMG=10; HEALING=10; AP=0; no talents or objects; gameplay level unspecified; resource/form/hold/switch conditions preserved	unresolved	Formatter/configuration decoding only; engine-fed operands and runtime branches preserved.  Blocked: Multiple distinct formatter bindings for same canonical key; owning selector not proven	EntitySettings\Heroes\Hero_Juliet!Hero_Juliet.entity.ot.EntitySettingsResource.gen; EntitySettings\Heroes\Hero_Juliet!Hero_Romeo_Juliet_Common.entity.ot.EntitySettingsResource.gen	formatter argument; kind=0; format=1	EntitySettings\Heroes\Hero_Juliet!Hero_Juliet.entity.ot.EntitySettingsResource.gen@0x4797e -> EntitySettings\Heroes\Hero_Juliet!Hero_Romeo_Juliet_Common.entity.ot.EntitySettingsResource.gen@0x61bfa -> EntitySettings\Heroes\Hero_Juliet!Hero_Romeo_Juliet_Common.entity.ot.EntitySettingsResource.gen@0x61c9e -> EntitySettings\Heroes\Hero_Juliet!Hero_Romeo_Juliet_Common.entity.ot.EntitySettingsResource.gen@0x3ff97	r34e41d95	200	fill pass (decoded-baseline)	accepted without reading	
Trait	Solo	Broken Heart	Hero_Juliet_Common.LangEN.tsv	Ability_Trait_Solo_Desc	70	cooldown		seconds	unresolved(Applicable passive/solo controller selector not proven)	Hypothetical formatter baseline: DMG=10; HEALING=10; AP=0; no talents or objects; gameplay level unspecified; resource/form/hold/switch conditions preserved	unresolved	Formatter/configuration decoding only; engine-fed operands and runtime branches preserved. Applicable passive/solo controller selector not proven Blocked: Applicable passive/solo controller selector not proven	EntitySettings/Heroes/Hero_Juliet!Hero_Juliet.entity.ot.EntitySettingsResource.gen	Trait Ability Controller	Hero_Juliet -> Trait Ability Controller -> Cooldown	r8fa0dccd	15	fill pass (decoded-baseline)	accepted without reading	
Trait	Solo	Broken Heart	Hero_Juliet_Common.LangEN.tsv	Ability_Trait_Solo_Desc	70	health_sacrifice_pct	15	percent	100 * (0.15000000596046448)	Hypothetical formatter baseline: DMG=10; HEALING=10; AP=0; no talents or objects; gameplay level unspecified; resource/form/hold/switch conditions preserved	decoded	Formatter/configuration decoding only; engine-fed operands and runtime branches preserved. 	EntitySettings\Heroes\Hero_Juliet!Hero_Romeo_Juliet_Common.entity.ot.EntitySettingsResource.gen	formatter argument; kind=0; format=1	EntitySettings\Heroes\Hero_Juliet!Hero_Romeo_Juliet_Common.entity.ot.EntitySettingsResource.gen@0x40284 -> EntitySettings\Heroes\Hero_Juliet!Hero_Romeo_Juliet_Common.entity.ot.EntitySettingsResource.gen@0x61bfa	r74e4b564	15	decoded	accepted without reading	
Trait	Solo	Broken Heart	Hero_Juliet_Common.LangEN.tsv	Ability_Trait_Solo_Desc	70	regeneration_rate	6	health_per_second	6.0	Hypothetical formatter baseline: DMG=10; HEALING=10; AP=0; no talents or objects; gameplay level unspecified; resource/form/hold/switch conditions preserved	decoded	Formatter/configuration decoding only; engine-fed operands and runtime branches preserved. 	EntitySettings\Heroes\Hero_Juliet!Hero_Romeo_Juliet_Common.entity.ot.EntitySettingsResource.gen	formatter argument; kind=0; format=2	EntitySettings\Heroes\Hero_Juliet!Hero_Romeo_Juliet_Common.entity.ot.EntitySettingsResource.gen@0x40284 -> EntitySettings\Heroes\Hero_Juliet!Hero_Romeo_Juliet_Common.entity.ot.EntitySettingsResource.gen@0x61fb5	rfd782c8f	6	decoded	accepted without reading	
Attack	Base	Pistol Shot	Hero_Juliet_Common.LangEN.tsv	Ability_Attack_Desc	5	damage_per_shot	20	damage	(Level Damage Selector{[State] Character_Common\Bhv Preview\Behaviour Preview => DMG; True => DMG} * 2.0 * (1.0 + AP + NO_TALENT_OBJECT_MODIFIER(Basic Attack AP Modifier Listener)))	Hypothetical formatter baseline: DMG=10; HEALING=10; AP=0; no talents or objects; gameplay level unspecified; resource/form/hold/switch conditions preserved	decoded-baseline	Formatter/configuration decoding only; engine-fed operands and runtime branches preserved. 	EntitySettings\Heroes\Hero_Juliet!Hero_Juliet.entity.ot.EntitySettingsResource.gen; EntitySettings\Character_Common\Character_Common.entity.ot.EntitySettingsResource.gen; EntitySettings\Heroes\Hero_Common!Hero_Common.entity.ot.EntitySettingsResource.gen	formatter argument; kind=0; format=2	EntitySettings\Heroes\Hero_Juliet!Hero_Juliet.entity.ot.EntitySettingsResource.gen@0x47027 -> EntitySettings\Heroes\Hero_Juliet!Hero_Juliet.entity.ot.EntitySettingsResource.gen@0x345e1 -> EntitySettings\Character_Common\Character_Common.entity.ot.EntitySettingsResource.gen@0x56f54 -> EntitySettings\Character_Common\Character_Common.entity.ot.EntitySettingsResource.gen@0x123dd -> EntitySettings\Character_Common\Character_Common.entity.ot.EntitySettingsResource.gen@0x32ecd -> EntitySettings\Character_Common\Character_Common.entity.ot.EntitySettingsResource.gen@0x5e0b5 -> EntitySettings\Heroes\Hero_Juliet!Hero_Juliet.entity.ot.EntitySettingsResource.gen@0x70e4b -> EntitySettings\Heroes\Hero_Common!Hero_Common.entity.ot.EntitySettingsResource.gen@0x8cde1 -> EntitySettings\Character_Common\Character_Common.entity.ot.EntitySettingsResource.gen@0x59bde -> EntitySettings\Heroes\Hero_Common!Hero_Common.entity.ot.EntitySettingsResource.gen@0x95da8	r8623c638	20	decoded-baseline	accepted without reading	
Power	Base	Power Shot	Hero_Juliet_Common.LangEN.tsv	Ability_Power_Desc	7	cooldown	4	seconds	4.0	Hypothetical formatter baseline: DMG=10; HEALING=10; AP=0; no talents or objects; gameplay level unspecified; resource/form/hold/switch conditions preserved	decoded	Formatter/configuration decoding only; engine-fed operands and runtime branches preserved. 	EntitySettings\Heroes\Hero_Juliet!Hero_Juliet.entity.ot.EntitySettingsResource.gen	Primary Ability Controller	EntitySettings\Heroes\Hero_Juliet!Hero_Juliet.entity.ot.EntitySettingsResource.gen@0x44039	r2e0cd310	4	decoded	accepted without reading	
Power	Base	Power Shot	Hero_Juliet_Common.LangEN.tsv	Ability_Power_Desc	7	charges	1	charges	Primary Charge To Damage Charge Selector{[Modifier Listener] Hero_Common\MO Charge To Damage\Primary Charge To Damage Modifier Listener => 1; True => 1}	Hypothetical formatter baseline: DMG=10; HEALING=10; AP=0; no talents or objects; gameplay level unspecified; resource/form/hold/switch conditions preserved	decoded-baseline	Formatter/configuration decoding only; engine-fed operands and runtime branches preserved. 	EntitySettings\Heroes\Hero_Juliet!Hero_Juliet.entity.ot.EntitySettingsResource.gen; EntitySettings\Heroes\Hero_Common!Hero_Common.entity.ot.EntitySettingsResource.gen	Primary Ability Controller	EntitySettings\Heroes\Hero_Juliet!Hero_Juliet.entity.ot.EntitySettingsResource.gen@0x44039 -> EntitySettings\Heroes\Hero_Common!Hero_Common.entity.ot.EntitySettingsResource.gen@0xd15a8 -> EntitySettings\Heroes\Hero_Common!Hero_Common.entity.ot.EntitySettingsResource.gen@0x98202 -> EntitySettings\Heroes\Hero_Common!Hero_Common.entity.ot.EntitySettingsResource.gen@0xa8a9					
Power	Base	Power Shot	Hero_Juliet_Common.LangEN.tsv	Ability_Power_Desc	7	base_damage	80	damage	(Level Damage Selector{[State] Character_Common\Bhv Preview\Behaviour Preview => DMG; True => DMG} * 8.0 * (1.0 + AP + NO_TALENT_OBJECT_MODIFIER(Primary Ability AP Modifier Listener)))	Hypothetical formatter baseline: DMG=10; HEALING=10; AP=0; no talents or objects; gameplay level unspecified; resource/form/hold/switch conditions preserved	decoded-baseline	Formatter/configuration decoding only; engine-fed operands and runtime branches preserved. 	EntitySettings\Heroes\Hero_Juliet!Hero_Juliet.entity.ot.EntitySettingsResource.gen; EntitySettings\Character_Common\Character_Common.entity.ot.EntitySettingsResource.gen; EntitySettings\Heroes\Hero_Common!Hero_Common.entity.ot.EntitySettingsResource.gen	formatter argument; kind=1416391937; format=0	EntitySettings\Heroes\Hero_Juliet!Hero_Juliet.entity.ot.EntitySettingsResource.gen@0x4732b -> EntitySettings\Heroes\Hero_Juliet!Hero_Juliet.entity.ot.EntitySettingsResource.gen@0x3560b -> EntitySettings\Character_Common\Character_Common.entity.ot.EntitySettingsResource.gen@0x56f54 -> EntitySettings\Character_Common\Character_Common.entity.ot.EntitySettingsResource.gen@0x123dd -> EntitySettings\Character_Common\Character_Common.entity.ot.EntitySettingsResource.gen@0x32ecd -> EntitySettings\Character_Common\Character_Common.entity.ot.EntitySettingsResource.gen@0x5e0b5 -> EntitySettings\Heroes\Hero_Juliet!Hero_Juliet.entity.ot.EntitySettingsResource.gen@0x72248 -> EntitySettings\Heroes\Hero_Common!Hero_Common.entity.ot.EntitySettingsResource.gen@0x8efa9 -> EntitySettings\Character_Common\Character_Common.entity.ot.EntitySettingsResource.gen@0x59bde -> EntitySettings\Heroes\Hero_Common!Hero_Common.entity.ot.EntitySettingsResource.gen@0x9807d	r98430035	80	decoded-baseline	accepted without reading	
Power	Base	Power Shot	Hero_Juliet_Common.LangEN.tsv	Ability_Power_Desc	7	perfect_shot_bonus		percent	formatter(kind=1416392192, format=1, raw=0.5)	Hypothetical formatter baseline: DMG=10; HEALING=10; AP=0; no talents or objects; gameplay level unspecified; resource/form/hold/switch conditions preserved	unresolved	Formatter/configuration decoding only; engine-fed operands and runtime branches preserved.  Blocked: Unrecognized formatter argument kind 1416392192; display conversion is not guessed	EntitySettings\Heroes\Hero_Juliet!Hero_Juliet.entity.ot.EntitySettingsResource.gen	formatter argument; kind=1416392192; format=1	EntitySettings\Heroes\Hero_Juliet!Hero_Juliet.entity.ot.EntitySettingsResource.gen@0x4732b -> EntitySettings\Heroes\Hero_Juliet!Hero_Juliet.entity.ot.EntitySettingsResource.gen@0x723fc	r3c563980	50	fill pass (decoded-baseline)	accepted without reading	
Power	Base	Power Shot	Hero_Juliet_Common.LangEN.tsv	Ability_Power_Desc	7	rose_explosion_damage	80	damage	(Level Damage Selector{[State] Character_Common\Bhv Preview\Behaviour Preview => DMG; True => DMG} * 8.0 * (1.0 + AP + NO_TALENT_OBJECT_MODIFIER(Primary Ability AP Modifier Listener)))	Hypothetical formatter baseline: DMG=10; HEALING=10; AP=0; no talents or objects; gameplay level unspecified; resource/form/hold/switch conditions preserved	decoded-baseline	Formatter/configuration decoding only; engine-fed operands and runtime branches preserved. 	EntitySettings\Heroes\Hero_Juliet!Hero_Juliet.entity.ot.EntitySettingsResource.gen; EntitySettings\Character_Common\Character_Common.entity.ot.EntitySettingsResource.gen; EntitySettings\Heroes\Hero_Common!Hero_Common.entity.ot.EntitySettingsResource.gen	formatter argument; kind=0; format=2	EntitySettings\Heroes\Hero_Juliet!Hero_Juliet.entity.ot.EntitySettingsResource.gen@0x4732b -> EntitySettings\Heroes\Hero_Juliet!Hero_Juliet.entity.ot.EntitySettingsResource.gen@0x3539d -> EntitySettings\Character_Common\Character_Common.entity.ot.EntitySettingsResource.gen@0x56f54 -> EntitySettings\Character_Common\Character_Common.entity.ot.EntitySettingsResource.gen@0x123dd -> EntitySettings\Character_Common\Character_Common.entity.ot.EntitySettingsResource.gen@0x32ecd -> EntitySettings\Character_Common\Character_Common.entity.ot.EntitySettingsResource.gen@0x5e0b5 -> EntitySettings\Heroes\Hero_Juliet!Hero_Juliet.entity.ot.EntitySettingsResource.gen@0x7254e -> EntitySettings\Heroes\Hero_Common!Hero_Common.entity.ot.EntitySettingsResource.gen@0x8efa9 -> EntitySettings\Character_Common\Character_Common.entity.ot.EntitySettingsResource.gen@0x59bde -> EntitySettings\Heroes\Hero_Common!Hero_Common.entity.ot.EntitySettingsResource.gen@0x9807d	r3e5b6391	80	decoded-baseline	accepted without reading	
Special	Base	Passionate Kiss	Hero_Juliet_Common.LangEN.tsv	Ability_Special_Desc	9	cooldown	9	seconds	9.0	Hypothetical formatter baseline: DMG=10; HEALING=10; AP=0; no talents or objects; gameplay level unspecified; resource/form/hold/switch conditions preserved	decoded	Formatter/configuration decoding only; engine-fed operands and runtime branches preserved. 	EntitySettings\Heroes\Hero_Juliet!Hero_Juliet.entity.ot.EntitySettingsResource.gen; EntitySettings\Heroes\Hero_Juliet!Hero_Romeo_Juliet_Common.entity.ot.EntitySettingsResource.gen	Secondary Ability Controller	EntitySettings\Heroes\Hero_Juliet!Hero_Juliet.entity.ot.EntitySettingsResource.gen@0x44731 -> EntitySettings\Heroes\Hero_Juliet!Hero_Romeo_Juliet_Common.entity.ot.EntitySettingsResource.gen@0x60079	r84c8108a	9	decoded	accepted without reading	
Special	Base	Passionate Kiss	Hero_Juliet_Common.LangEN.tsv	Ability_Special_Desc	9	charges	1	charges	Secondary Charge To Damage Charge Selector{[Modifier Listener] Hero_Common\MO Charge To Damage\Secondary Charge To Damage Modifier Listener => 1; True => 1}	Hypothetical formatter baseline: DMG=10; HEALING=10; AP=0; no talents or objects; gameplay level unspecified; resource/form/hold/switch conditions preserved	decoded-baseline	Formatter/configuration decoding only; engine-fed operands and runtime branches preserved. 	EntitySettings\Heroes\Hero_Juliet!Hero_Juliet.entity.ot.EntitySettingsResource.gen; EntitySettings\Heroes\Hero_Common!Hero_Common.entity.ot.EntitySettingsResource.gen	Secondary Ability Controller	EntitySettings\Heroes\Hero_Juliet!Hero_Juliet.entity.ot.EntitySettingsResource.gen@0x44731 -> EntitySettings\Heroes\Hero_Common!Hero_Common.entity.ot.EntitySettingsResource.gen@0xd245f -> EntitySettings\Heroes\Hero_Common!Hero_Common.entity.ot.EntitySettingsResource.gen@0x9892e -> EntitySettings\Heroes\Hero_Common!Hero_Common.entity.ot.EntitySettingsResource.gen@0xae68					
Special	Base	Passionate Kiss	Hero_Juliet_Common.LangEN.tsv	Ability_Special_Desc	9	call_window	3	seconds	3.0	Hypothetical formatter baseline: DMG=10; HEALING=10; AP=0; no talents or objects; gameplay level unspecified; resource/form/hold/switch conditions preserved	decoded	Formatter/configuration decoding only; engine-fed operands and runtime branches preserved. 	EntitySettings\Heroes\Hero_Juliet!Hero_Juliet.entity.ot.EntitySettingsResource.gen; EntitySettings\Heroes\Hero_Juliet!Hero_Romeo_Juliet_Common.entity.ot.EntitySettingsResource.gen	formatter argument; kind=0; format=2	EntitySettings\Heroes\Hero_Juliet!Hero_Juliet.entity.ot.EntitySettingsResource.gen@0x476b2 -> EntitySettings\Heroes\Hero_Juliet!Hero_Romeo_Juliet_Common.entity.ot.EntitySettingsResource.gen@0x5ffd4	r288a81ef	3	decoded	accepted without reading	
Special	Base	Passionate Kiss	Hero_Juliet_Common.LangEN.tsv	Ability_Special_Desc	9	kiss_area_damage		damage	(Level Damage Selector{[State] Character_Common\Bhv Preview\Behaviour Preview => DMG; True => DMG} * Secondary Ability Damage Multiplier Value Selector{[State] Hero_Romeo_Juliet_Common\Base\State Is Solo => (12.5 * 0.6000000238418579); True => 12.5} * (1.0 + AP + NO_TALENT_OBJECT_MODIFIER(Secondary Ability AP Modifier Listener)) * runtime_operand[805])	Hypothetical formatter baseline: DMG=10; HEALING=10; AP=0; no talents or objects; gameplay level unspecified; resource/form/hold/switch conditions preserved	unresolved	Formatter/configuration decoding only; engine-fed operands and runtime branches preserved.  Blocked: Runtime selector predicate [State] Character_Common\Bhv Preview\Behaviour Preview.0xfd2833c is not established by serialized flag initialization; Property access needs engine semantics; no fallback substitution (Behaviour Preview.0xfd2833c); Runtime selector predicate [State] Hero_Romeo_Juliet_Common\Base\State Is Solo.0xfd2832a is not established by serialized flag initialization; Property access needs engine semantics; no fallback substitution (State Is Solo.0xfd2832a); Engine-fed operation operand binding; serialized fallback must not replace live operand (operand binding 805)	EntitySettings\Heroes\Hero_Juliet!Hero_Juliet.entity.ot.EntitySettingsResource.gen; EntitySettings\Character_Common\Character_Common.entity.ot.EntitySettingsResource.gen; EntitySettings\Heroes\Hero_Juliet!Hero_Romeo_Juliet_Common.entity.ot.EntitySettingsResource.gen; EntitySettings\Heroes\Hero_Common!Hero_Common.entity.ot.EntitySettingsResource.gen	formatter argument; kind=0; format=2	EntitySettings\Heroes\Hero_Juliet!Hero_Juliet.entity.ot.EntitySettingsResource.gen@0x476b2 -> EntitySettings\Heroes\Hero_Juliet!Hero_Juliet.entity.ot.EntitySettingsResource.gen@0x35871 -> EntitySettings\Character_Common\Character_Common.entity.ot.EntitySettingsResource.gen@0x56f54 -> EntitySettings\Character_Common\Character_Common.entity.ot.EntitySettingsResource.gen@0x123dd -> EntitySettings\Character_Common\Character_Common.entity.ot.EntitySettingsResource.gen@0x32ecd -> EntitySettings\Character_Common\Character_Common.entity.ot.EntitySettingsResource.gen@0x5e0b5 -> EntitySettings\Heroes\Hero_Juliet!Hero_Romeo_Juliet_Common.entity.ot.EntitySettingsResource.gen@0x55a7f -> EntitySettings\Heroes\Hero_Juliet!Hero_Romeo_Juliet_Common.entity.ot.EntitySettingsResource.gen@0x15072 -> EntitySettings\Heroes\Hero_Juliet!Hero_Romeo_Juliet_Common.entity.ot.EntitySettingsResource.gen@0x2e564 -> EntitySettings\Heroes\Hero_Juliet!Hero_Romeo_Juliet_Common.entity.ot.EntitySettingsResource.gen@0x6011f -> EntitySettings\Heroes\Hero_Juliet!Hero_Romeo_Juliet_Common.entity.ot.EntitySettingsResource.gen@0x5f931 -> EntitySettings\Heroes\Hero_Common!Hero_Common.entity.ot.EntitySettingsResource.gen@0x8f5e5 -> EntitySettings\Character_Common\Character_Common.entity.ot.EntitySettingsResource.gen@0x59bde -> EntitySettings\Heroes\Hero_Common!Hero_Common.entity.ot.EntitySettingsResource.gen@0x987a7	r44347429	125	fill pass (decoded-baseline)	accepted without reading	
Defense	Base	Strafe	Hero_Juliet_Common.LangEN.tsv	Ability_Defense_Desc	11	cooldown	6	seconds	6.0	Hypothetical formatter baseline: DMG=10; HEALING=10; AP=0; no talents or objects; gameplay level unspecified; resource/form/hold/switch conditions preserved	decoded	Formatter/configuration decoding only; engine-fed operands and runtime branches preserved. 	EntitySettings\Heroes\Hero_Juliet!Hero_Juliet.entity.ot.EntitySettingsResource.gen	Defensive Ability Controller	EntitySettings\Heroes\Hero_Juliet!Hero_Juliet.entity.ot.EntitySettingsResource.gen@0x43941	r2ceedcf3	6	decoded	accepted without reading	
Defense	Base	Strafe	Hero_Juliet_Common.LangEN.tsv	Ability_Defense_Desc	11	charges	1	charges	1	Hypothetical formatter baseline: DMG=10; HEALING=10; AP=0; no talents or objects; gameplay level unspecified; resource/form/hold/switch conditions preserved	decoded-baseline	Formatter/configuration decoding only; engine-fed operands and runtime branches preserved. 	EntitySettings\Heroes\Hero_Juliet!Hero_Juliet.entity.ot.EntitySettingsResource.gen; EntitySettings\Heroes\Hero_Common!Hero_Common.entity.ot.EntitySettingsResource.gen	Defensive Ability Controller	EntitySettings\Heroes\Hero_Juliet!Hero_Juliet.entity.ot.EntitySettingsResource.gen@0x43941 -> EntitySettings\Heroes\Hero_Common!Hero_Common.entity.ot.EntitySettingsResource.gen@0xa1cd					
Defense	Base	Strafe	Hero_Juliet_Common.LangEN.tsv	Ability_Defense_Desc	11	ammo_consumed	all remaining Ammo	text	Static canonical text	Hypothetical formatter baseline: DMG=10; HEALING=10; AP=0; no talents or objects; gameplay level unspecified; resource/form/hold/switch conditions preserved	static-text	Canonical tooltip text; no numeric engine evaluation claimed	EntitySettings/Heroes/Hero_Juliet!Hero_Juliet.entity.ot.EntitySettingsResource.gen	Strafe Ammo Consumer Logic	Hero_Juliet -> Defense -> Ammo Consumer					
Ultimate 1	Base	Wild Waltz	Hero_Juliet_Common.LangEN.tsv	Ability_Ultimate_1_Desc	13	cooldown		seconds	(10.0 0x17b29bf0 90.0 0x17b29bf0 unresolved(Ultimate Power 1 Dance Duration Timer))	Hypothetical formatter baseline: DMG=10; HEALING=10; AP=0; no talents or objects; gameplay level unspecified; resource/form/hold/switch conditions preserved	unresolved	Formatter/configuration decoding only; engine-fed operands and runtime branches preserved.  Blocked: Property access needs engine semantics; no fallback substitution (Ultimate Power 1 Dance Duration Timer.0xfd2825a)	EntitySettings\Heroes\Hero_Juliet!Hero_Juliet.entity.ot.EntitySettingsResource.gen; EntitySettings\Heroes\Hero_Juliet!Hero_Romeo_Juliet_Common.entity.ot.EntitySettingsResource.gen	Ultimate Power 1 Controller	EntitySettings\Heroes\Hero_Juliet!Hero_Juliet.entity.ot.EntitySettingsResource.gen@0x45ef8 -> EntitySettings\Heroes\Hero_Juliet!Hero_Romeo_Juliet_Common.entity.ot.EntitySettingsResource.gen@0x331b4 -> EntitySettings\Heroes\Hero_Juliet!Hero_Romeo_Juliet_Common.entity.ot.EntitySettingsResource.gen@0x62b99 -> EntitySettings\Heroes\Hero_Juliet!Hero_Romeo_Juliet_Common.entity.ot.EntitySettingsResource.gen@0x62af5 -> EntitySettings\Heroes\Hero_Juliet!Hero_Romeo_Juliet_Common.entity.ot.EntitySettingsResource.gen@0xb2db	ra896be89	90	fill pass (decoded-baseline)	accepted without reading	
Ultimate 1	Base	Wild Waltz	Hero_Juliet_Common.LangEN.tsv	Ability_Ultimate_1_Desc	13	charges	1	charges	1	Hypothetical formatter baseline: DMG=10; HEALING=10; AP=0; no talents or objects; gameplay level unspecified; resource/form/hold/switch conditions preserved	decoded-baseline	Formatter/configuration decoding only; engine-fed operands and runtime branches preserved. 	EntitySettings\Heroes\Hero_Juliet!Hero_Juliet.entity.ot.EntitySettingsResource.gen; EntitySettings\Heroes\Hero_Common!Hero_Common.entity.ot.EntitySettingsResource.gen	Ultimate Power 1 Controller	EntitySettings\Heroes\Hero_Juliet!Hero_Juliet.entity.ot.EntitySettingsResource.gen@0x45ef8 -> EntitySettings\Heroes\Hero_Common!Hero_Common.entity.ot.EntitySettingsResource.gen@0xb50d					
Ultimate 1	Base	Wild Waltz	Hero_Juliet_Common.LangEN.tsv	Ability_Ultimate_1_Desc	13	duration	7	seconds	7.0	Hypothetical formatter baseline: DMG=10; HEALING=10; AP=0; no talents or objects; gameplay level unspecified; resource/form/hold/switch conditions preserved	decoded	Formatter/configuration decoding only; engine-fed operands and runtime branches preserved. 	EntitySettings\Heroes\Hero_Juliet!Hero_Juliet.entity.ot.EntitySettingsResource.gen; EntitySettings\Heroes\Hero_Juliet!Hero_Romeo_Juliet_Common.entity.ot.EntitySettingsResource.gen	formatter argument; kind=0; format=2	EntitySettings\Heroes\Hero_Juliet!Hero_Juliet.entity.ot.EntitySettingsResource.gen@0x47cf0 -> EntitySettings\Heroes\Hero_Juliet!Hero_Romeo_Juliet_Common.entity.ot.EntitySettingsResource.gen@0x6251e	r86dbd81c	7	decoded	accepted without reading	
Ultimate 2	Base	Poison Flask	Hero_Juliet_Common.LangEN.tsv	Ability_Ultimate_2_Desc	60	cooldown		seconds	Ultimate Power 2 Cooldown Selector{[Value] Character_Common\Base\Is In Preview Scene => 60.0; [State] Hero_Juliet\Ability Ultimate 2\State Ultimate Power 2 Has Shot Flag => 60.0; True => 10.0}	Hypothetical formatter baseline: DMG=10; HEALING=10; AP=0; no talents or objects; gameplay level unspecified; resource/form/hold/switch conditions preserved	unresolved	Formatter/configuration decoding only; engine-fed operands and runtime branches preserved.  Blocked: Runtime selector predicate [Value] Character_Common\Base\Is In Preview Scene.0xfd2c966 is not established by serialized flag initialization; Runtime selector predicate [State] Hero_Juliet\Ability Ultimate 2\State Ultimate Power 2 Has Shot Flag.0xfd2832a is not established by serialized flag initialization; Property access needs engine semantics; no fallback substitution (State Ultimate Power 2 Has Shot Flag.0xfd2832a)	EntitySettings\Heroes\Hero_Juliet!Hero_Juliet.entity.ot.EntitySettingsResource.gen; EntitySettings\Character_Common\Character_Common.entity.ot.EntitySettingsResource.gen	Ultimate Power 2 Controller	EntitySettings\Heroes\Hero_Juliet!Hero_Juliet.entity.ot.EntitySettingsResource.gen@0x46856 -> EntitySettings\Heroes\Hero_Juliet!Hero_Juliet.entity.ot.EntitySettingsResource.gen@0x6d57e -> EntitySettings\Character_Common\Character_Common.entity.ot.EntitySettingsResource.gen@0x5c92c -> EntitySettings\Heroes\Hero_Juliet!Hero_Juliet.entity.ot.EntitySettingsResource.gen@0x1c266	raa86f111	60	fill pass (decoded-baseline)	accepted without reading	
Ultimate 2	Base	Poison Flask	Hero_Juliet_Common.LangEN.tsv	Ability_Ultimate_2_Desc	60	charges	1	charges	1	Hypothetical formatter baseline: DMG=10; HEALING=10; AP=0; no talents or objects; gameplay level unspecified; resource/form/hold/switch conditions preserved	decoded-baseline	Formatter/configuration decoding only; engine-fed operands and runtime branches preserved. 	EntitySettings\Heroes\Hero_Juliet!Hero_Juliet.entity.ot.EntitySettingsResource.gen; EntitySettings\Heroes\Hero_Common!Hero_Common.entity.ot.EntitySettingsResource.gen	Ultimate Power 2 Controller	EntitySettings\Heroes\Hero_Juliet!Hero_Juliet.entity.ot.EntitySettingsResource.gen@0x46856 -> EntitySettings\Heroes\Hero_Common!Hero_Common.entity.ot.EntitySettingsResource.gen@0xb50d					
Ultimate 2	Base	Poison Flask	Hero_Juliet_Common.LangEN.tsv	Ability_Ultimate_2_Desc	60	min_damage	300	damage	(Level Damage Selector{[State] Character_Common\Bhv Preview\Behaviour Preview => DMG; True => DMG} * (1.0 + AP + NO_TALENT_OBJECT_MODIFIER(Ultimate AP Modifier Listener)) * 30.0)	Hypothetical formatter baseline: DMG=10; HEALING=10; AP=0; no talents or objects; gameplay level unspecified; resource/form/hold/switch conditions preserved	decoded-baseline	Formatter/configuration decoding only; engine-fed operands and runtime branches preserved. 	EntitySettings\Heroes\Hero_Juliet!Hero_Juliet.entity.ot.EntitySettingsResource.gen; EntitySettings\Character_Common\Character_Common.entity.ot.EntitySettingsResource.gen; EntitySettings\Heroes\Hero_Common!Hero_Common.entity.ot.EntitySettingsResource.gen	formatter argument; kind=3149200384; format=2	EntitySettings\Heroes\Hero_Juliet!Hero_Juliet.entity.ot.EntitySettingsResource.gen@0x48107 -> EntitySettings\Heroes\Hero_Juliet!Hero_Juliet.entity.ot.EntitySettingsResource.gen@0x376b2 -> EntitySettings\Character_Common\Character_Common.entity.ot.EntitySettingsResource.gen@0x56f54 -> EntitySettings\Character_Common\Character_Common.entity.ot.EntitySettingsResource.gen@0x123dd -> EntitySettings\Character_Common\Character_Common.entity.ot.EntitySettingsResource.gen@0x32ecd -> EntitySettings\Character_Common\Character_Common.entity.ot.EntitySettingsResource.gen@0x5e0b5 -> EntitySettings\Heroes\Hero_Common!Hero_Common.entity.ot.EntitySettingsResource.gen@0x8fc67 -> EntitySettings\Character_Common\Character_Common.entity.ot.EntitySettingsResource.gen@0x59bde -> EntitySettings\Heroes\Hero_Common!Hero_Common.entity.ot.EntitySettingsResource.gen@0x994b9 -> EntitySettings\Heroes\Hero_Juliet!Hero_Juliet.entity.ot.EntitySettingsResource.gen@0x73dc7	r773a9ac3	300	decoded-baseline	accepted without reading	
Ultimate 2	Base	Poison Flask	Hero_Juliet_Common.LangEN.tsv	Ability_Ultimate_2_Desc	60	max_damage	600	damage	(Level Damage Selector{[State] Character_Common\Bhv Preview\Behaviour Preview => DMG; True => DMG} * (1.0 + AP + NO_TALENT_OBJECT_MODIFIER(Ultimate AP Modifier Listener)) * 60.0)	Hypothetical formatter baseline: DMG=10; HEALING=10; AP=0; no talents or objects; gameplay level unspecified; resource/form/hold/switch conditions preserved	decoded-baseline	Formatter/configuration decoding only; engine-fed operands and runtime branches preserved. 	EntitySettings\Heroes\Hero_Juliet!Hero_Juliet.entity.ot.EntitySettingsResource.gen; EntitySettings\Character_Common\Character_Common.entity.ot.EntitySettingsResource.gen; EntitySettings\Heroes\Hero_Common!Hero_Common.entity.ot.EntitySettingsResource.gen	formatter argument; kind=0; format=2	EntitySettings\Heroes\Hero_Juliet!Hero_Juliet.entity.ot.EntitySettingsResource.gen@0x48107 -> EntitySettings\Heroes\Hero_Juliet!Hero_Juliet.entity.ot.EntitySettingsResource.gen@0x3743d -> EntitySettings\Character_Common\Character_Common.entity.ot.EntitySettingsResource.gen@0x56f54 -> EntitySettings\Character_Common\Character_Common.entity.ot.EntitySettingsResource.gen@0x123dd -> EntitySettings\Character_Common\Character_Common.entity.ot.EntitySettingsResource.gen@0x32ecd -> EntitySettings\Character_Common\Character_Common.entity.ot.EntitySettingsResource.gen@0x5e0b5 -> EntitySettings\Heroes\Hero_Common!Hero_Common.entity.ot.EntitySettingsResource.gen@0x8fc67 -> EntitySettings\Character_Common\Character_Common.entity.ot.EntitySettingsResource.gen@0x59bde -> EntitySettings\Heroes\Hero_Common!Hero_Common.entity.ot.EntitySettingsResource.gen@0x994b9 -> EntitySettings\Heroes\Hero_Juliet!Hero_Juliet.entity.ot.EntitySettingsResource.gen@0x73e7b	rfc25ed00	600	decoded-baseline	accepted without reading	
Trait	Paired	Until death do us part	Hero_Juliet_Common.LangEN.tsv	Ability_Trait_Desc	3	tooltip_binding_coverage	• #Passive:@ If {0} definitely dies, {1} dies too\n• #Active:@ Consume Health equivalent to ${2}%* of Maximum Health to make {0} heal for &{3}%~ of the amount (healing above Maximum Health is converted into #SHIELD@)	text	Static canonical text	Hypothetical formatter baseline: DMG=10; HEALING=10; AP=0; no talents or objects; gameplay level unspecified; resource/form/hold/switch conditions preserved	static-text	Canonical tooltip text; no numeric engine evaluation claimed	EntitySettings/Heroes/Hero_Juliet!Hero_Juliet.entity.ot.EntitySettingsResource.gen	Trait Ability Controller	Hero_Juliet -> Trait Ability Controller -> Cooldown					
Attack	Base	Pistol Shot	Hero_Juliet_Common.LangEN.tsv	Ability_Attack_Desc	5	tooltip_binding_coverage	• Shoot with pistol, dealing &{0}~ damage\n• Shots consume \AMMO§ which reloads after a period of time without shooting\n• #DASH@ instantly reloads all \AMMO§	text	Static canonical text	Hypothetical formatter baseline: DMG=10; HEALING=10; AP=0; no talents or objects; gameplay level unspecified; resource/form/hold/switch conditions preserved	static-text	Canonical tooltip text; no numeric engine evaluation claimed	EntitySettings/Heroes/Hero_Juliet!Hero_Juliet.entity.ot.EntitySettingsResource.gen	Basic Attack Scalable Damage Operations	Hero_Juliet -> Basic Attack -> Damage Operations					
Power	Base	Power Shot	Hero_Juliet_Common.LangEN.tsv	Ability_Power_Desc	7	tooltip_binding_coverage	• Hold then release to shoot a piercing bullet dealing &{0}~ damage (requires one \AMMO§)\n• Release at key moment to trigger a #PERFECT SHOT@ dealing #+{1}%@ damage\n• Shooting a {2}'s Rose makes it explode, dealing &{3}~ damage all around	text	Static canonical text	Hypothetical formatter baseline: DMG=10; HEALING=10; AP=0; no talents or objects; gameplay level unspecified; resource/form/hold/switch conditions preserved	static-text	Canonical tooltip text; no numeric engine evaluation claimed	EntitySettings/Heroes/Hero_Juliet!Hero_Juliet.entity.ot.EntitySettingsResource.gen	Primary Ability Controller	Hero_Juliet -> Primary Ability Controller -> Cooldown					
Special	Base	Passionate Kiss	Hero_Juliet_Common.LangEN.tsv	Ability_Special_Desc	9	tooltip_binding_coverage	• Call {0} during #{1}@ seconds or answer {0}'s call\n• Answering the call makes both heroes dash towards each other and kiss at half-distance dealing &{2}~ area damage, then they move back in opposite directions	text	Static canonical text	Hypothetical formatter baseline: DMG=10; HEALING=10; AP=0; no talents or objects; gameplay level unspecified; resource/form/hold/switch conditions preserved	static-text	Canonical tooltip text; no numeric engine evaluation claimed	EntitySettings/Heroes/Hero_Juliet!Hero_Juliet.entity.ot.EntitySettingsResource.gen	Secondary Ability Controller	Hero_Juliet -> Secondary Ability Controller -> Cooldown					
Defense	Base	Strafe	Hero_Juliet_Common.LangEN.tsv	Ability_Defense_Desc	11	tooltip_binding_coverage	• {0} becomes #INTANGIBLE@ and triggers a barrage of #ATTACK@’s bullets on nearby enemies consuming all remaining \AMMO§	text	Static canonical text	Hypothetical formatter baseline: DMG=10; HEALING=10; AP=0; no talents or objects; gameplay level unspecified; resource/form/hold/switch conditions preserved	static-text	Canonical tooltip text; no numeric engine evaluation claimed	EntitySettings/Heroes/Hero_Juliet!Hero_Juliet.entity.ot.EntitySettingsResource.gen	Defensive Ability Controller	Hero_Juliet -> Defensive Ability Controller -> Cooldown					
Ultimate 1	Base	Wild Waltz	Hero_Juliet_Common.LangEN.tsv	Ability_Ultimate_1_Desc	13	tooltip_binding_coverage	• {2} rushes towards {0} to perform an #INTANGIBLE@ dance for #{1}@ seconds\n• Both Heroes influence moving direction during dance. The more identical the directions, the faster the movement\n• Deal between &{3}~ and &{4}~ area damage per second (according to their movement speed)	text	Static canonical text	Hypothetical formatter baseline: DMG=10; HEALING=10; AP=0; no talents or objects; gameplay level unspecified; resource/form/hold/switch conditions preserved	static-text	Canonical tooltip text; no numeric engine evaluation claimed	EntitySettings/Heroes/Hero_Juliet!Hero_Juliet.entity.ot.EntitySettingsResource.gen	Ultimate Power 1 Controller	Hero_Juliet -> Ultimate Power 1 Controller -> Cooldown					
Ultimate 2	Base	Poison Flask	Hero_Juliet_Common.LangEN.tsv	Ability_Ultimate_2_Desc	60	tooltip_binding_coverage	• Throw a poison flask in the air\n• Trigger #ULTIMATE@ again at the right time to shoot the flask and make it explode, dealing &{0}~ to &{1}~ damage in a wide area	text	Static canonical text	Hypothetical formatter baseline: DMG=10; HEALING=10; AP=0; no talents or objects; gameplay level unspecified; resource/form/hold/switch conditions preserved	static-text	Canonical tooltip text; no numeric engine evaluation claimed	EntitySettings/Heroes/Hero_Juliet!Hero_Juliet.entity.ot.EntitySettingsResource.gen	Ultimate Power 2 Controller	Hero_Juliet -> Ultimate Power 2 Controller -> Cooldown					
Trait	Solo	Broken Heart	Hero_Juliet_Common.LangEN.tsv	Ability_Trait_Solo_Desc	70	tooltip_binding_coverage	• Consume Health equivalent to ${0}%* of Maximum Health to gain &+{1}~ #REGENERATION@	text	Static canonical text	Hypothetical formatter baseline: DMG=10; HEALING=10; AP=0; no talents or objects; gameplay level unspecified; resource/form/hold/switch conditions preserved	static-text	Canonical tooltip text; no numeric engine evaluation claimed	EntitySettings/Heroes/Hero_Juliet!Hero_Juliet.entity.ot.EntitySettingsResource.gen	Trait Ability Controller	Hero_Juliet -> Trait Ability Controller -> Cooldown					
Dash	Base	Dash	Common.LangEN.tsv	Ability_Dash_Desc	21	resource_cost		resource	unresolved(Required checklist field has no established owning runtime property/code path)	Hypothetical formatter baseline: DMG=10; HEALING=10; AP=0; no talents or objects; gameplay level unspecified; resource/form/hold/switch conditions preserved	unresolved	Formatter/configuration decoding only; engine-fed operands and runtime branches preserved. Required checklist field has no established owning runtime property/code path Blocked: Required checklist field has no established owning runtime property/code path	EntitySettings/Heroes/Hero_Common!Hero_Common.entity.ot.EntitySettingsResource.gen	resource_cost						
Trait	Paired	Until death do us part	Hero_Juliet_Common.LangEN.tsv	Ability_Trait_Desc	3	active_duration		seconds	unresolved(Required checklist field has no established owning runtime property/code path)	Hypothetical formatter baseline: DMG=10; HEALING=10; AP=0; no talents or objects; gameplay level unspecified; resource/form/hold/switch conditions preserved	unresolved	Formatter/configuration decoding only; engine-fed operands and runtime branches preserved. Required checklist field has no established owning runtime property/code path Blocked: Required checklist field has no established owning runtime property/code path	EntitySettings/Heroes/Hero_Juliet!Hero_Juliet.entity.ot.EntitySettingsResource.gen	active_duration						
Trait	Paired	Until death do us part	Hero_Juliet_Common.LangEN.tsv	Ability_Trait_Desc	3	resource_cost		resource	unresolved(Required checklist field has no established owning runtime property/code path)	Hypothetical formatter baseline: DMG=10; HEALING=10; AP=0; no talents or objects; gameplay level unspecified; resource/form/hold/switch conditions preserved	unresolved	Formatter/configuration decoding only; engine-fed operands and runtime branches preserved. Required checklist field has no established owning runtime property/code path Blocked: Required checklist field has no established owning runtime property/code path	EntitySettings/Heroes/Hero_Juliet!Hero_Juliet.entity.ot.EntitySettingsResource.gen	resource_cost						
Trait	Solo	Broken Heart	Hero_Juliet_Common.LangEN.tsv	Ability_Trait_Solo_Desc	70	charges		charges	unresolved(Required slot controller/selector not established)	Hypothetical formatter baseline: DMG=10; HEALING=10; AP=0; no talents or objects; gameplay level unspecified; resource/form/hold/switch conditions preserved	unresolved	Formatter/configuration decoding only; engine-fed operands and runtime branches preserved. Required slot controller/selector not established Blocked: Required slot controller/selector not established	EntitySettings/Heroes/Hero_Juliet!Hero_Juliet.entity.ot.EntitySettingsResource.gen	Trait Ability Controller	Hero_Juliet -> Trait Ability Controller -> Cooldown					
Trait	Solo	Broken Heart	Hero_Juliet_Common.LangEN.tsv	Ability_Trait_Solo_Desc	70	active_duration		seconds	unresolved(Required checklist field has no established owning runtime property/code path)	Hypothetical formatter baseline: DMG=10; HEALING=10; AP=0; no talents or objects; gameplay level unspecified; resource/form/hold/switch conditions preserved	unresolved	Formatter/configuration decoding only; engine-fed operands and runtime branches preserved. Required checklist field has no established owning runtime property/code path Blocked: Required checklist field has no established owning runtime property/code path	EntitySettings/Heroes/Hero_Juliet!Hero_Juliet.entity.ot.EntitySettingsResource.gen	active_duration						
Trait	Solo	Broken Heart	Hero_Juliet_Common.LangEN.tsv	Ability_Trait_Solo_Desc	70	resource_cost		resource	unresolved(Required checklist field has no established owning runtime property/code path)	Hypothetical formatter baseline: DMG=10; HEALING=10; AP=0; no talents or objects; gameplay level unspecified; resource/form/hold/switch conditions preserved	unresolved	Formatter/configuration decoding only; engine-fed operands and runtime branches preserved. Required checklist field has no established owning runtime property/code path Blocked: Required checklist field has no established owning runtime property/code path	EntitySettings/Heroes/Hero_Juliet!Hero_Juliet.entity.ot.EntitySettingsResource.gen	resource_cost						
Attack	Base	Pistol Shot	Hero_Juliet_Common.LangEN.tsv	Ability_Attack_Desc	5	hit_count		hits	unresolved(Required checklist field has no established owning runtime property/code path)	Hypothetical formatter baseline: DMG=10; HEALING=10; AP=0; no talents or objects; gameplay level unspecified; resource/form/hold/switch conditions preserved	unresolved	Formatter/configuration decoding only; engine-fed operands and runtime branches preserved. Required checklist field has no established owning runtime property/code path Blocked: Required checklist field has no established owning runtime property/code path	EntitySettings/Heroes/Hero_Juliet!Hero_Juliet.entity.ot.EntitySettingsResource.gen	hit_count						
Attack	Base	Pistol Shot	Hero_Juliet_Common.LangEN.tsv	Ability_Attack_Desc	5	hit_damage_sequence		damage	unresolved(Required checklist field has no established owning runtime property/code path)	Hypothetical formatter baseline: DMG=10; HEALING=10; AP=0; no talents or objects; gameplay level unspecified; resource/form/hold/switch conditions preserved	unresolved	Formatter/configuration decoding only; engine-fed operands and runtime branches preserved. Required checklist field has no established owning runtime property/code path Blocked: Required checklist field has no established owning runtime property/code path	EntitySettings/Heroes/Hero_Juliet!Hero_Juliet.entity.ot.EntitySettingsResource.gen	hit_damage_sequence						
Attack	Base	Pistol Shot	Hero_Juliet_Common.LangEN.tsv	Ability_Attack_Desc	5	attack_timing		seconds	unresolved(Required checklist field has no established owning runtime property/code path)	Hypothetical formatter baseline: DMG=10; HEALING=10; AP=0; no talents or objects; gameplay level unspecified; resource/form/hold/switch conditions preserved	unresolved	Formatter/configuration decoding only; engine-fed operands and runtime branches preserved. Required checklist field has no established owning runtime property/code path Blocked: Required checklist field has no established owning runtime property/code path	EntitySettings/Heroes/Hero_Juliet!Hero_Juliet.entity.ot.EntitySettingsResource.gen	attack_timing						
Power	Base	Power Shot	Hero_Juliet_Common.LangEN.tsv	Ability_Power_Desc	7	active_duration		seconds	unresolved(Required checklist field has no established owning runtime property/code path)	Hypothetical formatter baseline: DMG=10; HEALING=10; AP=0; no talents or objects; gameplay level unspecified; resource/form/hold/switch conditions preserved	unresolved	Formatter/configuration decoding only; engine-fed operands and runtime branches preserved. Required checklist field has no established owning runtime property/code path Blocked: Required checklist field has no established owning runtime property/code path	EntitySettings/Heroes/Hero_Juliet!Hero_Juliet.entity.ot.EntitySettingsResource.gen	active_duration						
Power	Base	Power Shot	Hero_Juliet_Common.LangEN.tsv	Ability_Power_Desc	7	resource_cost		resource	unresolved(Required checklist field has no established owning runtime property/code path)	Hypothetical formatter baseline: DMG=10; HEALING=10; AP=0; no talents or objects; gameplay level unspecified; resource/form/hold/switch conditions preserved	unresolved	Formatter/configuration decoding only; engine-fed operands and runtime branches preserved. Required checklist field has no established owning runtime property/code path Blocked: Required checklist field has no established owning runtime property/code path	EntitySettings/Heroes/Hero_Juliet!Hero_Juliet.entity.ot.EntitySettingsResource.gen	resource_cost						
Special	Base	Passionate Kiss	Hero_Juliet_Common.LangEN.tsv	Ability_Special_Desc	9	active_duration		seconds	unresolved(Required checklist field has no established owning runtime property/code path)	Hypothetical formatter baseline: DMG=10; HEALING=10; AP=0; no talents or objects; gameplay level unspecified; resource/form/hold/switch conditions preserved	unresolved	Formatter/configuration decoding only; engine-fed operands and runtime branches preserved. Required checklist field has no established owning runtime property/code path Blocked: Required checklist field has no established owning runtime property/code path	EntitySettings/Heroes/Hero_Juliet!Hero_Juliet.entity.ot.EntitySettingsResource.gen	active_duration						
Special	Base	Passionate Kiss	Hero_Juliet_Common.LangEN.tsv	Ability_Special_Desc	9	resource_cost		resource	unresolved(Required checklist field has no established owning runtime property/code path)	Hypothetical formatter baseline: DMG=10; HEALING=10; AP=0; no talents or objects; gameplay level unspecified; resource/form/hold/switch conditions preserved	unresolved	Formatter/configuration decoding only; engine-fed operands and runtime branches preserved. Required checklist field has no established owning runtime property/code path Blocked: Required checklist field has no established owning runtime property/code path	EntitySettings/Heroes/Hero_Juliet!Hero_Juliet.entity.ot.EntitySettingsResource.gen	resource_cost						
Defense	Base	Strafe	Hero_Juliet_Common.LangEN.tsv	Ability_Defense_Desc	11	active_duration		seconds	unresolved(Required checklist field has no established owning runtime property/code path)	Hypothetical formatter baseline: DMG=10; HEALING=10; AP=0; no talents or objects; gameplay level unspecified; resource/form/hold/switch conditions preserved	unresolved	Formatter/configuration decoding only; engine-fed operands and runtime branches preserved. Required checklist field has no established owning runtime property/code path Blocked: Required checklist field has no established owning runtime property/code path	EntitySettings/Heroes/Hero_Juliet!Hero_Juliet.entity.ot.EntitySettingsResource.gen	active_duration						
Defense	Base	Strafe	Hero_Juliet_Common.LangEN.tsv	Ability_Defense_Desc	11	resource_cost		resource	unresolved(Required checklist field has no established owning runtime property/code path)	Hypothetical formatter baseline: DMG=10; HEALING=10; AP=0; no talents or objects; gameplay level unspecified; resource/form/hold/switch conditions preserved	unresolved	Formatter/configuration decoding only; engine-fed operands and runtime branches preserved. Required checklist field has no established owning runtime property/code path Blocked: Required checklist field has no established owning runtime property/code path	EntitySettings/Heroes/Hero_Juliet!Hero_Juliet.entity.ot.EntitySettingsResource.gen	resource_cost						
Ultimate 1	Base	Wild Waltz	Hero_Juliet_Common.LangEN.tsv	Ability_Ultimate_1_Desc	13	active_duration		seconds	unresolved(Required checklist field has no established owning runtime property/code path)	Hypothetical formatter baseline: DMG=10; HEALING=10; AP=0; no talents or objects; gameplay level unspecified; resource/form/hold/switch conditions preserved	unresolved	Formatter/configuration decoding only; engine-fed operands and runtime branches preserved. Required checklist field has no established owning runtime property/code path Blocked: Required checklist field has no established owning runtime property/code path	EntitySettings/Heroes/Hero_Juliet!Hero_Juliet.entity.ot.EntitySettingsResource.gen	active_duration						
Ultimate 1	Base	Wild Waltz	Hero_Juliet_Common.LangEN.tsv	Ability_Ultimate_1_Desc	13	resource_cost		resource	unresolved(Required checklist field has no established owning runtime property/code path)	Hypothetical formatter baseline: DMG=10; HEALING=10; AP=0; no talents or objects; gameplay level unspecified; resource/form/hold/switch conditions preserved	unresolved	Formatter/configuration decoding only; engine-fed operands and runtime branches preserved. Required checklist field has no established owning runtime property/code path Blocked: Required checklist field has no established owning runtime property/code path	EntitySettings/Heroes/Hero_Juliet!Hero_Juliet.entity.ot.EntitySettingsResource.gen	resource_cost						
Ultimate 2	Base	Poison Flask	Hero_Juliet_Common.LangEN.tsv	Ability_Ultimate_2_Desc	60	active_duration		seconds	unresolved(Required checklist field has no established owning runtime property/code path)	Hypothetical formatter baseline: DMG=10; HEALING=10; AP=0; no talents or objects; gameplay level unspecified; resource/form/hold/switch conditions preserved	unresolved	Formatter/configuration decoding only; engine-fed operands and runtime branches preserved. Required checklist field has no established owning runtime property/code path Blocked: Required checklist field has no established owning runtime property/code path	EntitySettings/Heroes/Hero_Juliet!Hero_Juliet.entity.ot.EntitySettingsResource.gen	active_duration						
Ultimate 2	Base	Poison Flask	Hero_Juliet_Common.LangEN.tsv	Ability_Ultimate_2_Desc	60	resource_cost		resource	unresolved(Required checklist field has no established owning runtime property/code path)	Hypothetical formatter baseline: DMG=10; HEALING=10; AP=0; no talents or objects; gameplay level unspecified; resource/form/hold/switch conditions preserved	unresolved	Formatter/configuration decoding only; engine-fed operands and runtime branches preserved. Required checklist field has no established owning runtime property/code path Blocked: Required checklist field has no established owning runtime property/code path	EntitySettings/Heroes/Hero_Juliet!Hero_Juliet.entity.ot.EntitySettingsResource.gen	resource_cost						
Trait	Solo	Broken Heart	Hero_Juliet_Common.LangEN.tsv	Ability_Trait_Solo_Desc	70	solo_trait_selection_condition		condition	unresolved(Explicit checklist field: activation/timing/scaling/cost code path not established)	Hypothetical formatter baseline: DMG=10; HEALING=10; AP=0; no talents or objects; gameplay level unspecified; resource/form/hold/switch conditions preserved	unresolved	Formatter/configuration decoding only; engine-fed operands and runtime branches preserved. Explicit checklist field: activation/timing/scaling/cost code path not established Blocked: Explicit checklist field: activation/timing/scaling/cost code path not established	EntitySettings/Heroes/Hero_Juliet!Hero_Juliet.entity.ot.EntitySettingsResource.gen	Trait Ability Controller	Hero_Juliet -> Trait Ability Controller -> Cooldown					
Attack	Base	Pistol Shot	Hero_Juliet_Common.LangEN.tsv	Ability_Attack_Desc	5	reload_behavior		condition	unresolved(Explicit checklist field: activation/timing/scaling/cost code path not established)	Hypothetical formatter baseline: DMG=10; HEALING=10; AP=0; no talents or objects; gameplay level unspecified; resource/form/hold/switch conditions preserved	unresolved	Formatter/configuration decoding only; engine-fed operands and runtime branches preserved. Explicit checklist field: activation/timing/scaling/cost code path not established Blocked: Explicit checklist field: activation/timing/scaling/cost code path not established	EntitySettings/Heroes/Hero_Juliet!Hero_Juliet.entity.ot.EntitySettingsResource.gen	Basic Attack Scalable Damage Operations	Hero_Juliet -> Basic Attack -> Damage Operations					
Defense	Base	Strafe	Hero_Juliet_Common.LangEN.tsv	Ability_Defense_Desc	11	fire_cadence		shots_per_second	unresolved(Explicit checklist field: activation/timing/scaling/cost code path not established)	Hypothetical formatter baseline: DMG=10; HEALING=10; AP=0; no talents or objects; gameplay level unspecified; resource/form/hold/switch conditions preserved	unresolved	Formatter/configuration decoding only; engine-fed operands and runtime branches preserved. Explicit checklist field: activation/timing/scaling/cost code path not established Blocked: Explicit checklist field: activation/timing/scaling/cost code path not established	EntitySettings/Heroes/Hero_Juliet!Hero_Juliet.entity.ot.EntitySettingsResource.gen	Defensive Ability Controller	Hero_Juliet -> Defensive Ability Controller -> Cooldown					
Defense	Base	Strafe	Hero_Juliet_Common.LangEN.tsv	Ability_Defense_Desc	11	bullet_damage_reference		damage	unresolved(Explicit checklist field: activation/timing/scaling/cost code path not established)	Hypothetical formatter baseline: DMG=10; HEALING=10; AP=0; no talents or objects; gameplay level unspecified; resource/form/hold/switch conditions preserved	unresolved	Formatter/configuration decoding only; engine-fed operands and runtime branches preserved. Explicit checklist field: activation/timing/scaling/cost code path not established Blocked: Explicit checklist field: activation/timing/scaling/cost code path not established	EntitySettings/Heroes/Hero_Juliet!Hero_Juliet.entity.ot.EntitySettingsResource.gen	Defensive Ability Controller	Hero_Juliet -> Defensive Ability Controller -> Cooldown					
Ultimate 1	Base	Wild Waltz	Hero_Juliet_Common.LangEN.tsv	Ability_Ultimate_1_Desc	13	min_area_dps		damage_per_second	(Level Damage Selector{[State] Character_Common\Bhv Preview\Behaviour Preview => DMG; True => DMG} * runtime_operand[826] * (1.0 + AP + NO_TALENT_OBJECT_MODIFIER(Ultimate AP Modifier Listener)))	Hypothetical formatter baseline: DMG=10; HEALING=10; AP=0; no talents or objects; gameplay level unspecified; resource/form/hold/switch conditions preserved	unresolved	Formatter/configuration decoding only; engine-fed operands and runtime branches preserved.  Blocked: Runtime selector predicate [State] Character_Common\Bhv Preview\Behaviour Preview.0xfd2833c is not established by serialized flag initialization; Property access needs engine semantics; no fallback substitution (Behaviour Preview.0xfd2833c); Engine-fed operation operand binding; serialized fallback must not replace live operand (operand binding 826)	EntitySettings\Heroes\Hero_Juliet!Hero_Juliet.entity.ot.EntitySettingsResource.gen; EntitySettings\Heroes\Hero_Juliet!Hero_Romeo_Juliet_Common.entity.ot.EntitySettingsResource.gen; EntitySettings\Character_Common\Character_Common.entity.ot.EntitySettingsResource.gen; EntitySettings\Heroes\Hero_Common!Hero_Common.entity.ot.EntitySettingsResource.gen	formatter argument; kind=3149200384; format=2	EntitySettings\Heroes\Hero_Juliet!Hero_Juliet.entity.ot.EntitySettingsResource.gen@0x47cf0 -> EntitySettings\Heroes\Hero_Juliet!Hero_Romeo_Juliet_Common.entity.ot.EntitySettingsResource.gen@0x32fc4 -> EntitySettings\Character_Common\Character_Common.entity.ot.EntitySettingsResource.gen@0x56f54 -> EntitySettings\Character_Common\Character_Common.entity.ot.EntitySettingsResource.gen@0x123dd -> EntitySettings\Character_Common\Character_Common.entity.ot.EntitySettingsResource.gen@0x32ecd -> EntitySettings\Character_Common\Character_Common.entity.ot.EntitySettingsResource.gen@0x5e0b5 -> EntitySettings\Heroes\Hero_Common!Hero_Common.entity.ot.EntitySettingsResource.gen@0x8fc67 -> EntitySettings\Character_Common\Character_Common.entity.ot.EntitySettingsResource.gen@0x59bde -> EntitySettings\Heroes\Hero_Common!Hero_Common.entity.ot.EntitySettingsResource.gen@0x994b9	r9b27db85	130	fill pass (decoded-baseline)	accepted without reading	
Ultimate 1	Base	Wild Waltz	Hero_Juliet_Common.LangEN.tsv	Ability_Ultimate_1_Desc	13	max_area_dps		damage_per_second	(Level Damage Selector{[State] Character_Common\Bhv Preview\Behaviour Preview => DMG; True => DMG} * runtime_operand[827] * (1.0 + AP + NO_TALENT_OBJECT_MODIFIER(Ultimate AP Modifier Listener)))	Hypothetical formatter baseline: DMG=10; HEALING=10; AP=0; no talents or objects; gameplay level unspecified; resource/form/hold/switch conditions preserved	unresolved	Formatter/configuration decoding only; engine-fed operands and runtime branches preserved.  Blocked: Runtime selector predicate [State] Character_Common\Bhv Preview\Behaviour Preview.0xfd2833c is not established by serialized flag initialization; Property access needs engine semantics; no fallback substitution (Behaviour Preview.0xfd2833c); Engine-fed operation operand binding; serialized fallback must not replace live operand (operand binding 827)	EntitySettings\Heroes\Hero_Juliet!Hero_Juliet.entity.ot.EntitySettingsResource.gen; EntitySettings\Heroes\Hero_Juliet!Hero_Romeo_Juliet_Common.entity.ot.EntitySettingsResource.gen; EntitySettings\Character_Common\Character_Common.entity.ot.EntitySettingsResource.gen; EntitySettings\Heroes\Hero_Common!Hero_Common.entity.ot.EntitySettingsResource.gen	formatter argument; kind=0; format=2	EntitySettings\Heroes\Hero_Juliet!Hero_Juliet.entity.ot.EntitySettingsResource.gen@0x47cf0 -> EntitySettings\Heroes\Hero_Juliet!Hero_Romeo_Juliet_Common.entity.ot.EntitySettingsResource.gen@0x32dd5 -> EntitySettings\Character_Common\Character_Common.entity.ot.EntitySettingsResource.gen@0x56f54 -> EntitySettings\Character_Common\Character_Common.entity.ot.EntitySettingsResource.gen@0x123dd -> EntitySettings\Character_Common\Character_Common.entity.ot.EntitySettingsResource.gen@0x32ecd -> EntitySettings\Character_Common\Character_Common.entity.ot.EntitySettingsResource.gen@0x5e0b5 -> EntitySettings\Heroes\Hero_Common!Hero_Common.entity.ot.EntitySettingsResource.gen@0x8fc67 -> EntitySettings\Character_Common\Character_Common.entity.ot.EntitySettingsResource.gen@0x59bde -> EntitySettings\Heroes\Hero_Common!Hero_Common.entity.ot.EntitySettingsResource.gen@0x994b9	r8b965309	260	fill pass (decoded-baseline)	accepted without reading	
Ultimate 1	Base	Wild Waltz	Hero_Juliet_Common.LangEN.tsv	Ability_Ultimate_1_Desc	13	movement_speed_damage_formula		formula	unresolved(Explicit checklist field: activation/timing/scaling/cost code path not established)	Hypothetical formatter baseline: DMG=10; HEALING=10; AP=0; no talents or objects; gameplay level unspecified; resource/form/hold/switch conditions preserved	unresolved	Formatter/configuration decoding only; engine-fed operands and runtime branches preserved. Explicit checklist field: activation/timing/scaling/cost code path not established Blocked: Explicit checklist field: activation/timing/scaling/cost code path not established	EntitySettings/Heroes/Hero_Juliet!Hero_Juliet.entity.ot.EntitySettingsResource.gen	Ultimate Power 1 Controller	Hero_Juliet -> Ultimate Power 1 Controller -> Cooldown					
Ultimate 2	Base	Poison Flask	Hero_Juliet_Common.LangEN.tsv	Ability_Ultimate_2_Desc	60	range_timing_rule		seconds	unresolved(Explicit checklist field: activation/timing/scaling/cost code path not established)	Hypothetical formatter baseline: DMG=10; HEALING=10; AP=0; no talents or objects; gameplay level unspecified; resource/form/hold/switch conditions preserved	unresolved	Formatter/configuration decoding only; engine-fed operands and runtime branches preserved. Explicit checklist field: activation/timing/scaling/cost code path not established Blocked: Explicit checklist field: activation/timing/scaling/cost code path not established	EntitySettings/Heroes/Hero_Juliet!Hero_Juliet.entity.ot.EntitySettingsResource.gen	Ultimate Power 2 Controller	Hero_Juliet -> Ultimate Power 2 Controller -> Cooldown					
Attack	Base	Pistol Shot	Hero_Juliet_Common.LangEN.tsv	Ability_Attack_Desc	5	ammo_capacity	6	ammo	Common Ability Max Ammo Selector{[State] Hero_Juliet\Skill Passive More Ammo\Skill Passive More Ammo => (6 + 2); True => 6}	Hypothetical formatter baseline: DMG=10; HEALING=10; AP=0; no talents or objects; gameplay level unspecified; resource/form/hold/switch conditions preserved	decoded-baseline	Formatter/configuration decoding only; engine-fed operands and runtime branches preserved. Exact named configuration setting; its activation/caller is retained separately in evidence and is not inferred solely from its name	EntitySettings\Heroes\Hero_Juliet!Hero_Juliet.entity.ot.EntitySettingsResource.gen	Common Ability Max Ammo Value	EntitySettings\Heroes\Hero_Juliet!Hero_Juliet.entity.ot.EntitySettingsResource.gen@0x71404 -> EntitySettings\Heroes\Hero_Juliet!Hero_Juliet.entity.ot.EntitySettingsResource.gen@0x66111 -> EntitySettings\Heroes\Hero_Juliet!Hero_Juliet.entity.ot.EntitySettingsResource.gen@0x1869a -> EntitySettings\Heroes\Hero_Juliet!Hero_Juliet.entity.ot.EntitySettingsResource.gen@0x3639f -> EntitySettings\Heroes\Hero_Juliet!Hero_Juliet.entity.ot.EntitySettingsResource.gen@0x711b3 -> EntitySettings\Heroes\Hero_Juliet!Hero_Juliet.entity.ot.EntitySettingsResource.gen@0x73253					
Attack	Base	Pistol Shot	Hero_Juliet_Common.LangEN.tsv	Ability_Attack_Desc	5	reload_progression_interval_configuration	0.4	seconds	0.4000000059604645	Hypothetical formatter baseline: DMG=10; HEALING=10; AP=0; no talents or objects; gameplay level unspecified; resource/form/hold/switch conditions preserved	decoded	Formatter/configuration decoding only; engine-fed operands and runtime branches preserved. Exact named configuration setting; its activation/caller is retained separately in evidence and is not inferred solely from its name	EntitySettings\Heroes\Hero_Juliet!Hero_Juliet.entity.ot.EntitySettingsResource.gen	Common Ability Progressive Reload Value	EntitySettings\Heroes\Hero_Juliet!Hero_Juliet.entity.ot.EntitySettingsResource.gen@0x71515					
Attack	Base	Pistol Shot	Hero_Juliet_Common.LangEN.tsv	Ability_Attack_Desc	5	no_shooting_reload_delay	0.2	seconds	0.20000000298023224	Hypothetical formatter baseline: DMG=10; HEALING=10; AP=0; no talents or objects; gameplay level unspecified; resource/form/hold/switch conditions preserved	decoded	Formatter/configuration decoding only; engine-fed operands and runtime branches preserved. Timer configuration; freeze/activation conditions retained in raw timer receipt; full gameplay timing rule not independently certified	EntitySettings\Heroes\Hero_Juliet!Hero_Juliet.entity.ot.EntitySettingsResource.gen	Common Ability Reload Delay Timer	EntitySettings\Heroes\Hero_Juliet!Hero_Juliet.entity.ot.EntitySettingsResource.gen@0xf124 -> EntitySettings\Heroes\Hero_Juliet!Hero_Juliet.entity.ot.EntitySettingsResource.gen@0x7171f					
Power	Base	Power Shot	Hero_Juliet_Common.LangEN.tsv	Ability_Power_Desc	7	hold_release_timing_window	0.1	seconds	0.10000000149011612	Hypothetical formatter baseline: DMG=10; HEALING=10; AP=0; no talents or objects; gameplay level unspecified; resource/form/hold/switch conditions preserved	decoded	Formatter/configuration decoding only; engine-fed operands and runtime branches preserved. Timer configuration; freeze/activation conditions retained in raw timer receipt; full gameplay timing rule not independently certified	EntitySettings\Heroes\Hero_Juliet!Hero_Juliet.entity.ot.EntitySettingsResource.gen	Primary Ability Perfect Duration Timer	EntitySettings\Heroes\Hero_Juliet!Hero_Juliet.entity.ot.EntitySettingsResource.gen@0xfc14					
Dash	Base	Dash	Common.LangEN.tsv	Ability_Dash_Desc	21	active_duration	0.25	seconds	Dash Ability Active Duration Selector{True => 0.25}	Hypothetical formatter baseline: DMG=10; HEALING=10; AP=0; no talents or objects; gameplay level unspecified; resource/form/hold/switch conditions preserved	decoded-baseline	Formatter/configuration decoding only; engine-fed operands and runtime branches preserved. Shared timer plus hero GUID overrides; intangible state transition outside timer not assumed	EntitySettings\Heroes\Hero_Common!Hero_Common.entity.ot.EntitySettingsResource.gen	Dash Ability Active Timer duration	EntitySettings\Heroes\Hero_Common!Hero_Common.entity.ot.EntitySettingsResource.gen@0xff98 -> EntitySettings\Heroes\Hero_Common!Hero_Common.entity.ot.EntitySettingsResource.gen@0xcaf8b -> EntitySettings\Heroes\Hero_Common!Hero_Common.entity.ot.EntitySettingsResource.gen@0xda4aa					
