# source_table	Hero_Beowulf_Memoirs~GAM.xls
# rows	15
# note	English sidecar, positionally paired with key table. Game markup left verbatim.
index	key	text_en
0	Beowulf_Memoir_Title	The Curse of a Drake's Mother
1	Beowulf_Memoir1_Title	Stanza I - The Great Warrior
2	Beowulf_Memoir1_Desc	Skalds call me Beowulf in ballad and song\nOcean spawned fury, a sword-wielding storm\nFoul kingdoms I've cowered, their misers laid low\nMy warriors beside me fear no foe\n\nGreat Grendel I'd gutted within his deep grotto\nHis Mother's sweet poison I drank from her bottle\nSped to her death alongside her son\nWhere Monsters meet justice, their crimes undone\n\nA weakness, alas, I'd failed to imagine\nWould bring my demise and that of my crewmen\nProudly I went to save village defiled\nBy Nightmare made dragon, by drake made wild
3	Beowulf_Memoir2_Title	Stanza II - Drake's Final Breath
4	Beowulf_Memoir2_Desc	We tether our oars in festering fog\nShadows cling fiendish, the dew made sod\nThe path to the lair is covered in thorns\nA wretched vine, withered from witch's scorn\n\nWe charge dire drake, with breasts steel-clad\nIce-tempered lances, their tips painted red\nDeep in wyrm flesh our fury finds ground\nDrake breath-fueled furnace makes meat of my men\n\nWhen all is o'er, my heart still stutters\nMy party lays lifeless, swords sunk between scales\nThe wyrm wisps drowning in beastly ichor\nOur blood mingles, its breath grows lighter\n\nRage receding, I stare in dragon eyes\nA Nightmare escapes them and flies to the skies\nAmongst the dead bodies of my martyred foray\nOut pops a pup, from a clutch of drake eggs
5	Beowulf_Memoir3_Title	Stanza III - Beowulf's Bane
6	Beowulf_Memoir3_Desc	Squeezing drake's neck, my hand disobeys\nI have slain the pup's mother in fury, in vain\nA Nightmare had mastered the drake's willed spirit\nMonsters laid claim to innocent victim\n\nFor weeks I wander with scaled child in tow\nA cur spurning milk, blood its favored brew\nWorthy mother of dragon proves hard to find\nMonsters are best raised by their own kind\n\nDrakes were in hiding, so I turn to the Watch\nThe Wardens o' the Raven have monsters to catch\nI offer the pup, they offer a test\n"Rid Reverie of Nightmares, join our brave quest"
7	Beowulf_Memoir4_Title	Stanza IV - Warrior Made Warden
8	Beowulf_Memoir4_Desc	A warden's badge I agree to take\nIn hopes of redemption for the drake's sake\nWe fight like the demons I know I've become\nWell fit for a saga, unfit to raise sons\n\nI down foul spirits, the pup under wing\nFire his first verses, such sad notes to sing\nHis mother forgotten, perhaps never known\nWard of Raven, his bosom, his home\n\nNone would raise my vile dragon spawn\nEach hero, their curse, alone must be borne\nNone would carry my dreaded guilt\nAnd raise the child of the dragon I'd killed
9	Beowulf_Memoir5_Title	Stanza V - A Viking Nursemaid
10	Beowulf_Memoir5_Desc	Bards call me Beowulf, father to drake\nMocking my memory, my foolish mistake\nSlaying a dragon and sparing her spawn\nCursed to raise him as my own son\n\nSo fighting I teach, my drake a bright pupil\nNightmares we chase though the task is futile\nFor every beast slain, a second is born\nFor every soul saved, another is scorned\n\nSandman calls the Watch with news he's learned\nThe veil between dream and death is torn\nThe Witch we once knew, named Baba Yaga\nHas carried out this foul deed, her reason uncertain
11	Beowulf_Memoir6_Title	Stanza VI - A Warrior Learns Fear
12	Beowulf_Memoir6_Desc	We gather our gear, my curs'd pup and I\nThe Witch we will slaughter, ensuring she dies\nTo settle our score, to pay for her curse\nI shout: Baba Yaga, come do your worst\n\nCornered at sunset, the pup spews rage\nAnd charges the sorceress, brave for his age\nThe Witch casts a spell that singes my drake\nI fear she has killed him, my heart nearly breaks\n\nAn anger consumes me, I race at the witch\nShe falls and I leave her to see to my pup\nMy son is but stunned and still breathes fire\nI turn to Baba Yaga, but her body is gone
13	Beowulf_Memoir7_Title	Stanza VII - Warden Witchbane
14	Beowulf_Memoir7_Desc	\nCradled pup sleeps by my sewn side\nHe snores, we snore, like waves at high tide\nHe dreams, we dream, of boasting and battle\nHe plays with bones, his rage babe's rattle\n\nMy curse is lifted, to blessing turned\nYet still I remember my son's mother wyrm\nFoul fate, I now teach him to kill or be killed\nA peace-filled life forgotten and stilled\n\nBards call me Beowulf, Warden Witchbane\nA Ravenswatch father who fought to tame\nThe pup of a dragon, and make him his son\nMan and Monster, fighting as one
