# source_table	Scarlet numerical talents
# rows	26
# snapshot_id	2026-10-05-talents-verified
# status	Verified numerical talent table with unlock ranks; in-game compendium and datamined verified 2026-10-05.
# baseline	Character damage/healing basis 10, no added ability modifiers; slash values use Common/Rare/Epic/Legendary order.
# source_version	Verified against live game build compendium and hero definition progression.
roster_order	name_key	name_row	desc_key	desc_row	name	controller	unlock_rank	effect_en	notes	tooltip_component	tooltip_offset	tooltip_arguments_json	wiki_icon_filename
23	Skill_Passive_Combo_Use_Bonus_Name	31	Skill_Passive_Combo_Use_Bonus_Desc	32	Adrenaline	Skill Controller Passive Combo Use Bonus	7	Each time you spend COMBO POINTS, each point spent:\nHuman: restores 2 / 2.5 / 3 / 3.5 health\nWerewolf: increases ATTACK SPEED by 4 / 5 / 6 / 7% for 6 seconds		Skill String Desc Passive Combo Use Bonus	0x7f894	"[{""format"":8,""value"":{""operation"":""Skill Passive Combo Use Bonus Supposed Heal Per Point Operation"",""offset"":""0x5e0ba"",""operator"":""0x17b29be2"",""children"":[{""selector"":""Level Healing Selector"",""offset"":""0x571a5"",""entries"":[[""0xfd2833c"",{""class"":""oCDtEntityCpntCharacterControllerSettings"",""name"":""Character Controller"",""property"":""0x1b4416d9"",""fallback"":{""type"":0,""value"":10.0,""offset"":""0x57319""}}],[{""type"":2,""value"":true,""offset"":""0x5734a""},10.0]]},{""selector"":""Skill Passive Combo Use Bonus Heal Selector"",""offset"":""0xb4f0c"",""entries"":[[""0x15fc6bf9"",0.3499999940395355],[""0x15fc6bf1"",0.30000001192092896],[""0x15fc6bf7"",0.25],[{""type"":2,""value"":true,""offset"":""0xb521a""},0.20000000298023224]]}]}},{""format"":1,""value"":{""selector"":""Skill Passive Combo Use Bonus AS Selector"",""offset"":""0xb4ba6"",""entries"":[[""0x15fc6bf9"",0.07000000029802322],[""0x15fc6bf1"",0.05999999865889549],[""0x15fc6bf7"",0.05000000074505806],[{""type"":2,""value"":true,""offset"":""0xb4eb2""},0.03999999910593033]]}},{""format"":0,""value"":6.0}]"	Scarlet Adrenaline talent icon.png
4	Skill_Defense_AOE_On_Trigger_Name	75	Skill_Defense_AOE_On_Trigger_Desc	76	Aggressive Defense	Skill Controller Defensive AOE On Trigger	1	Deal 60 / 75 / 90 / 105 damage all around when triggering DEFENSE		Skill String Desc Defensive AOE On Trigger	0x7e82d	"[{""format"":2,""value"":{""operation"":""Skill Defensive AOE On Trigger Supposed Damage Operation"",""offset"":""0x5d0fa"",""operator"":""0x17b29be2"",""children"":[{""selector"":""Level Damage Selector"",""offset"":""0x56f54"",""entries"":[[""0xfd2833c"",{""class"":""oCDtEntityCpntCharacterControllerSettings"",""name"":""Character Controller"",""property"":""0x15879235"",""fallback"":{""type"":0,""value"":10.0,""offset"":""0x570c7""}}],[{""type"":2,""value"":true,""offset"":""0x570f8""},10.0]]},{""selector"":""Skill Defensive AOE On Trigger Damage Multiplier Selector"",""offset"":""0xb2fde"",""entries"":[[""0x15fc6bf9"",10.5],[""0x15fc6bf1"",9.0],[""0x15fc6bf7"",7.5],[{""type"":2,""value"":true,""offset"":""0xb32fe""},6.0]]},{""operation"":""Defensive Ability AP Multiplier Operation"",""offset"":""0x8dbe8"",""operator"":""0x17af9527"",""children"":[1.0,{""class"":""oCDtEntityCpntCharacterControllerSettings"",""name"":""Character Controller"",""property"":""0x174118ae"",""fallback"":{""type"":0,""value"":0.0,""offset"":""0x59cb7""}},{""class"":""oCEntityCpntModifierListenerSettings"",""name"":""Defensive Ability AP Modifier Listener"",""property"":""0x15a57291"",""fallback"":{""type"":0,""value"":0.0,""offset"":""0x8dda6""}}]}]}}]"	Scarlet Aggressive Defense talent icon.png
12	Skill_Special_Reduce_Armor_Name	65	Skill_Special_Reduce_Armor_Desc	66	Armor Break	Skill Controller Secondary Reduce Armour	2	SPECIAL applies VULNERABLE to all enemies hit for 3 / 4 / 5 / 6 seconds		Skill String Desc Secondary Reduce Armour	0x80dfe	"[{""format"":0,""value"":{""selector"":""Secondary Reduce Armour Duration Selector"",""offset"":""0xb0c99"",""entries"":[[""0x15fc6bf9"",6.0],[""0x15fc6bf1"",5.0],[""0x15fc6bf7"",4.0],[{""type"":2,""value"":true,""offset"":""0xb0fa5""},3.0]]}}]"	Scarlet Armor Break talent icon.png
25	Skill_Ultimate_2_Explosif_Name	91	Skill_Ultimate_2_Explosif_Desc	92	Bone Cracker	Skill Controller Ultimate 2 Upgrade 1	6	Human: Ash cloud deals 20 / 25 / 30 / 35 damage per second to enemies inside\nWerewolf: Devouring an enemy causes it to explode, dealing 50 / 62.5 / 75 / 87.5 to 150 / 187.5 / 225 / 262.5 area damage (depending on its size)		Skill String Desc Ultimate 2 Explosif	0x81c48	"[{""format"":2,""value"":{""operation"":""Skill Ultimate 2 Explosif Ash Supposed Damage Per Second Operation"",""offset"":""0x5f20b"",""operator"":""0x17b29be2"",""children"":[{""selector"":""Level Damage Selector"",""offset"":""0x56f54"",""entries"":[[""0xfd2833c"",{""class"":""oCDtEntityCpntCharacterControllerSettings"",""name"":""Character Controller"",""property"":""0x15879235"",""fallback"":{""type"":0,""value"":10.0,""offset"":""0x570c7""}}],[{""type"":2,""value"":true,""offset"":""0x570f8""},10.0]]},{""selector"":""Skill Ultimate 2 Explosif Ash Damage Multiplier Selector"",""offset"":""0xb9ba1"",""entries"":[[""0x15fc6bf9"",3.5],[""0x15fc6bf1"",3.0],[""0x15fc6bf7"",2.5],[{""type"":2,""value"":true,""offset"":""0xb9eaf""},2.0]]},{""operation"":""Ultimate AP Multiplier Operation"",""offset"":""0x8fbf8"",""operator"":""0x17af9527"",""children"":[1.0,{""class"":""oCDtEntityCpntCharacterControllerSettings"",""name"":""Character Controller"",""property"":""0x174118ae"",""fallback"":{""type"":0,""value"":0.0,""offset"":""0x59cb7""}},{""class"":""oCEntityCpntModifierListenerSettings"",""name"":""Ultimate AP Modifier Listener"",""property"":""0x15a57291"",""fallback"":{""type"":0,""value"":0.0,""offset"":""0x8fda4""}}]}]}},{""format"":2,""value"":{""operation"":""Skill Ultimate 2 Explosif Eat Supposed Min Damage Operation"",""offset"":""0x5f9a2"",""operator"":""0x17b29be2"",""children"":[{""selector"":""Level Damage Selector"",""offset"":""0x56f54"",""entries"":[[""0xfd2833c"",{""class"":""oCDtEntityCpntCharacterControllerSettings"",""name"":""Character Controller"",""property"":""0x15879235"",""fallback"":{""type"":0,""value"":10.0,""offset"":""0x570c7""}}],[{""type"":2,""value"":true,""offset"":""0x570f8""},10.0]]},{""selector"":""Skill Ultimate 2 Explosif Eat Damage Multiplier Selector Min"",""offset"":""0xba275"",""entries"":[[""0x15fc6bf9"",8.75],[""0x15fc6bf1"",7.5],[""0x15fc6bf7"",6.25],[{""type"":2,""value"":true,""offset"":""0xba587""},5.0]]},{""operation"":""Ultimate AP Multiplier Operation"",""offset"":""0x8fbf8"",""operator"":""0x17af9527"",""children"":[1.0,{""class"":""oCDtEntityCpntCharacterControllerSettings"",""name"":""Character Controller"",""property"":""0x174118ae"",""fallback"":{""type"":0,""value"":0.0,""offset"":""0x59cb7""}},{""class"":""oCEntityCpntModifierListenerSettings"",""name"":""Ultimate AP Modifier Listener"",""property"":""0x15a57291"",""fallback"":{""type"":0,""value"":0.0,""offset"":""0x8fda4""}}]}]}},{""format"":2,""value"":{""operation"":""Skill Ultimate 2 Explosif Eat Supposed Max Damage Operation"",""offset"":""0x5f6fe"",""operator"":""0x17b29be2"",""children"":[{""selector"":""Level Damage Selector"",""offset"":""0x56f54"",""entries"":[[""0xfd2833c"",{""class"":""oCDtEntityCpntCharacterControllerSettings"",""name"":""Character Controller"",""property"":""0x15879235"",""fallback"":{""type"":0,""value"":10.0,""offset"":""0x570c7""}}],[{""type"":2,""value"":true,""offset"":""0x570f8""},10.0]]},{""selector"":""Skill Ultimate 2 Explosif Eat Damage Multiplier Selector Max"",""offset"":""0xb9f09"",""entries"":[[""0x15fc6bf9"",26.25],[""0x15fc6bf1"",22.5],[""0x15fc6bf7"",18.75],[{""type"":2,""value"":true,""offset"":""0xba21b""},15.0]]},{""operation"":""Ultimate AP Multiplier Operation"",""offset"":""0x8fbf8"",""operator"":""0x17af9527"",""children"":[1.0,{""class"":""oCDtEntityCpntCharacterControllerSettings"",""name"":""Character Controller"",""property"":""0x174118ae"",""fallback"":{""type"":0,""value"":0.0,""offset"":""0x59cb7""}},{""class"":""oCEntityCpntModifierListenerSettings"",""name"":""Ultimate AP Modifier Listener"",""property"":""0x15a57291"",""fallback"":{""type"":0,""value"":0.0,""offset"":""0x8fda4""}}]}]}}]"	Scarlet Bone Cracker talent icon.png
2	Skill_Attack_Cleave_Name	43	Skill_Attack_Cleave_Desc	44	Cleave	Skill Controller Basic Cleave	1	ATTACK has a 25% chance to cleave all around and deal +120 / 150 / 180 / 210% damage		Skill String Desc Basic Cleave	0x7ddec	"[{""format"":1,""value"":0.25},{""format"":1,""value"":{""selector"":""Skill Basic Cleave AP Value Selector"",""offset"":""0xb11cf"",""entries"":[[""0x15fc6bf9"",2.0999999046325684],[""0x15fc6bf1"",1.7999999523162842],[""0x15fc6bf7"",1.5],[{""type"":2,""value"":true,""offset"":""0xb14aa""},1.2000000476837158]]}}]"	Scarlet Cleave talent icon.png
8	Skill_Power_Wolf_Quest_Name	55	Skill_Power_Wolf_Quest_Desc	56	Devourer	Skill Controller Primary Wolf Quest	1	Quest (x20): Each kill with Werewolf POWER earns +0.5 DMG\nComplete: POWER has a 40 / 60 / 80 / 100% chance to have no cooldown if it kills an enemy (for both forms)		Skill String Desc Primary Wolf Quest	0x8057f	"[{""format"":1,""value"":{""selector"":""Skill Primary Wolf Quest Objective Count Selector"",""offset"":""0xb6ede"",""entries"":[[{""type"":2,""value"":true,""offset"":""0xb6f9b""},20],[""0x15fc6bf9"",35],[""0x15fc6bf1"",30],[""0x15fc6bf7"",25]]}},{""format"":0,""value"":0.5},{""format"":1,""value"":{""selector"":""Skill Primary Wolf Quest Clear CD Chance Selector"",""offset"":""0xb6b84"",""entries"":[[""0x15fc6bf9"",1.0],[""0x15fc6bf1"",0.800000011920929],[""0x15fc6bf7"",0.6000000238418579],[{""type"":2,""value"":true,""offset"":""0xb6e84""},0.4000000059604645]]}}]"	Scarlet Devourer talent icon.png
9	Skill_Special_Can_Hold_Name	63	Skill_Special_Can_Hold_Desc	64	Distant Explosions	Skill Controller Secondary Can Hold	1	SPECIAL now targets a farther location and deals +40 / 50 / 60 / 70% damage		Skill String Desc Secondary Can Hold	0x8089c	"[{""format"":1,""value"":{""selector"":""Secondary Can Hold AP Value Selector"",""offset"":""0xb094c"",""entries"":[[""0x15fc6bf9"",0.699999988079071],[""0x15fc6bf1"",0.6000000238418579],[""0x15fc6bf7"",0.5],[{""type"":2,""value"":true,""offset"":""0xb0c3f""},0.4000000059604645]]}}]"	Scarlet Distant Explosions talent icon.png
18	Skill_Dash_Attack_Name	35	Skill_Dash_Attack_Desc	36	Double Strike	Skill Controller Dash Attack	4	ATTACK triggered right after DASH triggers a double strike, dealing 400 / 500 / 600 / 700% damage and generating one Combo Point		Skill String Desc Dash Attack	0x7e43e	"[{""format"":1,""value"":{""selector"":""Skill Dash Attack Extra Damage Multiplier Value Selector"",""offset"":""0xb2662"",""entries"":[[""0x15fc6bf9"",7.0],[""0x15fc6bf1"",6.0],[""0x15fc6bf7"",5.0],[{""type"":2,""value"":true,""offset"":""0xb294d""},4.0]]}}]"	Scarlet Double Strike talent icon.png
7	Skill_Power_Extra_Combo_Points_Name	53	Skill_Power_Extra_Combo_Points_Desc	54	Energy	Skill Controller Primary Extra Combo Points	1	Maximum Combo Points is increased by 2\nPOWER has +4 / 5 / 6 / 7% Crit Chance per Combo Point stored		Skill String Desc Primary Extra Combo Points	0x7ff69	"[{""format"":1,""value"":{""selector"":""Skill Primary Extra Combo Points Crit Chance Per Combo Point Selector"",""offset"":""0xb5c12"",""entries"":[[""0x15fc6bf9"",0.07000000029802322],[""0x15fc6bf1"",0.05999999865889549],[""0x15fc6bf7"",0.05000000074505806],[{""type"":2,""value"":true,""offset"":""0xb5f46""},0.03999999910593033]]}}]"	Scarlet Energy talent icon.png
28	Skill_Power_Bleed_Name	57	Skill_Power_Bleed_Desc	58	Evisceration	Skill Controller Primary Bleed	1	Each Combo Point spent by POWER applies 8 / 10 / 12 / 14% damage dealt in the form of BLEED		Skill String Desc Primary Bleed	0x7fbe1	"[{""format"":1,""value"":{""selector"":""Skill Primary Bleed Damage Ratio Per Combo Selector"",""offset"":""0xb5274"",""entries"":[[""0x15fc6bf9"",0.14000000059604645],[""0x15fc6bf1"",0.11999999731779099],[""0x15fc6bf7"",0.10000000149011612],[{""type"":2,""value"":true,""offset"":""0xb5562""},0.07999999821186066]]}}]"	Scarlet Evisceration talent icon.png
19	Skill_Power_Triggers_Special_Name	61	Skill_Power_Triggers_Special_Desc	62	Explosive Rush	Skill Controller Primary Triggers Special	5	When at 3 Combo Points or above, POWER triggers SPECIAL effect upon use, dealing 40 / 50 / 60 / 70% of its normal damage amount		Skill String Desc Primary Triggers Special	0x802f4	"[{""format"":0,""value"":3},{""format"":1,""value"":{""selector"":""Skill Primary Triggers Special Extra Damage Multiplier Selector"",""offset"":""0xb6804"",""entries"":[[""0x15fc6bf9"",0.699999988079071],[""0x15fc6bf1"",0.6000000238418579],[""0x15fc6bf7"",0.5],[{""type"":2,""value"":true,""offset"":""0xb6b2a""},0.4000000059604645]]}}]"	Scarlet Explosive Rush talent icon.png
20	Skill_Dash_Projectiles_Name	37	Skill_Dash_Projectiles_Desc	38	Fan of Spikes	Skill Controller Dash Projectiles	7	When in combat, DASH can consume a COMBO POINT to send 4 / 5 / 6 / 7 spikes, with each one dealing 100% ATTACK damage to enemies hit		Skill String Desc Dash Projectiles	0x7e5e0	"[{""format"":1,""value"":{""selector"":""Skill Dash Projectiles Amount Selector"",""offset"":""0xb29a7"",""entries"":[[""0x15fc6bf9"",7],[""0x15fc6bf1"",6],[""0x15fc6bf7"",5],[{""type"":2,""value"":true,""offset"":""0xb2c94""},4]]}},{""format"":1,""value"":1.0}]"	Scarlet Fan of Spikes talent icon.png
24	Skill_Ultimate_1_Fire_Name	87	Skill_Ultimate_1_Fire_Desc	88	Fiery Maw	Skill Controller Ultimate 1 Upgrade 1	1	ULTIMATE gains +30% range, deals +20 / 25 / 30 / 35% damage and applies IGNITE to enemies hit		Skill String Desc Ultimate 1 Fire	0x817cd	"[{""format"":1,""value"":0.30000001192092896},{""format"":1,""value"":{""selector"":""Skill Ultimate 1 Fire Damage Value Selector"",""offset"":""0xb9115"",""entries"":[[""0x15fc6bf9"",0.3499999940395355],[""0x15fc6bf1"",0.30000001192092896],[""0x15fc6bf7"",0.25],[{""type"":2,""value"":true,""offset"":""0xb9412""},0.20000000298023224]]}}]"	Scarlet Fiery Maw talent icon.png
5	Skill_Defense_Combo_Name	79	Skill_Defense_Combo_Desc	80	Murderous Intent	Skill Controller Defensive Combo	1	DEFENSE instantly bestows 2 Combo Points and lasts 20 / 25 / 30 / 35% longer		Skill String Desc Defensive Combo	0x7ebd2	"[{""format"":0,""value"":2},{""format"":1,""value"":{""selector"":""Skill Defensive Combo Extra Duration Ratio Selector"",""offset"":""0xb36e3"",""entries"":[[""0x15fc6bf9"",0.3499999940395355],[""0x15fc6bf1"",0.30000001192092896],[""0x15fc6bf7"",0.25],[{""type"":2,""value"":true,""offset"":""0xb39d9""},0.20000000298023224]]}}]"	Scarlet Murderous Intent talent icon.png
21	Skill_Defense_Mark_Name	81	Skill_Defense_Mark_Desc	82	On the Hunt	Skill Controller Defensive Mark	8	DEFENSE applies MARKED to the nearest enemy for 4 / 6 / 8 / 10 seconds\nMARKED targets take +25% increased damage and spread this status to another nearby enemy when they die		Skill String Desc Defensive Mark	0x7f10f	"[{""format"":0,""value"":{""selector"":""Skill Defensive Mark Duration Selector"",""offset"":""0xb4082"",""entries"":[[""0x15fc6bf9"",10.0],[""0x15fc6bf1"",8.0],[""0x15fc6bf7"",6.0],[{""type"":2,""value"":true,""offset"":""0xb4367""},4.0]]}},{""format"":1,""value"":10.0}]"	Scarlet On the Hunt talent icon.png
27	Skill_Ultimate_2_Heal_Name	93	Skill_Ultimate_2_Heal_Desc	94	Pack Leader	Skill Controller Ultimate 2 Upgrade 2	9	Human: Ash cloud restores 3 / 4 / 5 / 6 hit points per second to all Heroes within\nWerewolf: Eating an enemy applies a 12.5 / 13.75 / 15 / 16.3 to 25 / 27.5 / 30 / 32.5 SHIELD to all heroes around (depending on its size)		Skill String Desc Ultimate 2 Heal	0x8200a	"[{""format"":2,""value"":{""operation"":""Skill Ultimate 2 Heal Ash Heal Operations"",""offset"":""0x6004b"",""operator"":""0x17b29be2"",""children"":[{""selector"":""Level Healing Selector"",""offset"":""0x571a5"",""entries"":[[""0xfd2833c"",{""class"":""oCDtEntityCpntCharacterControllerSettings"",""name"":""Character Controller"",""property"":""0x1b4416d9"",""fallback"":{""type"":0,""value"":10.0,""offset"":""0x57319""}}],[{""type"":2,""value"":true,""offset"":""0x5734a""},10.0]]},{""selector"":""Skill Ultimate 2 Heal Ash Heal Selector"",""offset"":""0xba7ab"",""entries"":[[""0x15fc6bf9"",0.6000000238418579],[""0x15fc6bf1"",0.5],[""0x15fc6bf7"",0.4000000059604645],[{""type"":2,""value"":true,""offset"":""0xbaaa8""},0.30000001192092896]]}]}},{""format"":2,""value"":{""operation"":""Skill Ultimate 2 Heal Min Shield Operation"",""offset"":""0x60659"",""operator"":""0x17b29be2"",""children"":[{""selector"":""Level Healing Selector"",""offset"":""0x571a5"",""entries"":[[""0xfd2833c"",{""class"":""oCDtEntityCpntCharacterControllerSettings"",""name"":""Character Controller"",""property"":""0x1b4416d9"",""fallback"":{""type"":0,""value"":10.0,""offset"":""0x57319""}}],[{""type"":2,""value"":true,""offset"":""0x5734a""},10.0]]},{""selector"":""Skill Ultimate 2 Heal Shield Multiplier Selector Min"",""offset"":""0xbae62"",""entries"":[[""0x15fc6bf9"",1.6299999952316284],[""0x15fc6bf1"",1.5],[""0x15fc6bf7"",1.375],[{""type"":2,""value"":true,""offset"":""0xbb168""},1.25]]}]}},{""format"":2,""value"":{""operation"":""Skill Ultimate 2 Heal Max Shield Operation"",""offset"":""0x60472"",""operator"":""0x17b29be2"",""children"":[{""selector"":""Level Healing Selector"",""offset"":""0x571a5"",""entries"":[[""0xfd2833c"",{""class"":""oCDtEntityCpntCharacterControllerSettings"",""name"":""Character Controller"",""property"":""0x1b4416d9"",""fallback"":{""type"":0,""value"":10.0,""offset"":""0x57319""}}],[{""type"":2,""value"":true,""offset"":""0x5734a""},10.0]]},{""selector"":""Skill Ultimate 2 Heal Shield Multiplier Selector Max"",""offset"":""0xbab02"",""entries"":[[""0x15fc6bf9"",3.25],[""0x15fc6bf1"",3.0],[""0x15fc6bf7"",2.75],[{""type"":2,""value"":true,""offset"":""0xbae08""},2.5]]}]}}]"	Scarlet Pack Leader talent icon.png
13	Skill_Special_Use_Combo_Points_Name	67	Skill_Special_Use_Combo_Points_Desc	68	Pulverize	Skill Controller Secondary Use Combo Points	4	SPECIAL hits enemies 30% farther\nSPECIAL can consume a COMBO POINT to deal +40 / 50 / 60 / 70% damage		Skill String Desc Secondary Use Combo Points	0x80fb2	"[{""format"":1,""value"":0.30000001192092896},{""format"":1,""value"":{""selector"":""Skill Secondary Use Combo Points Damage Multiplier Selector"",""offset"":""0xb7c85"",""entries"":[[""0x15fc6bf9"",0.699999988079071],[""0x15fc6bf1"",0.6000000238418579],[""0x15fc6bf7"",0.5],[{""type"":2,""value"":true,""offset"":""0xb7faf""},0.4000000059604645]]}}]"	Scarlet Pulverize talent icon.png
10	Skill_Special_Ignite_Name	69	Skill_Special_Ignite_Desc	70	Pyromania	Skill Controller Secondary Ignite	1	SPECIAL applies IGNITE to all enemies hit and gains +40 / 50 / 60 / 70% Crit Chance		Skill String Desc Secondary Ignite	0x80a3d	"[{""format"":1,""value"":{""selector"":""Skill Secondary Ignite CC Selector"",""offset"":""0xb7238"",""entries"":[[""0x15fc6bf9"",0.699999988079071],[""0x15fc6bf1"",0.6000000238418579],[""0x15fc6bf7"",0.5],[{""type"":2,""value"":true,""offset"":""0xb7521""},0.4000000059604645]]}}]"	Scarlet Pyromania talent icon.png
26	Skill_Ultimate_1_Reload_Name	89	Skill_Ultimate_1_Reload_Desc	90	Reload	Skill Controller Ultimate 1 Upgrade 2	9	Every 16 / 14 / 12 / 10 times POWER, SPECIAL or DEFENSE is used, clear ULTIMATE cooldown		Skill String Desc Ultimate 1 Reload	0x81a5d	"[{""format"":1,""value"":{""selector"":""Skill Ultimate 1 Reload Count Selector"",""offset"":""0xb984d"",""entries"":[[""0x15fc6bf9"",10],[""0x15fc6bf1"",12],[""0x15fc6bf7"",14],[{""type"":2,""value"":true,""offset"":""0xb9b47""},16]]}}]"	Scarlet Reload talent icon.png
22	Skill_Passive_Combo_Chain_Name	33	Skill_Passive_Combo_Chain_Desc	34	Savagery	Skill Controller Passive Combo Chain	8	Each time Scarlet earns or spends COMBO POINTS, she gains a charge of Savagery (up to 20), each granting +1 / 1.2 / 1.4 / 1.6 DMG\nSavagery stacks disappear after 5 seconds if no new stacks are gained		Skill String Desc Passive Combo Chain	0x7f344	"[{""format"":0,""value"":{""raw"":""00000000030000000400000054657874170000004865726f5f5245445f436f6d6d6f6e7e47414d2e786c7300000000090000004865726f5f4e616d65"",""strings"":[[521313,""Text""],[521321,""Hero_RED_Common~GAM.xls""],[521352,""Hero_Name""]]}},{""format"":1,""value"":{""selector"":""Skill Passive Combo Chain Max Stacks Selector"",""offset"":""0xb471f"",""entries"":[[{""type"":2,""value"":true,""offset"":""0xb47d9""},20]]}},{""format"":0,""value"":{""selector"":""Skill Passive Combo Chain DMG Per Stacks Selector"",""offset"":""0xb43c1"",""entries"":[[""0x15fc6bf9"",1.600000023841858],[""0x15fc6bf1"",1.399999976158142],[""0x15fc6bf7"",1.2000000476837158],[{""type"":2,""value"":true,""offset"":""0xb46c5""},1.0]]}},{""format"":0,""value"":5.0}]"	Scarlet Savagery talent icon.png
6	Skill_Defense_Human_Quest_Name	73	Skill_Defense_Human_Quest_Desc	74	Shadow Strikes	Skill Controller Defensive Human Quest	2	Quest (x30): ATTACK or POWER triggered during Human DEFENSE gain +0.5% Crit Chance per enemy hit\nComplete: +20 / 25 / 30 / 35% Crit Damage		Skill String Desc Defensive Human Quest	0x7edb2	"[{""format"":1,""value"":{""selector"":""Skill Defensive Human Quest Objective Count Selector"",""offset"":""0xb3f65"",""entries"":[[{""type"":2,""value"":true,""offset"":""0xb4028""},30]]}},{""format"":8,""value"":{""operation"":""Skill Defensive Human Quest CC Pct Per Proc Operation"",""offset"":""0x5d878"",""operator"":""0x17b29be2"",""children"":[100.0,0.004999999888241291]}},{""format"":1,""value"":{""selector"":""Skill Defensive Human Quest Complete Critical Damage Selector"",""offset"":""0xb3bf3"",""entries"":[[""0x15fc6bf9"",0.3499999940395355],[""0x15fc6bf1"",0.30000001192092896],[""0x15fc6bf7"",0.25],[{""type"":2,""value"":true,""offset"":""0xb3f0b""},0.20000000298023224]]}}]"	Scarlet Shadow Strikes talent icon.png
14	Skill_Trait_Active_Name	39	Skill_Trait_Active_Desc	40	Shapeshifter	Skill Controller Trait Active	5	TRAIT becomes active (with a 30 / 26 / 22 / 18 seconds cooldown) and heals 20% of Maximum Health when used\nMaximum Health is reduced by 20%		Skill String Desc Trait Active	0x81246	"[{""format"":2,""value"":{""selector"":""Skill Trait Active Cooldown Selector"",""offset"":""0xb82c3"",""entries"":[[""0x15fc6bf9"",18.0],[""0x15fc6bf1"",22.0],[""0x15fc6bf7"",26.0],[{""type"":2,""value"":true,""offset"":""0xb859e""},30.0]]}},{""format"":1,""value"":{""selector"":""Skill Trait Active Heal Value Selector"",""offset"":""0xb85f8"",""entries"":[[{""type"":2,""value"":true,""offset"":""0xb86a4""},0.20000000298023224]]}},{""format"":5,""value"":{""selector"":""Skill Trait Active Max Health Modifier Value Selector"",""offset"":""0xb86fe"",""entries"":[[{""type"":2,""value"":true,""offset"":""0xb87b9""},-0.20000000298023224]]}}]"	Scarlet Shapeshifter talent icon.png
11	Skill_Special_Quick_Bombs_Name	71	Skill_Special_Quick_Bombs_Desc	72	Short Wick	Skill Controller Secondary Quick Bombs	1	Human: SPECIAL no longer affects Scarlet and bomb explodes as soon as it hits the ground\nSPECIAL recharges 20 / 25 / 30 / 35% faster in both forms		Skill String Desc Secondary Quick Bombs	0x80bd6	"[{""format"":0,""value"":{""raw"":""00000000030000000400000054657874170000004865726f5f5245445f436f6d6d6f6e7e47414d2e786c7300000000090000004865726f5f4e616d65"",""strings"":[[527605,""Text""],[527613,""Hero_RED_Common~GAM.xls""],[527644,""Hero_Name""]]}},{""format"":1,""value"":{""selector"":""Skill Secondary Quick Bombs CD Reduction Selector"",""offset"":""0xb773f"",""entries"":[[""0x15fc6bf9"",0.3499999940395355],[""0x15fc6bf1"",0.30000001192092896],[""0x15fc6bf7"",0.25],[{""type"":2,""value"":true,""offset"":""0xb7a4b""},0.20000000298023224]]}}]"	Scarlet Short Wick talent icon.png
1	Skill_Attack_Flurry_Name	49	Skill_Attack_Flurry_Desc	50	Slash Flurry	Skill Controller Attack Flurry	1	After using POWER, the next ATTACK within 3 seconds delivers a flurry of 5 slashes with +20 / 30 / 40 / 50% increased damage		Skill String Desc Attack Flurry	0x7db7e	"[{""format"":0,""value"":3.0},{""format"":1,""value"":5},{""format"":1,""value"":{""selector"":""Skill Basic Flurry AP Value Selector"",""offset"":""0xb1ef1"",""entries"":[[""0x15fc6bf9"",0.5],[""0x15fc6bf1"",0.4000000059604645],[""0x15fc6bf7"",0.30000001192092896],[{""type"":2,""value"":true,""offset"":""0xb21cf""},0.20000000298023224]]}}]"	Scarlet Slash Flurry talent icon.png
15	Skill_Trait_Better_Forms_Name	41	Skill_Trait_Better_Forms_Desc	42	True Instincts	Skill Controller Trait Better Forms	3	In Human Form, gain +10 / 12 / 14 / 16% Move Speed\nIn Werewolf Form, gain +20 / 25 / 30 / 35% Maximum Health		Skill String Desc Trait Better Forms	0x81548	"[{""format"":1,""value"":{""selector"":""Skill Trait Better Forms Human Move Speed Modifier Selector"",""offset"":""0xb8813"",""entries"":[[""0x15fc6bf9"",0.1599999964237213],[""0x15fc6bf1"",0.14000000059604645],[""0x15fc6bf7"",0.11999999731779099],[{""type"":2,""value"":true,""offset"":""0xb8b1d""},0.10000000149011612]]}},{""format"":1,""value"":{""selector"":""Skill Trait Better Forms Wolf Max Health Modifier Selector"",""offset"":""0xb8b77"",""entries"":[[""0x15fc6bf9"",0.3499999940395355],[""0x15fc6bf1"",0.30000001192092896],[""0x15fc6bf7"",0.25],[{""type"":2,""value"":true,""offset"":""0xb8e80""},0.20000000298023224]]}}]"	Scarlet True Instincts talent icon.png
3	Skill_Attack_Wide_Attacks_Name	47	Skill_Attack_Wide_Attacks_Desc	48	Wide Attacks	Skill Controller Basic Wide Attacks	3	ATTACK gains +40% range and deals +20 / 25 / 30 / 35% damage		Skill String Desc Basic Wide Attacks	0x7e1ea	"[{""format"":1,""value"":0.4000000059604645},{""format"":1,""value"":{""selector"":""Basic Wide Attacks AP Value Selector"",""offset"":""0xad1a6"",""entries"":[[""0x15fc6bf9"",0.3499999940395355],[""0x15fc6bf1"",0.30000001192092896],[""0x15fc6bf7"",0.25],[{""type"":2,""value"":true,""offset"":""0xad499""},0.20000000298023224]]}}]"	Scarlet Wide Attacks talent icon.png
