# source_table	Hero_Geppetto_Memoirs~GAM.xls
# rows	15
# note	English sidecar, positionally paired with key table. Game markup left verbatim.
index	key	text_en
0	Geppetto_Memoir_Title	A Memoir of Dire Mirth
1	Geppetto_Memoir1_Title	Times Forgotten
2	Geppetto_Memoir1_Desc	Once upon a time, I was a happy man. I had everything a humble tinkerer could ever want: a warm workshop, a good reputation, a loving wife, and my greatest treasure of all: a living, laughing son. \n\nMy boy was a farcer, he was, good at scaring, good at hiding and good at all manner of pranks. Red pepper in my stew, rock salt in my shoes, tacks and needles on my chair, and all anger erased by the power of his laugh. His mirth was contagious, the kind to make ribs ache from too much bellowing. \n\nI have strived to put the memories of my son behind me. They bring pain to my heart, not just a pang akin to hammer hitting finger or nail piercing foot, but a pain that does not disappear.\n\nAlas, this sad story I must tell. I have learned that tears unshed hide from us our brightest riches far more completely than any darkness ever could.
3	Geppetto_Memoir2_Title	An Experiment Gone Awry
4	Geppetto_Memoir2_Desc	Years of labor and experimentation had led to the unveiling of my masterpiece. The Mayor of Sugarland had asked me for a town clock that would only need winding once a year. I surpassed myself. My town clock not only told the time, but performed a ballet every hour on the hour, danced by autonomous plum fairies to the symphony of an orchestra of animal musicians. \n\nThe mayor stood smiling beside my family as he pulled the lever to unleash the springs of my clever contraption. The clock began to tick, and then whistle and whirl itself to life, as per my careful design. Then it suddenly screeched a sound that was not part of my invention.\n\nBlack shadows rose within the tower, and to their chorus my dancers drew knives they should not have had, and my musicians bared teeth I had not made for them. The clock continued ticking as those gathered at the assembly fell dying one by one. Shaking free from my fear during what seemed like an eternity, I took the dead mayor's cane and wedged it into a central gear. The clock died while the Nightmares feasted on our misery.
5	Geppetto_Memoir3_Title	Too Early to Mourn
6	Geppetto_Memoir3_Desc	Night had not yet come when the town militia finally chased the Nightmares from Sugarland. I remember the red sky, glowing like a dying ember through grey ash. My son's body lay where it had fallen, amongst the bodies of the assembly. \n\nHe lay beside his broken mother, a wound to her head, a blow from which she would never awaken. This was a bittersweet blessing, for she was spared from learning that our son had died that night, taken by foul monsters from someone else's vile dreams. She would never have to mourn our proudest creation.\n\nI decided that mourning my wife and child could wait until I had rid Reverie of the creatures that had killed our son. Even were it to take me a lifetime, I would not shed a tear until I had destroyed them all, each and every one.\n\nOnce my dead had been buried, I packed my equipment and set out to find the Ravenswatch. They accepted me, and I made the oath. We were a strange lot, but we all had a shared motivation. None would rest until our world was freed of Nightmares.
7	Geppetto_Memoir4_Title	Living Deadly Toys
8	Geppetto_Memoir4_Desc	I had taken pieces and parts from my clock tower with me to study what had gone wrong. The Nightmares had gifted the automatons of my creation with something strange, a pulse of sorts. The metal in their bodies had been magnetized by some kind of electric source, giving them an autonomy akin to a living being. \n\nThough I did not yet know how to bring about this effect on my own, I had ample supply from the dancers and musicians of my perverted machine to bring doom upon my family. I began to tinker with these pieces and build new playthings of my own. My new toys were not made for children, but rather to avenge their deaths.\n\nEquipped with explosive powders, corrosive acids and poisonous blades, I began to build a metal regiment that Nightmares would learn to fear. My creatures had no heart or soul to stay their hand from the cold tasks at hand. They would do for me what my human heart prevented me from doing myself. My little scoundrels could kill without mercy. I needed only to ask.
9	Geppetto_Memoir5_Title	Master Tinkerer of the Watch
10	Geppetto_Memoir5_Desc	I built weapons for the other wardens of the Watch, my favorite a flute for the Piper. My scoundrels performed their duty without question nor complaint. The Nightmares and creatures of the darkness began to fear them, for wherever one came walking, that meant the Ravenswatch were near. \n\nWe wardens shared one thing in common: we hated the Nightmares, for they had taken something precious from each of us. It was after a time that we learned how Baba Yaga had brought these creatures from a dark world into Reverie, and made us each in our own way turn our tools into weapons.\n\nMy automatons took damage without pain in these endless fights, and I began to take pride in them. Their courage, I knew, was only the fruit of my own calculated handiwork, but it seemed that strange metal gave a glitter to their eyes. All I knew was that in their wickedness the Nightmares had given me the means to destroy them. Every scoundrel I fabricated took me one step closer to their end.
11	Geppetto_Memoir6_Title	The Waking of the Scoundrels
12	Geppetto_Memoir6_Desc	Though I had seen my scoundrels accomplish many great things, they never stopped surprising me. One morning I noticed that they had begun to share my bunk, though whether to protect me in my sleep or for fear of passing the night alone I am not certain. When the scoundrel I had come to call Cheery-eye brought me a piece of wood to kindle the fire, I was reminded of my son for the first time in uncounted nights. \n\nI began to take careful notice of my scoundrels' comings and goings. They reminded me of children, minus the mischief, which was the only thing that let me know they were not human. It appeared that they liked me, and though I knew them indestructible, for I could always fix them when they were broken, I found myself worrying for their well-being.\n\nI taught them other tricks besides killing and destruction. Cheery-eye learned to bake a pie. They were not human, I knew it, and their life was due to a dark metal that had given them a simulacre of life. But still, every morning, I would find them near my bed.\n
13	Geppetto_Memoir7_Title	Learning to Laugh Again
14	Geppetto_Memoir7_Desc	Baba Yaga's laughter was not the contagious sort. It was that of someone crazed and desperate, driven to madness by too many shattered dreams. When I finally got the best of her, I asked a simple question. Why do you seek to destroy our peaceful world?\n\nBaba Yaga spoke, "All stories have an age... Reverie fades from the minds of women and men. Something had to be done."\n\nBaba looked at my scoundrels, and a smile softened her crazed face. "You have such beautiful children." To my own suprise, I answered, "I'm proud of each and every one."\n\nI slept that night for the first time with happy dreams of my son and wife. In the morning I awoke surrounded by my scoundrels who had made me breakfast and tea. The eggs were perfect, but the tea was spiked with black pepper. For the very first time I heard my scoundrels laugh.
