# source_table	The Snow Queen numerical talents
# rows	26
# snapshot_id	2026-10-05-talents-verified
# status	Verified numerical talent table with unlock ranks; in-game compendium and datamined verified 2026-10-05.
# baseline	Character damage/healing basis 10, no added ability modifiers; slash values use Common/Rare/Epic/Legendary order.
# source_version	Verified against live game build compendium and hero definition progression.
roster_order	name_key	name_row	desc_key	desc_row	name	controller	unlock_rank	effect_en	notes	tooltip_component	tooltip_offset	tooltip_arguments_json	wiki_icon_filename
5	Skill_Passive_Chilled_Crit_Name	17	Skill_Passive_Chilled_Crit_Desc	18	Cold Heart	Skill Controller Passive Chilled Crit	1	Gain +4 / 5 / 6 / 7% Crit Chance for each CHILLED enemy nearby (can stack up to 5 times)		Skill String Desc Passive Chilled Crit	0x5cb8f	"[{""format"":1,""value"":{""selector"":""Skill Passive Chilled Crit Per Target CC Value Selector"",""offset"":""0x82851"",""entries"":[[""0x15fc6bf9"",0.07000000029802322],[""0x15fc6bf1"",0.05999999865889549],[""0x15fc6bf7"",0.05000000074505806],[{""type"":2,""value"":true,""offset"":""0x82b74""},0.03999999910593033]]}},{""format"":0,""value"":5}]"	The Snow Queen Cold Heart talent icon.png
1	Skill_Attack_Dual_Name	35	Skill_Attack_Dual_Desc	36	Dual Lances	Skill Controller Attack Dual	5	ATTACK sends forth two lances side by side but their maximum range is reduced by 45%\nEach lance deals 70 / 80 / 90 / 100% damage		Skill String Desc Attack Dual	0x5b2f4	"[{""format"":5,""value"":{""selector"":""Skill Attack Dual Lifetime Duration Ratio Selector"",""offset"":""0x7ed93"",""entries"":[[{""type"":2,""value"":true,""offset"":""0x7ee4a""},-0.44999998807907104]]}},{""format"":1,""value"":{""selector"":""Skill Attack Dual Damage Factor Selector"",""offset"":""0x7e7fc"",""entries"":[[""0x15fc6bf9"",1.0],[""0x15fc6bf1"",0.8999999761581421],[""0x15fc6bf7"",0.800000011920929],[{""type"":2,""value"":true,""offset"":""0x7eaec""},0.699999988079071]]}}]"	The Snow Queen Dual Lances talent icon.png
19	Skill_Special_Extra_Waves_Names	51	Skill_Special_Extra_Waves_Desc	52	Flurry of Shards	Skill Controller Special Extra Waves	1	SPECIAL can be held to hit up to 2 / 3 / 4 / 5 more time(s)		Skill String Desc Special Extra Waves	0x5dcfd	"[{""format"":1,""value"":{""selector"":""Skill Special Extra Waves Amount Selector"",""offset"":""0x85044"",""entries"":[[""0x15fc6bf9"",5],[""0x15fc6bf1"",4],[""0x15fc6bf7"",3],[{""type"":2,""value"":true,""offset"":""0x85355""},2]]}}]"	The Snow Queen Flurry of Shards talent icon.png
15	Skill_Dash_Freeze_Trap_Name	23	Skill_Dash_Freeze_Trap_Desc	24	Freezing Stars	Skill Controller Dash Freeze Trap	5	DASH leaves behind an ice star that explodes due to a Shattering effect or after 10 seconds\nThe ice star's explosion deals 32 / 40 / 48 / 56 area damage and inflicts CHILLED to enemies hit		Skill String Desc Dash Freeze Trap	0x5b70b	"[{""format"":0,""value"":10.0},{""format"":2,""value"":{""operation"":""Skill Dash Freeze Trap Supposed Damage Operation"",""offset"":""0x42908"",""operator"":""0x17b29be2"",""children"":[{""class"":""oCDtEntityCpntCharacterControllerSettings"",""name"":""Character Controller"",""property"":""0x15879235"",""fallback"":{""type"":0,""value"":0.0,""offset"":""0x42a33""}},{""selector"":""Skill Dash Freeze Trap Damage Multiplier Value Selector"",""offset"":""0x7f678"",""entries"":[[""0x15fc6bf9"",5.599999904632568],[""0x15fc6bf1"",4.800000190734863],[""0x15fc6bf7"",4.0],[{""type"":2,""value"":true,""offset"":""0x7f98b""},3.200000047683716]]},{""unresolved_guid"":""02b44ade992bed44a205c17398bfbf8f"",""fallback"":{""type"":0,""value"":0.0,""offset"":""0x42b46""}}]}}]"	The Snow Queen Freezing Stars talent icon.png
4	Skill_Passive_Better_Frost_Name	15	Skill_Passive_Better_Frost_Desc	16	Frost Queen	Skill Controller Passive Better Frost	2	Frost generated by your abilities remains on the ground for 2 / 3 / 4 / 5 seconds\nCHILLED effects slow enemies by an additional 20%		Skill String Desc Passive Better Frost	0x5c8e6	"[{""format"":0,""value"":{""selector"":""Skill Passive Better Frost Duration Increase Value Selector"",""offset"":""0x822f5"",""entries"":[[""0x15fc6bf9"",5.0],[""0x15fc6bf1"",4.0],[""0x15fc6bf7"",3.0],[{""type"":2,""value"":true,""offset"":""0x8261c""},2.0]]}},{""format"":1,""value"":{""selector"":""Skill Passive Better Frost Chilled Effect Increase Value Selector"",""offset"":""0x81f4f"",""entries"":[[{""type"":2,""value"":true,""offset"":""0x8201e""},0.20000000298023224]]}}]"	The Snow Queen Frost Queen talent icon.png
6	Skill_Power_Hold_Name	43	Skill_Power_Hold_Desc	44	Frost Surge	Skill Controller Power Hold	1	POWER can be held to store up to 3 levels of charge before being released\nEach charge level increases damage dealt by 20 / 25 / 30 / 35% and the effect radius by 10%		Skill String Desc Power Hold	0x5cfe7	"[{""format"":1,""value"":3},{""format"":1,""value"":{""selector"":""Skill Power Hold Extra Damage Ratio Selector"",""offset"":""0x83425"",""entries"":[[""0x15fc6bf9"",0.3499999940395355],[""0x15fc6bf1"",0.30000001192092896],[""0x15fc6bf7"",0.25],[{""type"":2,""value"":true,""offset"":""0x83715""},0.20000000298023224]]}},{""format"":1,""value"":{""selector"":""Skill Power Hold Extra Radius Ratio Selector"",""offset"":""0x839b0"",""entries"":[[{""type"":2,""value"":true,""offset"":""0x83a60""},0.10000000149011612]]}}]"	The Snow Queen Frost Surge talent icon.png
21	Skill_Passive_Damage_To_Chilled_Name	19	Skill_Passive_Damage_To_Chilled_Desc	20	Frostbite	Skill Controller Passive Damage To Chilled	8	All abilities that deal extra damage to CHILLED enemies deal +20 / 25 / 30 / 35% extra damage		Skill String Desc Passive Damage To Chilled	0x5ce10	"[{""format"":1,""value"":{""selector"":""Skill Passive Damage To Chilled Extra Damage Selector"",""offset"":""0x82e59"",""entries"":[[""0x15fc6bf9"",0.3499999940395355],[""0x15fc6bf1"",0.30000001192092896],[""0x15fc6bf7"",0.25],[{""type"":2,""value"":true,""offset"":""0x8318e""},0.20000000298023224]]}}]"	The Snow Queen Frostbite talent icon.png
7	Skill_Power_Ice_Waves_Name	41	Skill_Power_Ice_Waves_Desc	42	Hailstorm	Skill Controller Power Ice Waves	1	After using POWER, 3 / 4 / 5 / 6 waves of ice strike the area and deal 20 damage each		Skill String Desc Power Ice Waves	0x5d2e5	"[{""format"":1,""value"":{""selector"":""Skill Power Ice Waves Count Selector"",""offset"":""0x83aba"",""entries"":[[""0x15fc6bf9"",6],[""0x15fc6bf1"",5],[""0x15fc6bf7"",4],[{""type"":2,""value"":true,""offset"":""0x83db6""},3]]}},{""format"":2,""value"":{""operation"":""Skill Power Ice Waves Supposed Damage Operation"",""offset"":""0x441d6"",""operator"":""0x17b29be2"",""children"":[{""selector"":""Level Damage Selector"",""offset"":""0x56f54"",""entries"":[[""0xfd2833c"",{""class"":""oCDtEntityCpntCharacterControllerSettings"",""name"":""Character Controller"",""property"":""0x15879235"",""fallback"":{""type"":0,""value"":10.0,""offset"":""0x570c7""}}],[{""type"":2,""value"":true,""offset"":""0x570f8""},10.0]]},2.0,{""operation"":""Primary Ability AP Multiplier Operation"",""offset"":""0x8ef33"",""operator"":""0x17af9527"",""children"":[1.0,{""class"":""oCDtEntityCpntCharacterControllerSettings"",""name"":""Character Controller"",""property"":""0x174118ae"",""fallback"":{""type"":0,""value"":0.0,""offset"":""0x59cb7""}},{""class"":""oCEntityCpntModifierListenerSettings"",""name"":""Primary Ability AP Modifier Listener"",""property"":""0x15a57291"",""fallback"":{""type"":0,""value"":0.0,""offset"":""0x8f0ed""}}]}]}}]"	The Snow Queen Hailstorm talent icon.png
27	Skill_Ultimate_1_Upgrade_Ice_Beam_Name	73	Skill_Ultimate_1_Upgrade_Ice_Beam_Desc	74	Ice Beam	Skill Controller Ultimate 1 Upgrade 2	9	ULTIMATE now channels an ice beam, dealing 160 / 200 / 240 / 280% damage and inflicting CHILLED to first enemy hit		Skill String Desc Ultimate 1 Ice Beam	0x5efaa	"[{""format"":1,""value"":{""selector"":""Skill Ultimate 1 Ice Beam Damage Multiplier Selector"",""offset"":""0x8749d"",""entries"":[[""0x15fc6bf9"",2.799999952316284],[""0x15fc6bf1"",2.4000000953674316],[""0x15fc6bf7"",2.0],[{""type"":2,""value"":true,""offset"":""0x877bc""},1.600000023841858]]}}]"	The Snow Queen Ice Beam talent icon.png
11	Skill_Defense_Clone_Name	55	Skill_Defense_Clone_Desc	56	Ice Clone	Skill Controller Defense Clone	1	DEFENSE leaves an ice clone with 40% of Hero's Maximum Health, attracting enemies' attention\nWhen destroyed or after 10 seconds have passed, it deals 40 / 60 / 80 / 100 area damage and inflicts CHILLED to enemies hit		Skill String Desc Defense Clone	0x5bb1d	"[{""format"":1,""value"":{""selector"":""Skill Defense Clone Health Ratio Selector"",""offset"":""0x806db"",""entries"":[[{""type"":2,""value"":true,""offset"":""0x8078b""},0.4000000059604645]]}},{""format"":2,""value"":10.0},{""format"":2,""value"":{""operation"":""Skill Defense Clone Supposed Damage Operation"",""offset"":""0x42d3a"",""operator"":""0x17b29be2"",""children"":[{""class"":""oCDtEntityCpntCharacterControllerSettings"",""name"":""Character Controller"",""property"":""0x15879235"",""fallback"":{""type"":0,""value"":0.0,""offset"":""0x42e5f""}},{""selector"":""Skill Defense Clone Damage Multiplier Selector"",""offset"":""0x80383"",""entries"":[[""0x15fc6bf9"",10.0],[""0x15fc6bf1"",8.0],[""0x15fc6bf7"",6.0],[{""type"":2,""value"":true,""offset"":""0x80681""},4.0]]},{""operation"":""Defensive Ability AP Multiplier Operation"",""offset"":""0x8dbe8"",""operator"":""0x17af9527"",""children"":[1.0,{""class"":""oCDtEntityCpntCharacterControllerSettings"",""name"":""Character Controller"",""property"":""0x174118ae"",""fallback"":{""type"":0,""value"":0.0,""offset"":""0x59cb7""}},{""class"":""oCEntityCpntModifierListenerSettings"",""name"":""Defensive Ability AP Modifier Listener"",""property"":""0x15a57291"",""fallback"":{""type"":0,""value"":0.0,""offset"":""0x8dda6""}}]}]}}]"	The Snow Queen Ice Clone talent icon.png
22	Skill_Special_Icicles_Name	53	Skill_Special_Icicles_Desc	54	Ice Cores	Skill Controller Special Icicles	7	Each enemy hit by POWER summons a core of ice (up to 6)\nThe SPECIAL consumes each core to fire an ATTACK dealing 80 / 100 / 120 / 140% damage		Skill String Desc Special Icicles	0x5deb6	"[{""format"":0,""value"":6},{""format"":1,""value"":{""selector"":""Skill Special Icicles Damage Multiplier Selector"",""offset"":""0x8577d"",""entries"":[[""0x15fc6bf9"",1.399999976158142],[""0x15fc6bf1"",1.2000000476837158],[""0x15fc6bf7"",1.0],[{""type"":2,""value"":true,""offset"":""0x85a85""},0.800000011920929]]}}]"	The Snow Queen Ice Cores talent icon.png
3	Skill_Defense_Shield_Name	61	Skill_Defense_Shield_Desc	62	Ice Shield	Skill Controller Defense Shield	4	DEFENSE grants a 16 / 20 / 24 / 28 SHIELD to The Snow Queen and all Heroes passed for 6 seconds		Skill String Desc Defense Shield	0x5c45d	"[{""format"":2,""value"":{""operation"":""Skill Defense Shield Operation"",""offset"":""0x43a80"",""operator"":""0x17b29be2"",""children"":[{""selector"":""Level Healing Selector"",""offset"":""0x571a5"",""entries"":[[""0xfd2833c"",{""class"":""oCDtEntityCpntCharacterControllerSettings"",""name"":""Character Controller"",""property"":""0x1b4416d9"",""fallback"":{""type"":0,""value"":10.0,""offset"":""0x57319""}}],[{""type"":2,""value"":true,""offset"":""0x5734a""},10.0]]},{""selector"":""Skill Defense Shield Value Selector"",""offset"":""0x8142d"",""entries"":[[""0x15fc6bf9"",2.799999952316284],[""0x15fc6bf1"",2.4000000953674316],[""0x15fc6bf7"",2.0],[{""type"":2,""value"":true,""offset"":""0x81724""},1.600000023841858]]}]}},{""format"":0,""value"":{""raw"":""000000000300000004000000546578741e0000004865726f5f536e6f775f517565656e5f436f6d6d6f6e7e47414d2e786c7300000000090000004865726f5f4e616d65"",""strings"":[[378418,""Text""],[378426,""Hero_Snow_Queen_Common~GAM.xls""],[378464,""Hero_Name""]]}},{""format"":2,""value"":6.0}]"	The Snow Queen Ice Shield talent icon.png
18	Skill_Special_Double_Name	49	Skill_Special_Double_Desc	50	Ice Spray	Skill Controller Special Double	3	SPECIAL sprays two bursts of ice shards in opposite directions, dealing +20 / 25 / 30 / 35% damage to CHILLED enemies.		Skill String Desc Special Double	0x5db41	"[{""format"":1,""value"":{""selector"":""Skill Special Double Bonus Damage To Chilled Value Selector"",""offset"":""0x84a80"",""entries"":[[""0x15fc6bf9"",0.3499999940395355],[""0x15fc6bf1"",0.30000001192092896],[""0x15fc6bf7"",0.25],[{""type"":2,""value"":true,""offset"":""0x84d8f""},0.20000000298023224]]}}]"	The Snow Queen Ice Spray talent icon.png
10	Skill_Trait_Sends_Attacks_Name	27	Skill_Trait_Sends_Attacks_Desc	28	Lance Burst	Skill Controller Trait Sends Attacks	1	TRAIT sends 3 / 4 / 5 / 6 ATTACKS forward in a cone-shaped burst		Skill String Desc Trait Sends Attacks	0x5e839	"[{""format"":1,""value"":{""selector"":""Skill Trait Sends Attacks Projectiles Count Value Selector"",""offset"":""0x866dc"",""entries"":[[""0x15fc6bf9"",6],[""0x15fc6bf1"",5],[""0x15fc6bf7"",4],[{""type"":2,""value"":true,""offset"":""0x869fe""},3]]}}]"	The Snow Queen Lance Burst talent icon.png
20	Skill_Defense_Final_Name	65	Skill_Defense_Final_Desc	66	Pirouette	Skill Controller Defense Final	8	Retriggering DEFENSE while it is in progress triggers a spin dealing 40 / 50 / 60 / 70 area damage, +50% to CHILLED enemies		Skill String Desc Defense Final	0x5c00d	"[{""format"":2,""value"":{""operation"":""Skill Defense Final Supposed Damage Operation"",""offset"":""0x4344b"",""operator"":""0x17b29be2"",""children"":[{""class"":""oCDtEntityCpntCharacterControllerSettings"",""name"":""Character Controller"",""property"":""0x15879235"",""fallback"":{""type"":0,""value"":0.0,""offset"":""0x43570""}},{""selector"":""Skill Defense Final Damage Multiplier Selector"",""offset"":""0x80d56"",""entries"":[[""0x15fc6bf9"",7.0],[""0x15fc6bf1"",6.0],[""0x15fc6bf7"",5.0],[{""type"":2,""value"":true,""offset"":""0x81054""},4.0]]},{""operation"":""Defensive Ability AP Multiplier Operation"",""offset"":""0x8dbe8"",""operator"":""0x17af9527"",""children"":[1.0,{""class"":""oCDtEntityCpntCharacterControllerSettings"",""name"":""Character Controller"",""property"":""0x174118ae"",""fallback"":{""type"":0,""value"":0.0,""offset"":""0x59cb7""}},{""class"":""oCEntityCpntModifierListenerSettings"",""name"":""Defensive Ability AP Modifier Listener"",""property"":""0x15a57291"",""fallback"":{""type"":0,""value"":0.0,""offset"":""0x8dda6""}}]}]}},{""format"":1,""value"":{""operation"":""Skill Defense Final Extra Damage To Chilled Operation"",""offset"":""0x432ac"",""operator"":""0x17af9527"",""children"":[0.5,{""selector"":""Skill Passive Damage To Chilled Extra Damage Operand"",""offset"":""0x82bce"",""entries"":[[""0xfd2832a"",{""selector"":""Skill Passive Damage To Chilled Extra Damage Selector"",""offset"":""0x82e59"",""entries"":[[""0x15fc6bf9"",0.3499999940395355],[""0x15fc6bf1"",0.30000001192092896],[""0x15fc6bf7"",0.25],[{""type"":2,""value"":true,""offset"":""0x8318e""},0.20000000298023224]]}],[{""type"":2,""value"":true,""offset"":""0x82dff""},0.0]]}]}}]"	The Snow Queen Pirouette talent icon.png
23	Skill_Trait_Shield_Name	33	Skill_Trait_Shield_Desc	34	Protective Crown	Skill Controller Trait Shield	7	TRAIT grants 4 / 5 / 6 / 7 SHIELD for 6 seconds to all Heroes around for each enemy hit (up to 4 times)		Skill String Desc Trait Shield	0x5ea03	"[{""format"":2,""value"":{""operation"":""Skill Trait Shield Supposed Value Per Hit Operation"",""offset"":""0x45aae"",""operator"":""0x17b29be2"",""children"":[{""selector"":""Level Healing Selector"",""offset"":""0x571a5"",""entries"":[[""0xfd2833c"",{""class"":""oCDtEntityCpntCharacterControllerSettings"",""name"":""Character Controller"",""property"":""0x1b4416d9"",""fallback"":{""type"":0,""value"":10.0,""offset"":""0x57319""}}],[{""type"":2,""value"":true,""offset"":""0x5734a""},10.0]]},{""selector"":""Skill Trait Shield Value Selector"",""offset"":""0x86ddb"",""entries"":[[""0x15fc6bf9"",0.699999988079071],[""0x15fc6bf1"",0.6000000238418579],[""0x15fc6bf7"",0.5],[{""type"":2,""value"":true,""offset"":""0x870c8""},0.4000000059604645]]}]}},{""format"":0,""value"":6.0},{""format"":2,""value"":4}]"	The Snow Queen Protective Crown talent icon.png
16	Skill_Trait_Charge_Name	31	Skill_Trait_Charge_Desc	32	Radiant Crown	Skill Controller Trait Charge	2	Gain +1 TRAIT charge\nAny Shatter effect deals +20 / 25 / 30 / 35% damage		Skill String Desc Trait Charge	0x5e2e6	"[{""format"":1,""value"":{""selector"":""Skill Trait Charge AP Selector"",""offset"":""0x85cf5"",""entries"":[[""0x15fc6bf9"",0.3499999940395355],[""0x15fc6bf1"",0.30000001192092896],[""0x15fc6bf7"",0.25],[{""type"":2,""value"":true,""offset"":""0x85fdf""},0.20000000298023224]]}}]"	The Snow Queen Radiant Crown talent icon.png
26	Skill_Ultimate_2_Upgrade_Abillity_Blast_Name	75	Skill_Ultimate_2_Upgrade_Abillity_Blast_Desc	76	Rending Storm	Skill Controller Ultimate 2 Ability Blast	6	Each time The Snow Queen casts TRAIT, POWER or SPECIAL within the ULTIMATE zone, the storm unleashes a burst dealing 20 / 25 / 30 / 35 damage		Skill String Desc Ultimate 2 Ability Blast	0x5f176	"[{""format"":0,""value"":{""raw"":""000000000300000004000000546578741e0000004865726f5f536e6f775f517565656e5f436f6d6d6f6e7e47414d2e786c7300000000090000004865726f5f4e616d65"",""strings"":[[389805,""Text""],[389813,""Hero_Snow_Queen_Common~GAM.xls""],[389851,""Hero_Name""]]}},{""format"":2,""value"":{""operation"":""Skill Ultimate 2 Ability Blast Supposed Damage Operation"",""offset"":""0x469e4"",""operator"":""0x17b29be2"",""children"":[{""class"":""oCDtEntityCpntCharacterControllerSettings"",""name"":""Character Controller"",""property"":""0x15879235"",""fallback"":{""type"":0,""value"":0.0,""offset"":""0x46b1f""}},{""selector"":""Skill Ultimate 2 Ability Blast Damage Multiplier Selector"",""offset"":""0x88061"",""entries"":[[""0x15fc6bf9"",3.5],[""0x15fc6bf1"",3.0],[""0x15fc6bf7"",2.5],[{""type"":2,""value"":true,""offset"":""0x8838a""},2.0]]},{""operation"":""Ultimate AP Multiplier Operation"",""offset"":""0x8fbf8"",""operator"":""0x17af9527"",""children"":[1.0,{""class"":""oCDtEntityCpntCharacterControllerSettings"",""name"":""Character Controller"",""property"":""0x174118ae"",""fallback"":{""type"":0,""value"":0.0,""offset"":""0x59cb7""}},{""class"":""oCEntityCpntModifierListenerSettings"",""name"":""Ultimate AP Modifier Listener"",""property"":""0x15a57291"",""fallback"":{""type"":0,""value"":0.0,""offset"":""0x8fda4""}}]}]}}]"	The Snow Queen Rending Storm talent icon.png
25	Skill_Ultimate_1_Upgrade_Casts_Trait_Name	71	Skill_Ultimate_1_Upgrade_Casts_Trait_Desc	72	Royal Ray	Skill Controller Ultimate 1 Casts Trait	1	ULTIMATE triggers TRAIT at its start and deals +8 / 10 / 12 / 14% damage for each shattered enemy (up to +40 / 50 / 60 / 70%)		Skill String Desc Ultimate 1 Casts Trait	0x5ed04	"[{""format"":1,""value"":{""selector"":""Skill Ultimate 1 Casts Trait AP Per Target Selector"",""offset"":""0x87122"",""entries"":[[""0x15fc6bf9"",0.14000000059604645],[""0x15fc6bf1"",0.11999999731779099],[""0x15fc6bf7"",0.10000000149011612],[{""type"":2,""value"":true,""offset"":""0x87443""},0.07999999821186066]]}},{""format"":1,""value"":{""operation"":""Skill Ultimate 1 Casts Trait Max AP Operation"",""offset"":""0x45e49"",""operator"":""0x17b29be2"",""children"":[5,{""selector"":""Skill Ultimate 1 Casts Trait AP Per Target Selector"",""offset"":""0x87122"",""entries"":[[""0x15fc6bf9"",0.14000000059604645],[""0x15fc6bf1"",0.11999999731779099],[""0x15fc6bf7"",0.10000000149011612],[{""type"":2,""value"":true,""offset"":""0x87443""},0.07999999821186066]]}]}}]"	The Snow Queen Royal Ray talent icon.png
9	Skill_Trait_Quest_Name	25	Skill_Trait_Quest_Desc	26	Rupture	Skill Controller Trait Quest	1	Quest (x20): SHATTER 2 enemies with a single TRAIT to earn +0.5 DMG\nComplete: SHATTER leaves affected enemies VULNERABLE for 4 / 5 / 6 / 7 seconds		Skill String Desc Trait Quest	0x5e47f	"[{""format"":1,""value"":{""selector"":""Skill Trait Quest Objective Count Selector"",""offset"":""0x86390"",""entries"":[[{""type"":2,""value"":true,""offset"":""0x8643f""},20],[""0x15fc6bf9"",35],[""0x15fc6bf1"",30],[""0x15fc6bf7"",25]]}},{""format"":0,""value"":2},{""format"":0,""value"":0.5},{""format"":0,""value"":{""selector"":""Skill Trait Quest Complete Modifier Duration Selector"",""offset"":""0x86039"",""entries"":[[""0x15fc6bf9"",7.0],[""0x15fc6bf1"",6.0],[""0x15fc6bf7"",5.0],[{""type"":2,""value"":true,""offset"":""0x86336""},4.0]]}}]"	The Snow Queen Rupture talent icon.png
8	Skill_Power_Shatter_Name	39	Skill_Power_Shatter_Desc	40	Shattering Blast	Skill Controller Power Shatter	4	POWER triggers SHATTER when hitting enemies that are already CHILLED\nEach SHATTER deals +20 / 25 / 30 / 35% damage		Skill String Desc Power Shatter	0x5d55a	"[{""format"":1,""value"":{""selector"":""Skill Power Shatter Extra Damage Multiplier Selector"",""offset"":""0x83e10"",""entries"":[[""0x15fc6bf9"",0.3499999940395355],[""0x15fc6bf1"",0.30000001192092896],[""0x15fc6bf7"",0.25],[{""type"":2,""value"":true,""offset"":""0x84114""},0.20000000298023224]]}}]"	The Snow Queen Shattering Blast talent icon.png
28	Skill_Ultimate_2_Upgrade_Shatter_Name	77	Skill_Ultimate_2_Upgrade_Shatter_Desc	78	Shattering Storm	Skill Controller Ultimate 2 Upgrade 2	9	When ULTIMATE effect ends, zone explodes and SHATTERS all enemies insides, dealing 72 / 90 / 108 / 126 damage		Skill String Desc Ultimate 2 Shatter	0x5f3d7	"[{""format"":2,""value"":{""operation"":""Skill Ultimate 2 Shatter Supposed Damage Operation"",""offset"":""0x46e98"",""operator"":""0x17b29be2"",""children"":[{""selector"":""Level Damage Selector"",""offset"":""0x56f54"",""entries"":[[""0xfd2833c"",{""class"":""oCDtEntityCpntCharacterControllerSettings"",""name"":""Character Controller"",""property"":""0x15879235"",""fallback"":{""type"":0,""value"":10.0,""offset"":""0x570c7""}}],[{""type"":2,""value"":true,""offset"":""0x570f8""},10.0]]},{""operation"":""Skill Ultimate 2 Shatter Damage Operation"",""offset"":""0x46c9b"",""operator"":""0x17b29be2"",""children"":[6.0,{""selector"":""Skill Ultimate 2 Shatter Damage Multiplier Selector"",""offset"":""0x883e4"",""entries"":[[""0x15fc6bf9"",2.0999999046325684],[""0x15fc6bf1"",1.7999999523162842],[""0x15fc6bf7"",1.5],[{""type"":2,""value"":true,""offset"":""0x88701""},1.2000000476837158]]}]},{""operation"":""Trait Ability AP Multiplier Operation"",""offset"":""0x8fa2e"",""operator"":""0x17af9527"",""children"":[1.0,{""class"":""oCDtEntityCpntCharacterControllerSettings"",""name"":""Character Controller"",""property"":""0x174118ae"",""fallback"":{""type"":0,""value"":0.0,""offset"":""0x59cb7""}},{""class"":""oCEntityCpntModifierListenerSettings"",""name"":""Trait Ability AP Modifier Listener"",""property"":""0x15a57291"",""fallback"":{""type"":0,""value"":0.0,""offset"":""0x8fbe4""}}]}]}}]"	The Snow Queen Shattering Storm talent icon.png
12	Skill_Dash_Frost_Name	21	Skill_Dash_Frost_Desc	22	Slide	Skill Controller Dash Frost	1	DASH creates frost underfoot, dealing 100 / 125 / 150 / 175% of DEFENSE damage to enemies passed		Skill String Desc Dash Frost	0x5b977	"[{""format"":1,""value"":{""selector"":""Skill Dash Frost Extra Damage Multiplier Selector"",""offset"":""0x7fe01"",""entries"":[[""0x15fc6bf9"",1.75],[""0x15fc6bf1"",1.5],[""0x15fc6bf7"",1.25],[{""type"":2,""value"":true,""offset"":""0x800f6""},1.0]]}}]"	The Snow Queen Slide talent icon.png
24	Skill_Power_Snowball_Name	45	Skill_Power_Snowball_Desc	46	Snowball	Skill Controller Power Snowball	1	POWER sends a snowball that deals 20 / 25 / 30 / 35 damage per second to enemies in its path and inflicts them with CHILLED\nEach enemy hit reduces the size and damage of the snowball by 12.5 / 10 / 8.3333 / 7.1429%		Skill String Desc Power Snowball	0x5d70c	"[{""format"":2,""value"":{""operation"":""Skill Power Snowball Supposed Initial Damage Operation"",""offset"":""0x4475c"",""operator"":""0x17b29be2"",""children"":[{""class"":""oCDtEntityCpntCharacterControllerSettings"",""name"":""Character Controller"",""property"":""0x15879235"",""fallback"":{""type"":0,""value"":0.0,""offset"":""0x4488b""}},5.0,{""selector"":""Skill Power Snowball Default Size Selector"",""offset"":""0x8416e"",""entries"":[[""0x15fc6bf9"",14],[""0x15fc6bf1"",12],[""0x15fc6bf7"",10],[{""type"":2,""value"":true,""offset"":""0x8446c""},8]]},0.05000000074505806,{""operation"":""Primary Ability AP Multiplier Operation"",""offset"":""0x8ef33"",""operator"":""0x17af9527"",""children"":[1.0,{""class"":""oCDtEntityCpntCharacterControllerSettings"",""name"":""Character Controller"",""property"":""0x174118ae"",""fallback"":{""type"":0,""value"":0.0,""offset"":""0x59cb7""}},{""class"":""oCEntityCpntModifierListenerSettings"",""name"":""Primary Ability AP Modifier Listener"",""property"":""0x15a57291"",""fallback"":{""type"":0,""value"":0.0,""offset"":""0x8f0ed""}}]}]}},{""format"":1,""value"":{""operation"":""Skill Power Snowball Damage Reduction Operation"",""offset"":""0x44456"",""operator"":""0x17b29bec"",""children"":[1.0,{""selector"":""Skill Power Snowball Default Size Selector"",""offset"":""0x8416e"",""entries"":[[""0x15fc6bf9"",14],[""0x15fc6bf1"",12],[""0x15fc6bf7"",10],[{""type"":2,""value"":true,""offset"":""0x8446c""},8]]}]}}]"	The Snow Queen Snowball talent icon.png
17	Skill_Defense_Sends_Attacks_Name	63	Skill_Defense_Sends_Attacks_Desc	64	Strafe	Skill Controller Defense Sends Attacks	3	DEFENSE sends up to 5 / 6 / 7 / 8 successive ATTACKS to nearby enemies		Skill String Desc Defense Sends Attacks	0x5c292	"[{""format"":1,""value"":{""selector"":""Skill Defense Sends Attacks Max Amount Value Selector"",""offset"":""0x810ae"",""entries"":[[""0x15fc6bf9"",8],[""0x15fc6bf1"",7],[""0x15fc6bf7"",6],[{""type"":2,""value"":true,""offset"":""0x813d3""},5]]}}]"	The Snow Queen Strafe talent icon.png
2	Skill_Attack_Seeking_Name	37	Skill_Attack_Seeking_Desc	38	Windy Lances	Skill Controller Attack Seeking	1	ATTACK's lances can curve to seek out targets, and their duration resets whenever they hit an enemy, up to 3 / 4 / 5 / 6 times		Skill String Desc Attack Seeking	0x5b557	"[{""format"":2,""value"":{""selector"":""Skill Attack Seeking Max Character Impacts Selector"",""offset"":""0x7f317"",""entries"":[[""0x15fc6bf9"",6],[""0x15fc6bf1"",5],[""0x15fc6bf7"",4],[{""type"":2,""value"":true,""offset"":""0x7f61e""},3]]}}]"	The Snow Queen Windy Lances talent icon.png
