# source_table	The Snow Queen numerical values
# rows	57
# snapshot_id	2026-10-06-values
# status	Decoded values with the 2026-10-06 maintainer check merged in (see VALUES.md). Row statuses: decoded 6; decoded-baseline 16; static-text 7; unresolved 28. Checked rows: read in game 18.
# baseline	Compendium level 1 figures: character damage 10, healing 10, no talents, no Magical Objects.
# source_version	Prior export attribution: Steam PC 1.05.01.01.27384, 2026/06/16, rev #773b656a63; raw file hashes recorded; installed build not independently reverified
# in_game_version	1.05.01.01.27384 2026/06/16 #773b656a63
section	form_or_condition	name	text_table	text_key	source_row_index	field	value	unit	formula	baseline	status	notes	source_path	source_property	reference_chain	check_id	checked_value	checked_value_source	maintainer_check	check_note
Dash	Base	Dash	Common.LangEN.tsv	Ability_Dash_Desc	21	cooldown	3	seconds	3.0	Hypothetical formatter baseline: DMG=10; HEALING=10; AP=0; no talents or objects; gameplay level unspecified; resource/form/hold/switch conditions preserved	decoded	Formatter/configuration decoding only; engine-fed operands and runtime branches preserved. 	EntitySettings\Heroes\Hero_Common!Hero_Common.entity.ot.EntitySettingsResource.gen	Dash Cooldown Default	EntitySettings\Heroes\Hero_Common!Hero_Common.entity.ot.EntitySettingsResource.gen@0x9ff91 -> EntitySettings\Heroes\Hero_Common!Hero_Common.entity.ot.EntitySettingsResource.gen@0xda7e4					
Dash	Base	Dash	Common.LangEN.tsv	Ability_Dash_Desc	21	charges	1	charges	1	Hypothetical formatter baseline: DMG=10; HEALING=10; AP=0; no talents or objects; gameplay level unspecified; resource/form/hold/switch conditions preserved	decoded-baseline	Formatter/configuration decoding only; engine-fed operands and runtime branches preserved. 	EntitySettings\Heroes\Hero_Common!Hero_Common.entity.ot.EntitySettingsResource.gen	Dash Ability Max Charges Counter	EntitySettings\Heroes\Hero_Common!Hero_Common.entity.ot.EntitySettingsResource.gen@0x9ff91 -> EntitySettings\Heroes\Hero_Common!Hero_Common.entity.ot.EntitySettingsResource.gen@0x9fbc					
Dash	Base	Dash	Common.LangEN.tsv	Ability_Dash_Desc	21	duration	0.25	seconds	Dash Ability Active Duration Selector{[State] Hero_Snow_Queen\Skill Dash Frost\Skill Dash Frost => 0.3499999940395355; True => 0.25}	Hypothetical formatter baseline: DMG=10; HEALING=10; AP=0; no talents or objects; gameplay level unspecified; resource/form/hold/switch conditions preserved	decoded-baseline	Formatter/configuration decoding only; engine-fed operands and runtime branches preserved. Active duration timer configuration; intangible state synchronization beyond this timer is not inferred	EntitySettings\Heroes\Hero_Common!Hero_Common.entity.ot.EntitySettingsResource.gen; EntitySettings\Heroes\Hero_Snow_Queen!Hero_Snow_Queen.entity.ot.EntitySettingsResource.gen	Dash Ability Active Duration Default	EntitySettings\Heroes\Hero_Common!Hero_Common.entity.ot.EntitySettingsResource.gen@0xff98 -> EntitySettings\Heroes\Hero_Snow_Queen!Hero_Snow_Queen.entity.ot.EntitySettingsResource.gen@0x7cca7 -> EntitySettings\Heroes\Hero_Snow_Queen!Hero_Snow_Queen.entity.ot.EntitySettingsResource.gen@0x1b5b2 -> EntitySettings\Heroes\Hero_Snow_Queen!Hero_Snow_Queen.entity.ot.EntitySettingsResource.gen@0x90fe8 -> EntitySettings\Heroes\Hero_Common!Hero_Common.entity.ot.EntitySettingsResource.gen@0xda4aa					
Trait	Base	Ice Crown	Hero_Snow_Queen_Common.LangEN.tsv	Ability_Trait_Desc	2	cooldown		seconds	unresolved(Ability Defense Cooldown Operation)	Hypothetical formatter baseline: DMG=10; HEALING=10; AP=0; no talents or objects; gameplay level unspecified; resource/form/hold/switch conditions preserved	unresolved	Formatter/configuration decoding only; engine-fed operands and runtime branches preserved.  Blocked: Property access needs engine semantics; no fallback substitution (Ability Defense Cooldown Operation.0xfd28685)	EntitySettings\Heroes\Hero_Snow_Queen!Hero_Snow_Queen.entity.ot.EntitySettingsResource.gen	Trait Ability Controller	EntitySettings\Heroes\Hero_Snow_Queen!Hero_Snow_Queen.entity.ot.EntitySettingsResource.gen@0x57cb0 -> EntitySettings\Heroes\Hero_Snow_Queen!Hero_Snow_Queen.entity.ot.EntitySettingsResource.gen@0x119c8	rd56bb90a	6	in-game reading	read in game: no decoded value	
Trait	Base	Ice Crown	Hero_Snow_Queen_Common.LangEN.tsv	Ability_Trait_Desc	2	charges	1	charges	1	Hypothetical formatter baseline: DMG=10; HEALING=10; AP=0; no talents or objects; gameplay level unspecified; resource/form/hold/switch conditions preserved	decoded-baseline	Formatter/configuration decoding only; engine-fed operands and runtime branches preserved. 	EntitySettings\Heroes\Hero_Snow_Queen!Hero_Snow_Queen.entity.ot.EntitySettingsResource.gen; EntitySettings\Heroes\Hero_Common!Hero_Common.entity.ot.EntitySettingsResource.gen	Trait Ability Controller	EntitySettings\Heroes\Hero_Snow_Queen!Hero_Snow_Queen.entity.ot.EntitySettingsResource.gen@0x57cb0 -> EntitySettings\Heroes\Hero_Common!Hero_Common.entity.ot.EntitySettingsResource.gen@0xa1cd					
Trait	Base	Ice Crown	Hero_Snow_Queen_Common.LangEN.tsv	Ability_Trait_Desc	2	slow_pct		percent	100 * (unresolved(0xde81d7bc))	Hypothetical formatter baseline: DMG=10; HEALING=10; AP=0; no talents or objects; gameplay level unspecified; resource/form/hold/switch conditions preserved	unresolved	Formatter/configuration decoding only; engine-fed operands and runtime branches preserved.  Blocked: Internal property binding requires engine-owned property semantics; fallback is not a value (0xde81d7bc)	EntitySettings\Heroes\Hero_Snow_Queen!Hero_Snow_Queen.entity.ot.EntitySettingsResource.gen	formatter argument; kind=0; format=1	EntitySettings\Heroes\Hero_Snow_Queen!Hero_Snow_Queen.entity.ot.EntitySettingsResource.gen@0x5fa67	r4707a49d	40	in-game reading	read in game: no decoded value	
Trait	Base	Ice Crown	Hero_Snow_Queen_Common.LangEN.tsv	Ability_Trait_Desc	2	chilled_duration		seconds	unresolved(0x4b045278)	Hypothetical formatter baseline: DMG=10; HEALING=10; AP=0; no talents or objects; gameplay level unspecified; resource/form/hold/switch conditions preserved	unresolved	Formatter/configuration decoding only; engine-fed operands and runtime branches preserved.  Blocked: Internal property binding requires engine-owned property semantics; fallback is not a value (0x4b045278)	EntitySettings\Heroes\Hero_Snow_Queen!Hero_Snow_Queen.entity.ot.EntitySettingsResource.gen	formatter argument; kind=0; format=0	EntitySettings\Heroes\Hero_Snow_Queen!Hero_Snow_Queen.entity.ot.EntitySettingsResource.gen@0x5fa67	r329536f1	5	in-game reading	read in game: no decoded value	
Trait	Base	Ice Crown	Hero_Snow_Queen_Common.LangEN.tsv	Ability_Trait_Desc	2	shatter_damage	60	damage	(Level Damage Selector{[State] Character_Common\Bhv Preview\Behaviour Preview => DMG; True => DMG} * Shatter Damage Multiplier Selector{[State] Hero_Snow_Queen\Skill Ultimate 2 Shatter\Event Skill Ultimate 2 Shatter Active => (6.0 * Skill Ultimate 2 Shatter Damage Multiplier Selector{[Dt Skill Controller] Hero_Snow_Queen\Skills\Skill Controller Ultimate 2 Upgrade 2 => 2.0999999046325684; [Dt Skill Controller] Hero_Snow_Queen\Skills\Skill Controller Ultimate 2 Upgrade 2 => 1.7999999523162842; [Dt Skill Controller] Hero_Snow_Queen\Skills\Skill Controller Ultimate 2 Upgrade 2 => 1.5; True => 1.2000000476837158}); True => 6.0} * (1.0 + AP + NO_TALENT_OBJECT_MODIFIER(Trait Ability AP Modifier Listener)))	Hypothetical formatter baseline: DMG=10; HEALING=10; AP=0; no talents or objects; gameplay level unspecified; resource/form/hold/switch conditions preserved	decoded-baseline	Formatter/configuration decoding only; engine-fed operands and runtime branches preserved. 	EntitySettings\Heroes\Hero_Snow_Queen!Hero_Snow_Queen.entity.ot.EntitySettingsResource.gen; EntitySettings\Character_Common\Character_Common.entity.ot.EntitySettingsResource.gen; EntitySettings\Heroes\Hero_Common!Hero_Common.entity.ot.EntitySettingsResource.gen	formatter argument; kind=0; format=2	EntitySettings\Heroes\Hero_Snow_Queen!Hero_Snow_Queen.entity.ot.EntitySettingsResource.gen@0x5fa67 -> EntitySettings\Heroes\Hero_Snow_Queen!Hero_Snow_Queen.entity.ot.EntitySettingsResource.gen@0x47309 -> EntitySettings\Character_Common\Character_Common.entity.ot.EntitySettingsResource.gen@0x56f54 -> EntitySettings\Character_Common\Character_Common.entity.ot.EntitySettingsResource.gen@0x123dd -> EntitySettings\Character_Common\Character_Common.entity.ot.EntitySettingsResource.gen@0x32ecd -> EntitySettings\Character_Common\Character_Common.entity.ot.EntitySettingsResource.gen@0x5e0b5 -> EntitySettings\Heroes\Hero_Snow_Queen!Hero_Snow_Queen.entity.ot.EntitySettingsResource.gen@0x7e2a6 -> EntitySettings\Heroes\Hero_Snow_Queen!Hero_Snow_Queen.entity.ot.EntitySettingsResource.gen@0x1b1d2 -> EntitySettings\Heroes\Hero_Snow_Queen!Hero_Snow_Queen.entity.ot.EntitySettingsResource.gen@0x46d27 -> EntitySettings\Heroes\Hero_Snow_Queen!Hero_Snow_Queen.entity.ot.EntitySettingsResource.gen@0x90abf -> EntitySettings\Heroes\Hero_Snow_Queen!Hero_Snow_Queen.entity.ot.EntitySettingsResource.gen@0x883e4 -> EntitySettings\Heroes\Hero_Snow_Queen!Hero_Snow_Queen.entity.ot.EntitySettingsResource.gen@0x502c1 -> EntitySettings\Heroes\Hero_Common!Hero_Common.entity.ot.EntitySettingsResource.gen@0x8faa2 -> EntitySettings\Character_Common\Character_Common.entity.ot.EntitySettingsResource.gen@0x59bde -> EntitySettings\Heroes\Hero_Common!Hero_Common.entity.ot.EntitySettingsResource.gen@0x99336	r5dde5309	60	decoded-baseline	read in game: match	
Attack	Base	Ice Lances	Hero_Snow_Queen_Common.LangEN.tsv	Ability_Attack_Desc	4	damage_per_lance	15	damage	(Level Damage Selector{[State] Character_Common\Bhv Preview\Behaviour Preview => DMG; True => DMG} * 1.5 * (1.0 + AP + NO_TALENT_OBJECT_MODIFIER(Basic Attack AP Modifier Listener)))	Hypothetical formatter baseline: DMG=10; HEALING=10; AP=0; no talents or objects; gameplay level unspecified; resource/form/hold/switch conditions preserved	decoded-baseline	Formatter/configuration decoding only; engine-fed operands and runtime branches preserved. 	EntitySettings\Heroes\Hero_Snow_Queen!Hero_Snow_Queen.entity.ot.EntitySettingsResource.gen; EntitySettings\Character_Common\Character_Common.entity.ot.EntitySettingsResource.gen; EntitySettings\Heroes\Hero_Common!Hero_Common.entity.ot.EntitySettingsResource.gen	formatter argument; kind=0; format=2	EntitySettings\Heroes\Hero_Snow_Queen!Hero_Snow_Queen.entity.ot.EntitySettingsResource.gen@0x5aac0 -> EntitySettings\Heroes\Hero_Snow_Queen!Hero_Snow_Queen.entity.ot.EntitySettingsResource.gen@0x41bd4 -> EntitySettings\Character_Common\Character_Common.entity.ot.EntitySettingsResource.gen@0x56f54 -> EntitySettings\Character_Common\Character_Common.entity.ot.EntitySettingsResource.gen@0x123dd -> EntitySettings\Character_Common\Character_Common.entity.ot.EntitySettingsResource.gen@0x32ecd -> EntitySettings\Character_Common\Character_Common.entity.ot.EntitySettingsResource.gen@0x5e0b5 -> EntitySettings\Heroes\Hero_Snow_Queen!Hero_Snow_Queen.entity.ot.EntitySettingsResource.gen@0x8f4af -> EntitySettings\Heroes\Hero_Common!Hero_Common.entity.ot.EntitySettingsResource.gen@0x8cde1 -> EntitySettings\Character_Common\Character_Common.entity.ot.EntitySettingsResource.gen@0x59bde -> EntitySettings\Heroes\Hero_Common!Hero_Common.entity.ot.EntitySettingsResource.gen@0x95da8	r5c005634	15	decoded-baseline	read in game: match	
Attack	Base	Ice Lances	Hero_Snow_Queen_Common.LangEN.tsv	Ability_Attack_Desc	4	bonus_damage_vs_chilled	50	percent	100 * ((0.5 + Skill Passive Damage To Chilled Extra Damage Operand{[State] Hero_Snow_Queen\Skill Passive Damage To Chilled\Skill Passive Damage To Chilled => Skill Passive Damage To Chilled Extra Damage Selector{[Dt Skill Controller] Hero_Snow_Queen\Skills\Skill Controller Passive Damage To Chilled => 0.3499999940395355; [Dt Skill Controller] Hero_Snow_Queen\Skills\Skill Controller Passive Damage To Chilled => 0.30000001192092896; [Dt Skill Controller] Hero_Snow_Queen\Skills\Skill Controller Passive Damage To Chilled => 0.25; True => 0.20000000298023224}; True => 0.0}))	Hypothetical formatter baseline: DMG=10; HEALING=10; AP=0; no talents or objects; gameplay level unspecified; resource/form/hold/switch conditions preserved	decoded-baseline	Formatter/configuration decoding only; engine-fed operands and runtime branches preserved. 	EntitySettings\Heroes\Hero_Snow_Queen!Hero_Snow_Queen.entity.ot.EntitySettingsResource.gen	formatter argument; kind=0; format=1	EntitySettings\Heroes\Hero_Snow_Queen!Hero_Snow_Queen.entity.ot.EntitySettingsResource.gen@0x5aac0 -> EntitySettings\Heroes\Hero_Snow_Queen!Hero_Snow_Queen.entity.ot.EntitySettingsResource.gen@0x8f54f -> EntitySettings\Heroes\Hero_Snow_Queen!Hero_Snow_Queen.entity.ot.EntitySettingsResource.gen@0x41646 -> EntitySettings\Heroes\Hero_Snow_Queen!Hero_Snow_Queen.entity.ot.EntitySettingsResource.gen@0x82bce -> EntitySettings\Heroes\Hero_Snow_Queen!Hero_Snow_Queen.entity.ot.EntitySettingsResource.gen@0x1bf2c -> EntitySettings\Heroes\Hero_Snow_Queen!Hero_Snow_Queen.entity.ot.EntitySettingsResource.gen@0x82e59 -> EntitySettings\Heroes\Hero_Snow_Queen!Hero_Snow_Queen.entity.ot.EntitySettingsResource.gen@0x4b74f	r98490d52	50	decoded-baseline	read in game: match	
Power	Base	Frost Blast	Hero_Snow_Queen_Common.LangEN.tsv	Ability_Power_Desc	6	cooldown	10	seconds	10.0	Hypothetical formatter baseline: DMG=10; HEALING=10; AP=0; no talents or objects; gameplay level unspecified; resource/form/hold/switch conditions preserved	decoded	Formatter/configuration decoding only; engine-fed operands and runtime branches preserved. 	EntitySettings\Heroes\Hero_Snow_Queen!Hero_Snow_Queen.entity.ot.EntitySettingsResource.gen	Primary Ability Controller	EntitySettings\Heroes\Hero_Snow_Queen!Hero_Snow_Queen.entity.ot.EntitySettingsResource.gen@0x58510	r4b79a53b	10	decoded	read in game: match	
Power	Base	Frost Blast	Hero_Snow_Queen_Common.LangEN.tsv	Ability_Power_Desc	6	charges	1	charges	Primary Charge To Damage Charge Selector{[Modifier Listener] Hero_Common\MO Charge To Damage\Primary Charge To Damage Modifier Listener => 1; True => 1}	Hypothetical formatter baseline: DMG=10; HEALING=10; AP=0; no talents or objects; gameplay level unspecified; resource/form/hold/switch conditions preserved	decoded-baseline	Formatter/configuration decoding only; engine-fed operands and runtime branches preserved. 	EntitySettings\Heroes\Hero_Snow_Queen!Hero_Snow_Queen.entity.ot.EntitySettingsResource.gen; EntitySettings\Heroes\Hero_Common!Hero_Common.entity.ot.EntitySettingsResource.gen	Primary Ability Controller	EntitySettings\Heroes\Hero_Snow_Queen!Hero_Snow_Queen.entity.ot.EntitySettingsResource.gen@0x58510 -> EntitySettings\Heroes\Hero_Common!Hero_Common.entity.ot.EntitySettingsResource.gen@0xd15a8 -> EntitySettings\Heroes\Hero_Common!Hero_Common.entity.ot.EntitySettingsResource.gen@0x98202 -> EntitySettings\Heroes\Hero_Common!Hero_Common.entity.ot.EntitySettingsResource.gen@0xa8a9					
Power	Base	Frost Blast	Hero_Snow_Queen_Common.LangEN.tsv	Ability_Power_Desc	6	damage	50	damage	(Level Damage Selector{[State] Character_Common\Bhv Preview\Behaviour Preview => DMG; True => DMG} * 5.0 * (1.0 + AP + NO_TALENT_OBJECT_MODIFIER(Primary Ability AP Modifier Listener)))	Hypothetical formatter baseline: DMG=10; HEALING=10; AP=0; no talents or objects; gameplay level unspecified; resource/form/hold/switch conditions preserved	decoded-baseline	Formatter/configuration decoding only; engine-fed operands and runtime branches preserved. 	EntitySettings\Heroes\Hero_Snow_Queen!Hero_Snow_Queen.entity.ot.EntitySettingsResource.gen; EntitySettings\Character_Common\Character_Common.entity.ot.EntitySettingsResource.gen; EntitySettings\Heroes\Hero_Common!Hero_Common.entity.ot.EntitySettingsResource.gen	formatter argument; kind=0; format=2	EntitySettings\Heroes\Hero_Snow_Queen!Hero_Snow_Queen.entity.ot.EntitySettingsResource.gen@0x5aec8 -> EntitySettings\Heroes\Hero_Snow_Queen!Hero_Snow_Queen.entity.ot.EntitySettingsResource.gen@0x423f6 -> EntitySettings\Character_Common\Character_Common.entity.ot.EntitySettingsResource.gen@0x56f54 -> EntitySettings\Character_Common\Character_Common.entity.ot.EntitySettingsResource.gen@0x123dd -> EntitySettings\Character_Common\Character_Common.entity.ot.EntitySettingsResource.gen@0x32ecd -> EntitySettings\Character_Common\Character_Common.entity.ot.EntitySettingsResource.gen@0x5e0b5 -> EntitySettings\Heroes\Hero_Snow_Queen!Hero_Snow_Queen.entity.ot.EntitySettingsResource.gen@0x8e11a -> EntitySettings\Heroes\Hero_Common!Hero_Common.entity.ot.EntitySettingsResource.gen@0x8efa9 -> EntitySettings\Character_Common\Character_Common.entity.ot.EntitySettingsResource.gen@0x59bde -> EntitySettings\Heroes\Hero_Common!Hero_Common.entity.ot.EntitySettingsResource.gen@0x9807d	raad2a0fa	50	decoded-baseline	read in game: match	
Special	Base	Ice Shards	Hero_Snow_Queen_Common.LangEN.tsv	Ability_Special_Desc	8	cooldown	6	seconds	6.0	Hypothetical formatter baseline: DMG=10; HEALING=10; AP=0; no talents or objects; gameplay level unspecified; resource/form/hold/switch conditions preserved	decoded	Formatter/configuration decoding only; engine-fed operands and runtime branches preserved. 	EntitySettings\Heroes\Hero_Snow_Queen!Hero_Snow_Queen.entity.ot.EntitySettingsResource.gen	Secondary Ability Controller	EntitySettings\Heroes\Hero_Snow_Queen!Hero_Snow_Queen.entity.ot.EntitySettingsResource.gen@0x59328	rcadaaff2	6	decoded	read in game: match	
Special	Base	Ice Shards	Hero_Snow_Queen_Common.LangEN.tsv	Ability_Special_Desc	8	charges	1	charges	Trait Ability Default Charges Selector{[State] Hero_Snow_Queen\Skill Trait Charge\Skill Trait Charge => 2; True => 1}	Hypothetical formatter baseline: DMG=10; HEALING=10; AP=0; no talents or objects; gameplay level unspecified; resource/form/hold/switch conditions preserved	decoded-baseline	Formatter/configuration decoding only; engine-fed operands and runtime branches preserved. 	EntitySettings\Heroes\Hero_Snow_Queen!Hero_Snow_Queen.entity.ot.EntitySettingsResource.gen; EntitySettings\Heroes\Hero_Common!Hero_Common.entity.ot.EntitySettingsResource.gen	Secondary Ability Controller	EntitySettings\Heroes\Hero_Snow_Queen!Hero_Snow_Queen.entity.ot.EntitySettingsResource.gen@0x59328 -> EntitySettings\Heroes\Hero_Common!Hero_Common.entity.ot.EntitySettingsResource.gen@0xb280 -> EntitySettings\Heroes\Hero_Snow_Queen!Hero_Snow_Queen.entity.ot.EntitySettingsResource.gen@0x8875b -> EntitySettings\Heroes\Hero_Snow_Queen!Hero_Snow_Queen.entity.ot.EntitySettingsResource.gen@0x1c9a7					
Special	Base	Ice Shards	Hero_Snow_Queen_Common.LangEN.tsv	Ability_Special_Desc	8	damage	65	damage	(Level Damage Selector{[State] Character_Common\Bhv Preview\Behaviour Preview => DMG; True => DMG} * 1.2999999523162842 * (5 + Skill Special Extra Waves Amount Operand{[State] Hero_Snow_Queen\Skill Special Extra Waves\Skill Special Extra Waves => Skill Special Extra Waves Amount Selector{[Dt Skill Controller] Hero_Snow_Queen\Skills\Skill Controller Special Extra Waves => 5; [Dt Skill Controller] Hero_Snow_Queen\Skills\Skill Controller Special Extra Waves => 4; [Dt Skill Controller] Hero_Snow_Queen\Skills\Skill Controller Special Extra Waves => 3; True => 2}; True => 0}) * (1.0 + AP + NO_TALENT_OBJECT_MODIFIER(Secondary Ability AP Modifier Listener)))	Hypothetical formatter baseline: DMG=10; HEALING=10; AP=0; no talents or objects; gameplay level unspecified; resource/form/hold/switch conditions preserved	decoded-baseline	Formatter/configuration decoding only; engine-fed operands and runtime branches preserved. 	EntitySettings\Heroes\Hero_Snow_Queen!Hero_Snow_Queen.entity.ot.EntitySettingsResource.gen; EntitySettings\Character_Common\Character_Common.entity.ot.EntitySettingsResource.gen; EntitySettings\Heroes\Hero_Common!Hero_Common.entity.ot.EntitySettingsResource.gen	formatter argument; kind=0; format=2	EntitySettings\Heroes\Hero_Snow_Queen!Hero_Snow_Queen.entity.ot.EntitySettingsResource.gen@0x5b073 -> EntitySettings\Heroes\Hero_Snow_Queen!Hero_Snow_Queen.entity.ot.EntitySettingsResource.gen@0x42668 -> EntitySettings\Character_Common\Character_Common.entity.ot.EntitySettingsResource.gen@0x56f54 -> EntitySettings\Character_Common\Character_Common.entity.ot.EntitySettingsResource.gen@0x123dd -> EntitySettings\Character_Common\Character_Common.entity.ot.EntitySettingsResource.gen@0x32ecd -> EntitySettings\Character_Common\Character_Common.entity.ot.EntitySettingsResource.gen@0x5e0b5 -> EntitySettings\Heroes\Hero_Snow_Queen!Hero_Snow_Queen.entity.ot.EntitySettingsResource.gen@0x8e455 -> EntitySettings\Heroes\Hero_Snow_Queen!Hero_Snow_Queen.entity.ot.EntitySettingsResource.gen@0x40cd6 -> EntitySettings\Heroes\Hero_Snow_Queen!Hero_Snow_Queen.entity.ot.EntitySettingsResource.gen@0x8e7cd -> EntitySettings\Heroes\Hero_Snow_Queen!Hero_Snow_Queen.entity.ot.EntitySettingsResource.gen@0x84de9 -> EntitySettings\Heroes\Hero_Snow_Queen!Hero_Snow_Queen.entity.ot.EntitySettingsResource.gen@0x1c4f6 -> EntitySettings\Heroes\Hero_Snow_Queen!Hero_Snow_Queen.entity.ot.EntitySettingsResource.gen@0x85044 -> EntitySettings\Heroes\Hero_Snow_Queen!Hero_Snow_Queen.entity.ot.EntitySettingsResource.gen@0x4d4e2 -> EntitySettings\Heroes\Hero_Common!Hero_Common.entity.ot.EntitySettingsResource.gen@0x8f5e5 -> EntitySettings\Character_Common\Character_Common.entity.ot.EntitySettingsResource.gen@0x59bde -> EntitySettings\Heroes\Hero_Common!Hero_Common.entity.ot.EntitySettingsResource.gen@0x987a7	rdcf2001d	65	decoded-baseline	read in game: match	
Special	Base	Ice Shards	Hero_Snow_Queen_Common.LangEN.tsv	Ability_Special_Desc	8	bonus_damage_vs_chilled	50	percent	100 * ((0.5 + Skill Special Double Bonus Damage To Chilled Operand{[State] Hero_Snow_Queen\Skill Special Double\Skill Special Double => Skill Special Double Bonus Damage To Chilled Value Selector{[Dt Skill Controller] Hero_Snow_Queen\Skills\Skill Controller Special Double => 0.3499999940395355; [Dt Skill Controller] Hero_Snow_Queen\Skills\Skill Controller Special Double => 0.30000001192092896; [Dt Skill Controller] Hero_Snow_Queen\Skills\Skill Controller Special Double => 0.25; True => 0.20000000298023224}; True => 0.0} + Skill Passive Damage To Chilled Extra Damage Operand{[State] Hero_Snow_Queen\Skill Passive Damage To Chilled\Skill Passive Damage To Chilled => Skill Passive Damage To Chilled Extra Damage Selector{[Dt Skill Controller] Hero_Snow_Queen\Skills\Skill Controller Passive Damage To Chilled => 0.3499999940395355; [Dt Skill Controller] Hero_Snow_Queen\Skills\Skill Controller Passive Damage To Chilled => 0.30000001192092896; [Dt Skill Controller] Hero_Snow_Queen\Skills\Skill Controller Passive Damage To Chilled => 0.25; True => 0.20000000298023224}; True => 0.0}))	Hypothetical formatter baseline: DMG=10; HEALING=10; AP=0; no talents or objects; gameplay level unspecified; resource/form/hold/switch conditions preserved	decoded-baseline	Formatter/configuration decoding only; engine-fed operands and runtime branches preserved. 	EntitySettings\Heroes\Hero_Snow_Queen!Hero_Snow_Queen.entity.ot.EntitySettingsResource.gen	formatter argument; kind=0; format=1	EntitySettings\Heroes\Hero_Snow_Queen!Hero_Snow_Queen.entity.ot.EntitySettingsResource.gen@0x5b073 -> EntitySettings\Heroes\Hero_Snow_Queen!Hero_Snow_Queen.entity.ot.EntitySettingsResource.gen@0x404de -> EntitySettings\Heroes\Hero_Snow_Queen!Hero_Snow_Queen.entity.ot.EntitySettingsResource.gen@0x8e715 -> EntitySettings\Heroes\Hero_Snow_Queen!Hero_Snow_Queen.entity.ot.EntitySettingsResource.gen@0x8481b -> EntitySettings\Heroes\Hero_Snow_Queen!Hero_Snow_Queen.entity.ot.EntitySettingsResource.gen@0x1c463 -> EntitySettings\Heroes\Hero_Snow_Queen!Hero_Snow_Queen.entity.ot.EntitySettingsResource.gen@0x84a80 -> EntitySettings\Heroes\Hero_Snow_Queen!Hero_Snow_Queen.entity.ot.EntitySettingsResource.gen@0x4d0ad -> EntitySettings\Heroes\Hero_Snow_Queen!Hero_Snow_Queen.entity.ot.EntitySettingsResource.gen@0x82bce -> EntitySettings\Heroes\Hero_Snow_Queen!Hero_Snow_Queen.entity.ot.EntitySettingsResource.gen@0x1bf2c -> EntitySettings\Heroes\Hero_Snow_Queen!Hero_Snow_Queen.entity.ot.EntitySettingsResource.gen@0x82e59 -> EntitySettings\Heroes\Hero_Snow_Queen!Hero_Snow_Queen.entity.ot.EntitySettingsResource.gen@0x4b74f	r9ba3466b	50	decoded-baseline	read in game: match	
Defense	Base	Ice Skating	Hero_Snow_Queen_Common.LangEN.tsv	Ability_Defense_Desc	10	cooldown	6	seconds	6.0	Hypothetical formatter baseline: DMG=10; HEALING=10; AP=0; no talents or objects; gameplay level unspecified; resource/form/hold/switch conditions preserved	decoded	Formatter/configuration decoding only; engine-fed operands and runtime branches preserved. 	EntitySettings\Heroes\Hero_Snow_Queen!Hero_Snow_Queen.entity.ot.EntitySettingsResource.gen	Defensive Ability Controller	EntitySettings\Heroes\Hero_Snow_Queen!Hero_Snow_Queen.entity.ot.EntitySettingsResource.gen@0x58c14	rc87fe59d	8	in-game reading	read in game: differs from decoded value	
Defense	Base	Ice Skating	Hero_Snow_Queen_Common.LangEN.tsv	Ability_Defense_Desc	10	charges	1	charges	Secondary Charge To Damage Charge Selector{[Modifier Listener] Hero_Common\MO Charge To Damage\Secondary Charge To Damage Modifier Listener => 1; True => 1}	Hypothetical formatter baseline: DMG=10; HEALING=10; AP=0; no talents or objects; gameplay level unspecified; resource/form/hold/switch conditions preserved	decoded-baseline	Formatter/configuration decoding only; engine-fed operands and runtime branches preserved. 	EntitySettings\Heroes\Hero_Snow_Queen!Hero_Snow_Queen.entity.ot.EntitySettingsResource.gen; EntitySettings\Heroes\Hero_Common!Hero_Common.entity.ot.EntitySettingsResource.gen	Defensive Ability Controller	EntitySettings\Heroes\Hero_Snow_Queen!Hero_Snow_Queen.entity.ot.EntitySettingsResource.gen@0x58c14 -> EntitySettings\Heroes\Hero_Common!Hero_Common.entity.ot.EntitySettingsResource.gen@0xd245f -> EntitySettings\Heroes\Hero_Common!Hero_Common.entity.ot.EntitySettingsResource.gen@0x9892e -> EntitySettings\Heroes\Hero_Common!Hero_Common.entity.ot.EntitySettingsResource.gen@0xae68					
Defense	Base	Ice Skating	Hero_Snow_Queen_Common.LangEN.tsv	Ability_Defense_Desc	10	damage	30	damage	(Level Damage Selector{[State] Character_Common\Bhv Preview\Behaviour Preview => DMG; True => DMG} * 3.0 * (1.0 + AP + NO_TALENT_OBJECT_MODIFIER(Defensive Ability AP Modifier Listener)))	Hypothetical formatter baseline: DMG=10; HEALING=10; AP=0; no talents or objects; gameplay level unspecified; resource/form/hold/switch conditions preserved	decoded-baseline	Formatter/configuration decoding only; engine-fed operands and runtime branches preserved. 	EntitySettings\Heroes\Hero_Snow_Queen!Hero_Snow_Queen.entity.ot.EntitySettingsResource.gen; EntitySettings\Character_Common\Character_Common.entity.ot.EntitySettingsResource.gen; EntitySettings\Heroes\Hero_Common!Hero_Common.entity.ot.EntitySettingsResource.gen	formatter argument; kind=0; format=2	EntitySettings\Heroes\Hero_Snow_Queen!Hero_Snow_Queen.entity.ot.EntitySettingsResource.gen@0x5ad17 -> EntitySettings\Heroes\Hero_Snow_Queen!Hero_Snow_Queen.entity.ot.EntitySettingsResource.gen@0x41faa -> EntitySettings\Character_Common\Character_Common.entity.ot.EntitySettingsResource.gen@0x56f54 -> EntitySettings\Character_Common\Character_Common.entity.ot.EntitySettingsResource.gen@0x123dd -> EntitySettings\Character_Common\Character_Common.entity.ot.EntitySettingsResource.gen@0x32ecd -> EntitySettings\Character_Common\Character_Common.entity.ot.EntitySettingsResource.gen@0x5e0b5 -> EntitySettings\Heroes\Hero_Snow_Queen!Hero_Snow_Queen.entity.ot.EntitySettingsResource.gen@0x8dbec -> EntitySettings\Heroes\Hero_Common!Hero_Common.entity.ot.EntitySettingsResource.gen@0x8dc60 -> EntitySettings\Character_Common\Character_Common.entity.ot.EntitySettingsResource.gen@0x59bde -> EntitySettings\Heroes\Hero_Common!Hero_Common.entity.ot.EntitySettingsResource.gen@0x972f2	reaf0033e	30	decoded-baseline	read in game: match	
Defense	Base	Ice Skating	Hero_Snow_Queen_Common.LangEN.tsv	Ability_Defense_Desc	10	intangible_duration		seconds	unresolved(Original literal/notes discarded: no validated argument or exact owning property supports this field)	Hypothetical formatter baseline: DMG=10; HEALING=10; AP=0; no talents or objects; gameplay level unspecified; resource/form/hold/switch conditions preserved	unresolved	Formatter/configuration decoding only; engine-fed operands and runtime branches preserved. Original literal/notes discarded: no validated argument or exact owning property supports this field Blocked: Original literal/notes discarded: no validated argument or exact owning property supports this field	EntitySettings/Heroes/Hero_Snow_Queen!Hero_Snow_Queen.entity.ot.EntitySettingsResource.gen	Defensive Intangible Timer	Hero_Snow_Queen -> Defense -> Intangible Timer					
Ultimate 1	Base	Frost Ray	Hero_Snow_Queen_Common.LangEN.tsv	Ability_Ultimate_1_Desc	12	cooldown		seconds	(10.0 0x17b29bf0 60.0 0x17b29bf0 unresolved(Ability Ultimate 1 Active Timer))	Hypothetical formatter baseline: DMG=10; HEALING=10; AP=0; no talents or objects; gameplay level unspecified; resource/form/hold/switch conditions preserved	unresolved	Formatter/configuration decoding only; engine-fed operands and runtime branches preserved.  Blocked: Property access needs engine semantics; no fallback substitution (Ability Ultimate 1 Active Timer.0xfd2825a)	EntitySettings\Heroes\Hero_Snow_Queen!Hero_Snow_Queen.entity.ot.EntitySettingsResource.gen	Ultimate Power 1 Controller	EntitySettings\Heroes\Hero_Snow_Queen!Hero_Snow_Queen.entity.ot.EntitySettingsResource.gen@0x59a12 -> EntitySettings\Heroes\Hero_Snow_Queen!Hero_Snow_Queen.entity.ot.EntitySettingsResource.gen@0x41084 -> EntitySettings\Heroes\Hero_Snow_Queen!Hero_Snow_Queen.entity.ot.EntitySettingsResource.gen@0x8ec32 -> EntitySettings\Heroes\Hero_Snow_Queen!Hero_Snow_Queen.entity.ot.EntitySettingsResource.gen@0x8eb8c -> EntitySettings\Heroes\Hero_Snow_Queen!Hero_Snow_Queen.entity.ot.EntitySettingsResource.gen@0x10728	ra766933e	60	in-game reading	read in game: no decoded value	
Ultimate 1	Base	Frost Ray	Hero_Snow_Queen_Common.LangEN.tsv	Ability_Ultimate_1_Desc	12	charges	1	charges	1	Hypothetical formatter baseline: DMG=10; HEALING=10; AP=0; no talents or objects; gameplay level unspecified; resource/form/hold/switch conditions preserved	decoded-baseline	Formatter/configuration decoding only; engine-fed operands and runtime branches preserved. 	EntitySettings\Heroes\Hero_Snow_Queen!Hero_Snow_Queen.entity.ot.EntitySettingsResource.gen; EntitySettings\Heroes\Hero_Common!Hero_Common.entity.ot.EntitySettingsResource.gen	Ultimate Power 1 Controller	EntitySettings\Heroes\Hero_Snow_Queen!Hero_Snow_Queen.entity.ot.EntitySettingsResource.gen@0x59a12 -> EntitySettings\Heroes\Hero_Common!Hero_Common.entity.ot.EntitySettingsResource.gen@0xb50d					
Ultimate 1	Base	Frost Ray	Hero_Snow_Queen_Common.LangEN.tsv	Ability_Ultimate_1_Desc	12	damage_per_second		damage_per_second	(runtime_operand[1076] / 0.25)	Hypothetical formatter baseline: DMG=10; HEALING=10; AP=0; no talents or objects; gameplay level unspecified; resource/form/hold/switch conditions preserved	unresolved	Formatter/configuration decoding only; engine-fed operands and runtime branches preserved.  Blocked: Engine-fed operation operand binding; serialized fallback must not replace live operand (operand binding 1076); Runtime selector predicate [State] Character_Common\Bhv Preview\Behaviour Preview.0xfd2833c is not established by serialized flag initialization; Property access needs engine semantics; no fallback substitution (Behaviour Preview.0xfd2833c)	EntitySettings\Heroes\Hero_Snow_Queen!Hero_Snow_Queen.entity.ot.EntitySettingsResource.gen; EntitySettings\Character_Common\Character_Common.entity.ot.EntitySettingsResource.gen	formatter argument; kind=0; format=2	EntitySettings\Heroes\Hero_Snow_Queen!Hero_Snow_Queen.entity.ot.EntitySettingsResource.gen@0x5fc8a -> EntitySettings\Heroes\Hero_Snow_Queen!Hero_Snow_Queen.entity.ot.EntitySettingsResource.gen@0x47584 -> EntitySettings\Character_Common\Character_Common.entity.ot.EntitySettingsResource.gen@0x56f54 -> EntitySettings\Character_Common\Character_Common.entity.ot.EntitySettingsResource.gen@0x123dd -> EntitySettings\Character_Common\Character_Common.entity.ot.EntitySettingsResource.gen@0x32ecd -> EntitySettings\Character_Common\Character_Common.entity.ot.EntitySettingsResource.gen@0x5e0b5 -> EntitySettings\Heroes\Hero_Snow_Queen!Hero_Snow_Queen.entity.ot.EntitySettingsResource.gen@0x8f172	r6ae90489	160	in-game reading	read in game: no decoded value	
Ultimate 2	Base	Snowstorm	Hero_Snow_Queen_Common.LangEN.tsv	Ability_Ultimate_2_Desc	14	cooldown	60	seconds	60.0	Hypothetical formatter baseline: DMG=10; HEALING=10; AP=0; no talents or objects; gameplay level unspecified; resource/form/hold/switch conditions preserved	decoded	Formatter/configuration decoding only; engine-fed operands and runtime branches preserved. 	EntitySettings\Heroes\Hero_Snow_Queen!Hero_Snow_Queen.entity.ot.EntitySettingsResource.gen	Ultimate Power 2 Controller	EntitySettings\Heroes\Hero_Snow_Queen!Hero_Snow_Queen.entity.ot.EntitySettingsResource.gen@0x5a2e1	r61f04403	60	decoded	read in game: match	
Ultimate 2	Base	Snowstorm	Hero_Snow_Queen_Common.LangEN.tsv	Ability_Ultimate_2_Desc	14	charges	1	charges	1	Hypothetical formatter baseline: DMG=10; HEALING=10; AP=0; no talents or objects; gameplay level unspecified; resource/form/hold/switch conditions preserved	decoded-baseline	Formatter/configuration decoding only; engine-fed operands and runtime branches preserved. 	EntitySettings\Heroes\Hero_Snow_Queen!Hero_Snow_Queen.entity.ot.EntitySettingsResource.gen; EntitySettings\Heroes\Hero_Common!Hero_Common.entity.ot.EntitySettingsResource.gen	Ultimate Power 2 Controller	EntitySettings\Heroes\Hero_Snow_Queen!Hero_Snow_Queen.entity.ot.EntitySettingsResource.gen@0x5a2e1 -> EntitySettings\Heroes\Hero_Common!Hero_Common.entity.ot.EntitySettingsResource.gen@0xb50d					
Ultimate 2	Base	Snowstorm	Hero_Snow_Queen_Common.LangEN.tsv	Ability_Ultimate_2_Desc	14	damage_per_second		damage_per_second	(runtime_operand[1075] / 0.5)	Hypothetical formatter baseline: DMG=10; HEALING=10; AP=0; no talents or objects; gameplay level unspecified; resource/form/hold/switch conditions preserved	unresolved	Formatter/configuration decoding only; engine-fed operands and runtime branches preserved.  Blocked: Engine-fed operation operand binding; serialized fallback must not replace live operand (operand binding 1075); Runtime selector predicate [State] Character_Common\Bhv Preview\Behaviour Preview.0xfd2833c is not established by serialized flag initialization; Property access needs engine semantics; no fallback substitution (Behaviour Preview.0xfd2833c)	EntitySettings\Heroes\Hero_Snow_Queen!Hero_Snow_Queen.entity.ot.EntitySettingsResource.gen; EntitySettings\Character_Common\Character_Common.entity.ot.EntitySettingsResource.gen	formatter argument; kind=0; format=2	EntitySettings\Heroes\Hero_Snow_Queen!Hero_Snow_Queen.entity.ot.EntitySettingsResource.gen@0x5fe47 -> EntitySettings\Heroes\Hero_Snow_Queen!Hero_Snow_Queen.entity.ot.EntitySettingsResource.gen@0x47717 -> EntitySettings\Character_Common\Character_Common.entity.ot.EntitySettingsResource.gen@0x56f54 -> EntitySettings\Character_Common\Character_Common.entity.ot.EntitySettingsResource.gen@0x123dd -> EntitySettings\Character_Common\Character_Common.entity.ot.EntitySettingsResource.gen@0x32ecd -> EntitySettings\Character_Common\Character_Common.entity.ot.EntitySettingsResource.gen@0x5e0b5 -> EntitySettings\Heroes\Hero_Snow_Queen!Hero_Snow_Queen.entity.ot.EntitySettingsResource.gen@0x8f40b	r5f25d41e	5	in-game reading	read in game: no decoded value	
Ultimate 2	Base	Snowstorm	Hero_Snow_Queen_Common.LangEN.tsv	Ability_Ultimate_2_Desc	14	duration	10	seconds	10.0	Hypothetical formatter baseline: DMG=10; HEALING=10; AP=0; no talents or objects; gameplay level unspecified; resource/form/hold/switch conditions preserved	decoded	Formatter/configuration decoding only; engine-fed operands and runtime branches preserved. 	EntitySettings\Heroes\Hero_Snow_Queen!Hero_Snow_Queen.entity.ot.EntitySettingsResource.gen	formatter argument; kind=0; format=0	EntitySettings\Heroes\Hero_Snow_Queen!Hero_Snow_Queen.entity.ot.EntitySettingsResource.gen@0x5fe47 -> EntitySettings\Heroes\Hero_Snow_Queen!Hero_Snow_Queen.entity.ot.EntitySettingsResource.gen@0x8f369	ra444ed52	10	decoded	read in game: match	
Trait	Base	Ice Crown	Hero_Snow_Queen_Common.LangEN.tsv	Ability_Trait_Desc	2	tooltip_binding_coverage	• #Passive:@ Some abilities apply #CHILLED@ to enemies hit, decreasing their move speed by #{0}%@ for #{1}@ seconds\n• #Active:@ Briefly becomes #INTANGIBLE@ and shatter all #CHILLED@ enemies, dealing &{2}~ damage to them and removing their #CHILLED@ status	text	Static canonical text	Hypothetical formatter baseline: DMG=10; HEALING=10; AP=0; no talents or objects; gameplay level unspecified; resource/form/hold/switch conditions preserved	static-text	Canonical tooltip text; no numeric engine evaluation claimed	EntitySettings/Heroes/Hero_Snow_Queen!Hero_Snow_Queen.entity.ot.EntitySettingsResource.gen	Trait Ability Controller	Hero_Snow_Queen -> Trait Ability Controller -> Cooldown					
Attack	Base	Ice Lances	Hero_Snow_Queen_Common.LangEN.tsv	Ability_Attack_Desc	4	tooltip_binding_coverage	• Shoot out ice lances that deal &{0}~ damage and pierce through enemies\n• Ice lances deal #+{1}%@ damage to #CHILLED@ targets	text	Static canonical text	Hypothetical formatter baseline: DMG=10; HEALING=10; AP=0; no talents or objects; gameplay level unspecified; resource/form/hold/switch conditions preserved	static-text	Canonical tooltip text; no numeric engine evaluation claimed	EntitySettings/Heroes/Hero_Snow_Queen!Hero_Snow_Queen.entity.ot.EntitySettingsResource.gen	Basic Attack Scalable Damage Operations	Hero_Snow_Queen -> Basic Attack -> Damage Operations					
Power	Base	Frost Blast	Hero_Snow_Queen_Common.LangEN.tsv	Ability_Power_Desc	6	tooltip_binding_coverage	• Create a large area of frost, dealing &{0}~ damage to enemies in the area and inflicting them with #CHILLED@	text	Static canonical text	Hypothetical formatter baseline: DMG=10; HEALING=10; AP=0; no talents or objects; gameplay level unspecified; resource/form/hold/switch conditions preserved	static-text	Canonical tooltip text; no numeric engine evaluation claimed	EntitySettings/Heroes/Hero_Snow_Queen!Hero_Snow_Queen.entity.ot.EntitySettingsResource.gen	Primary Ability Controller	Hero_Snow_Queen -> Primary Ability Controller -> Cooldown					
Special	Base	Ice Shards	Hero_Snow_Queen_Common.LangEN.tsv	Ability_Special_Desc	8	tooltip_binding_coverage	• Throw a volley of ice shards at a short range, dealing up to &{0}~ damage\n• Ice Shards deal #+{1}%@ damage to #CHILLED@ enemies	text	Static canonical text	Hypothetical formatter baseline: DMG=10; HEALING=10; AP=0; no talents or objects; gameplay level unspecified; resource/form/hold/switch conditions preserved	static-text	Canonical tooltip text; no numeric engine evaluation claimed	EntitySettings/Heroes/Hero_Snow_Queen!Hero_Snow_Queen.entity.ot.EntitySettingsResource.gen	Secondary Ability Controller	Hero_Snow_Queen -> Secondary Ability Controller -> Cooldown					
Defense	Base	Ice Skating	Hero_Snow_Queen_Common.LangEN.tsv	Ability_Defense_Desc	10	tooltip_binding_coverage	• Boost own movement speed and create frost underfoot, dealing &{0}~ damage to enemies and inflicting them with #CHILLED@\n• Briefly grants #INTANGIBLE@ at the start of the ability	text	Static canonical text	Hypothetical formatter baseline: DMG=10; HEALING=10; AP=0; no talents or objects; gameplay level unspecified; resource/form/hold/switch conditions preserved	static-text	Canonical tooltip text; no numeric engine evaluation claimed	EntitySettings/Heroes/Hero_Snow_Queen!Hero_Snow_Queen.entity.ot.EntitySettingsResource.gen	Defensive Ability Controller	Hero_Snow_Queen -> Defensive Ability Controller -> Cooldown					
Ultimate 1	Base	Frost Ray	Hero_Snow_Queen_Common.LangEN.tsv	Ability_Ultimate_1_Desc	12	tooltip_binding_coverage	• Channel a Frost Ray to the ground, dealing &{0}~ damage per second and applying #CHILLED@ to hit enemies	text	Static canonical text	Hypothetical formatter baseline: DMG=10; HEALING=10; AP=0; no talents or objects; gameplay level unspecified; resource/form/hold/switch conditions preserved	static-text	Canonical tooltip text; no numeric engine evaluation claimed	EntitySettings/Heroes/Hero_Snow_Queen!Hero_Snow_Queen.entity.ot.EntitySettingsResource.gen	Ultimate Power 1 Controller	Hero_Snow_Queen -> Ultimate Power 1 Controller -> Cooldown					
Ultimate 2	Base	Snowstorm	Hero_Snow_Queen_Common.LangEN.tsv	Ability_Ultimate_2_Desc	14	tooltip_binding_coverage	• Summon a snow storm to deal &{0}~ damage per second, inflicting all enemies within range with #CHILLED@\n• The effect lasts #{1}@ seconds	text	Static canonical text	Hypothetical formatter baseline: DMG=10; HEALING=10; AP=0; no talents or objects; gameplay level unspecified; resource/form/hold/switch conditions preserved	static-text	Canonical tooltip text; no numeric engine evaluation claimed	EntitySettings/Heroes/Hero_Snow_Queen!Hero_Snow_Queen.entity.ot.EntitySettingsResource.gen	Ultimate Power 2 Controller	Hero_Snow_Queen -> Ultimate Power 2 Controller -> Cooldown					
Dash	Base	Dash	Common.LangEN.tsv	Ability_Dash_Desc	21	resource_cost		resource	unresolved(Required checklist field has no established owning runtime property/code path)	Hypothetical formatter baseline: DMG=10; HEALING=10; AP=0; no talents or objects; gameplay level unspecified; resource/form/hold/switch conditions preserved	unresolved	Formatter/configuration decoding only; engine-fed operands and runtime branches preserved. Required checklist field has no established owning runtime property/code path Blocked: Required checklist field has no established owning runtime property/code path	EntitySettings/Heroes/Hero_Common!Hero_Common.entity.ot.EntitySettingsResource.gen	resource_cost						
Trait	Base	Ice Crown	Hero_Snow_Queen_Common.LangEN.tsv	Ability_Trait_Desc	2	active_duration		seconds	unresolved(Required checklist field has no established owning runtime property/code path)	Hypothetical formatter baseline: DMG=10; HEALING=10; AP=0; no talents or objects; gameplay level unspecified; resource/form/hold/switch conditions preserved	unresolved	Formatter/configuration decoding only; engine-fed operands and runtime branches preserved. Required checklist field has no established owning runtime property/code path Blocked: Required checklist field has no established owning runtime property/code path	EntitySettings/Heroes/Hero_Snow_Queen!Hero_Snow_Queen.entity.ot.EntitySettingsResource.gen	active_duration						
Trait	Base	Ice Crown	Hero_Snow_Queen_Common.LangEN.tsv	Ability_Trait_Desc	2	resource_cost		resource	unresolved(Required checklist field has no established owning runtime property/code path)	Hypothetical formatter baseline: DMG=10; HEALING=10; AP=0; no talents or objects; gameplay level unspecified; resource/form/hold/switch conditions preserved	unresolved	Formatter/configuration decoding only; engine-fed operands and runtime branches preserved. Required checklist field has no established owning runtime property/code path Blocked: Required checklist field has no established owning runtime property/code path	EntitySettings/Heroes/Hero_Snow_Queen!Hero_Snow_Queen.entity.ot.EntitySettingsResource.gen	resource_cost						
Attack	Base	Ice Lances	Hero_Snow_Queen_Common.LangEN.tsv	Ability_Attack_Desc	4	hit_count		hits	unresolved(Required checklist field has no established owning runtime property/code path)	Hypothetical formatter baseline: DMG=10; HEALING=10; AP=0; no talents or objects; gameplay level unspecified; resource/form/hold/switch conditions preserved	unresolved	Formatter/configuration decoding only; engine-fed operands and runtime branches preserved. Required checklist field has no established owning runtime property/code path Blocked: Required checklist field has no established owning runtime property/code path	EntitySettings/Heroes/Hero_Snow_Queen!Hero_Snow_Queen.entity.ot.EntitySettingsResource.gen	hit_count						
Attack	Base	Ice Lances	Hero_Snow_Queen_Common.LangEN.tsv	Ability_Attack_Desc	4	hit_damage_sequence		damage	unresolved(Required checklist field has no established owning runtime property/code path)	Hypothetical formatter baseline: DMG=10; HEALING=10; AP=0; no talents or objects; gameplay level unspecified; resource/form/hold/switch conditions preserved	unresolved	Formatter/configuration decoding only; engine-fed operands and runtime branches preserved. Required checklist field has no established owning runtime property/code path Blocked: Required checklist field has no established owning runtime property/code path	EntitySettings/Heroes/Hero_Snow_Queen!Hero_Snow_Queen.entity.ot.EntitySettingsResource.gen	hit_damage_sequence						
Attack	Base	Ice Lances	Hero_Snow_Queen_Common.LangEN.tsv	Ability_Attack_Desc	4	attack_timing		seconds	unresolved(Required checklist field has no established owning runtime property/code path)	Hypothetical formatter baseline: DMG=10; HEALING=10; AP=0; no talents or objects; gameplay level unspecified; resource/form/hold/switch conditions preserved	unresolved	Formatter/configuration decoding only; engine-fed operands and runtime branches preserved. Required checklist field has no established owning runtime property/code path Blocked: Required checklist field has no established owning runtime property/code path	EntitySettings/Heroes/Hero_Snow_Queen!Hero_Snow_Queen.entity.ot.EntitySettingsResource.gen	attack_timing						
Power	Base	Frost Blast	Hero_Snow_Queen_Common.LangEN.tsv	Ability_Power_Desc	6	active_duration		seconds	unresolved(Required checklist field has no established owning runtime property/code path)	Hypothetical formatter baseline: DMG=10; HEALING=10; AP=0; no talents or objects; gameplay level unspecified; resource/form/hold/switch conditions preserved	unresolved	Formatter/configuration decoding only; engine-fed operands and runtime branches preserved. Required checklist field has no established owning runtime property/code path Blocked: Required checklist field has no established owning runtime property/code path	EntitySettings/Heroes/Hero_Snow_Queen!Hero_Snow_Queen.entity.ot.EntitySettingsResource.gen	active_duration						
Power	Base	Frost Blast	Hero_Snow_Queen_Common.LangEN.tsv	Ability_Power_Desc	6	resource_cost		resource	unresolved(Required checklist field has no established owning runtime property/code path)	Hypothetical formatter baseline: DMG=10; HEALING=10; AP=0; no talents or objects; gameplay level unspecified; resource/form/hold/switch conditions preserved	unresolved	Formatter/configuration decoding only; engine-fed operands and runtime branches preserved. Required checklist field has no established owning runtime property/code path Blocked: Required checklist field has no established owning runtime property/code path	EntitySettings/Heroes/Hero_Snow_Queen!Hero_Snow_Queen.entity.ot.EntitySettingsResource.gen	resource_cost						
Special	Base	Ice Shards	Hero_Snow_Queen_Common.LangEN.tsv	Ability_Special_Desc	8	active_duration		seconds	unresolved(Required checklist field has no established owning runtime property/code path)	Hypothetical formatter baseline: DMG=10; HEALING=10; AP=0; no talents or objects; gameplay level unspecified; resource/form/hold/switch conditions preserved	unresolved	Formatter/configuration decoding only; engine-fed operands and runtime branches preserved. Required checklist field has no established owning runtime property/code path Blocked: Required checklist field has no established owning runtime property/code path	EntitySettings/Heroes/Hero_Snow_Queen!Hero_Snow_Queen.entity.ot.EntitySettingsResource.gen	active_duration						
Special	Base	Ice Shards	Hero_Snow_Queen_Common.LangEN.tsv	Ability_Special_Desc	8	resource_cost		resource	unresolved(Required checklist field has no established owning runtime property/code path)	Hypothetical formatter baseline: DMG=10; HEALING=10; AP=0; no talents or objects; gameplay level unspecified; resource/form/hold/switch conditions preserved	unresolved	Formatter/configuration decoding only; engine-fed operands and runtime branches preserved. Required checklist field has no established owning runtime property/code path Blocked: Required checklist field has no established owning runtime property/code path	EntitySettings/Heroes/Hero_Snow_Queen!Hero_Snow_Queen.entity.ot.EntitySettingsResource.gen	resource_cost						
Defense	Base	Ice Skating	Hero_Snow_Queen_Common.LangEN.tsv	Ability_Defense_Desc	10	active_duration		seconds	unresolved(Required checklist field has no established owning runtime property/code path)	Hypothetical formatter baseline: DMG=10; HEALING=10; AP=0; no talents or objects; gameplay level unspecified; resource/form/hold/switch conditions preserved	unresolved	Formatter/configuration decoding only; engine-fed operands and runtime branches preserved. Required checklist field has no established owning runtime property/code path Blocked: Required checklist field has no established owning runtime property/code path	EntitySettings/Heroes/Hero_Snow_Queen!Hero_Snow_Queen.entity.ot.EntitySettingsResource.gen	active_duration						
Defense	Base	Ice Skating	Hero_Snow_Queen_Common.LangEN.tsv	Ability_Defense_Desc	10	resource_cost		resource	unresolved(Required checklist field has no established owning runtime property/code path)	Hypothetical formatter baseline: DMG=10; HEALING=10; AP=0; no talents or objects; gameplay level unspecified; resource/form/hold/switch conditions preserved	unresolved	Formatter/configuration decoding only; engine-fed operands and runtime branches preserved. Required checklist field has no established owning runtime property/code path Blocked: Required checklist field has no established owning runtime property/code path	EntitySettings/Heroes/Hero_Snow_Queen!Hero_Snow_Queen.entity.ot.EntitySettingsResource.gen	resource_cost						
Ultimate 1	Base	Frost Ray	Hero_Snow_Queen_Common.LangEN.tsv	Ability_Ultimate_1_Desc	12	active_duration		seconds	unresolved(Required checklist field has no established owning runtime property/code path)	Hypothetical formatter baseline: DMG=10; HEALING=10; AP=0; no talents or objects; gameplay level unspecified; resource/form/hold/switch conditions preserved	unresolved	Formatter/configuration decoding only; engine-fed operands and runtime branches preserved. Required checklist field has no established owning runtime property/code path Blocked: Required checklist field has no established owning runtime property/code path	EntitySettings/Heroes/Hero_Snow_Queen!Hero_Snow_Queen.entity.ot.EntitySettingsResource.gen	active_duration						
Ultimate 1	Base	Frost Ray	Hero_Snow_Queen_Common.LangEN.tsv	Ability_Ultimate_1_Desc	12	resource_cost		resource	unresolved(Required checklist field has no established owning runtime property/code path)	Hypothetical formatter baseline: DMG=10; HEALING=10; AP=0; no talents or objects; gameplay level unspecified; resource/form/hold/switch conditions preserved	unresolved	Formatter/configuration decoding only; engine-fed operands and runtime branches preserved. Required checklist field has no established owning runtime property/code path Blocked: Required checklist field has no established owning runtime property/code path	EntitySettings/Heroes/Hero_Snow_Queen!Hero_Snow_Queen.entity.ot.EntitySettingsResource.gen	resource_cost						
Ultimate 2	Base	Snowstorm	Hero_Snow_Queen_Common.LangEN.tsv	Ability_Ultimate_2_Desc	14	active_duration		seconds	unresolved(Required checklist field has no established owning runtime property/code path)	Hypothetical formatter baseline: DMG=10; HEALING=10; AP=0; no talents or objects; gameplay level unspecified; resource/form/hold/switch conditions preserved	unresolved	Formatter/configuration decoding only; engine-fed operands and runtime branches preserved. Required checklist field has no established owning runtime property/code path Blocked: Required checklist field has no established owning runtime property/code path	EntitySettings/Heroes/Hero_Snow_Queen!Hero_Snow_Queen.entity.ot.EntitySettingsResource.gen	active_duration						
Ultimate 2	Base	Snowstorm	Hero_Snow_Queen_Common.LangEN.tsv	Ability_Ultimate_2_Desc	14	resource_cost		resource	unresolved(Required checklist field has no established owning runtime property/code path)	Hypothetical formatter baseline: DMG=10; HEALING=10; AP=0; no talents or objects; gameplay level unspecified; resource/form/hold/switch conditions preserved	unresolved	Formatter/configuration decoding only; engine-fed operands and runtime branches preserved. Required checklist field has no established owning runtime property/code path Blocked: Required checklist field has no established owning runtime property/code path	EntitySettings/Heroes/Hero_Snow_Queen!Hero_Snow_Queen.entity.ot.EntitySettingsResource.gen	resource_cost						
Defense	Base	Ice Skating	Hero_Snow_Queen_Common.LangEN.tsv	Ability_Defense_Desc	10	movement_speed_bonus		percent	unresolved(Explicit checklist field: activation/timing/scaling/cost code path not established)	Hypothetical formatter baseline: DMG=10; HEALING=10; AP=0; no talents or objects; gameplay level unspecified; resource/form/hold/switch conditions preserved	unresolved	Formatter/configuration decoding only; engine-fed operands and runtime branches preserved. Explicit checklist field: activation/timing/scaling/cost code path not established Blocked: Explicit checklist field: activation/timing/scaling/cost code path not established	EntitySettings/Heroes/Hero_Snow_Queen!Hero_Snow_Queen.entity.ot.EntitySettingsResource.gen	Defensive Ability Controller	Hero_Snow_Queen -> Defensive Ability Controller -> Cooldown					
Defense	Base	Ice Skating	Hero_Snow_Queen_Common.LangEN.tsv	Ability_Defense_Desc	10	frost_duration		seconds	unresolved(Explicit checklist field: activation/timing/scaling/cost code path not established)	Hypothetical formatter baseline: DMG=10; HEALING=10; AP=0; no talents or objects; gameplay level unspecified; resource/form/hold/switch conditions preserved	unresolved	Formatter/configuration decoding only; engine-fed operands and runtime branches preserved. Explicit checklist field: activation/timing/scaling/cost code path not established Blocked: Explicit checklist field: activation/timing/scaling/cost code path not established	EntitySettings/Heroes/Hero_Snow_Queen!Hero_Snow_Queen.entity.ot.EntitySettingsResource.gen	Defensive Ability Controller	Hero_Snow_Queen -> Defensive Ability Controller -> Cooldown					
Ultimate 1	Base	Frost Ray	Hero_Snow_Queen_Common.LangEN.tsv	Ability_Ultimate_1_Desc	12	channel_duration_limit		seconds	unresolved(Explicit checklist field: activation/timing/scaling/cost code path not established)	Hypothetical formatter baseline: DMG=10; HEALING=10; AP=0; no talents or objects; gameplay level unspecified; resource/form/hold/switch conditions preserved	unresolved	Formatter/configuration decoding only; engine-fed operands and runtime branches preserved. Explicit checklist field: activation/timing/scaling/cost code path not established Blocked: Explicit checklist field: activation/timing/scaling/cost code path not established	EntitySettings/Heroes/Hero_Snow_Queen!Hero_Snow_Queen.entity.ot.EntitySettingsResource.gen	Ultimate Power 1 Controller	Hero_Snow_Queen -> Ultimate Power 1 Controller -> Cooldown					
Special	Base	Ice Shards	Hero_Snow_Queen_Common.LangEN.tsv	Ability_Special_Desc	8	shard_count		shards	unresolved(Explicit checklist field: activation/timing/scaling/cost code path not established)	Hypothetical formatter baseline: DMG=10; HEALING=10; AP=0; no talents or objects; gameplay level unspecified; resource/form/hold/switch conditions preserved	unresolved	Formatter/configuration decoding only; engine-fed operands and runtime branches preserved. Explicit checklist field: activation/timing/scaling/cost code path not established Blocked: Explicit checklist field: activation/timing/scaling/cost code path not established	EntitySettings/Heroes/Hero_Snow_Queen!Hero_Snow_Queen.entity.ot.EntitySettingsResource.gen	Secondary Ability Controller	Hero_Snow_Queen -> Secondary Ability Controller -> Cooldown					
Special	Base	Ice Shards	Hero_Snow_Queen_Common.LangEN.tsv	Ability_Special_Desc	8	damage_per_shard		damage	unresolved(Explicit checklist field: activation/timing/scaling/cost code path not established)	Hypothetical formatter baseline: DMG=10; HEALING=10; AP=0; no talents or objects; gameplay level unspecified; resource/form/hold/switch conditions preserved	unresolved	Formatter/configuration decoding only; engine-fed operands and runtime branches preserved. Explicit checklist field: activation/timing/scaling/cost code path not established Blocked: Explicit checklist field: activation/timing/scaling/cost code path not established	EntitySettings/Heroes/Hero_Snow_Queen!Hero_Snow_Queen.entity.ot.EntitySettingsResource.gen	Secondary Ability Controller	Hero_Snow_Queen -> Secondary Ability Controller -> Cooldown					
Dash	Base	Dash	Common.LangEN.tsv	Ability_Dash_Desc	21	active_duration	0.25	seconds	Dash Ability Active Duration Selector{[State] Hero_Snow_Queen\Skill Dash Frost\Skill Dash Frost => 0.3499999940395355; True => 0.25}	Hypothetical formatter baseline: DMG=10; HEALING=10; AP=0; no talents or objects; gameplay level unspecified; resource/form/hold/switch conditions preserved	decoded-baseline	Formatter/configuration decoding only; engine-fed operands and runtime branches preserved. Shared timer plus hero GUID overrides; intangible state transition outside timer not assumed	EntitySettings\Heroes\Hero_Common!Hero_Common.entity.ot.EntitySettingsResource.gen; EntitySettings\Heroes\Hero_Snow_Queen!Hero_Snow_Queen.entity.ot.EntitySettingsResource.gen	Dash Ability Active Timer duration	EntitySettings\Heroes\Hero_Common!Hero_Common.entity.ot.EntitySettingsResource.gen@0xff98 -> EntitySettings\Heroes\Hero_Snow_Queen!Hero_Snow_Queen.entity.ot.EntitySettingsResource.gen@0x7cca7 -> EntitySettings\Heroes\Hero_Snow_Queen!Hero_Snow_Queen.entity.ot.EntitySettingsResource.gen@0x1b5b2 -> EntitySettings\Heroes\Hero_Snow_Queen!Hero_Snow_Queen.entity.ot.EntitySettingsResource.gen@0x90fe8 -> EntitySettings\Heroes\Hero_Common!Hero_Common.entity.ot.EntitySettingsResource.gen@0xda4aa					
