# source_table	Beowulf numerical talents
# rows	26
# snapshot_id	2026-10-05-talents-verified
# status	Verified numerical talent table; in-game compendium and datamined verified 2026-10-05.
# baseline	Character damage/healing basis 10, no added ability modifiers; slash values use Common/Rare/Epic/Legendary order.
# source_version	Verified against live game build compendium.
roster_order	name_key	name_row	desc_key	desc_row	name	controller	effect_en	notes	tooltip_component	tooltip_offset	tooltip_arguments_json	wiki_icon_filename
21	Skill_Trait_Battlecry_Name	27	Skill_Trait_Battlecry_Desc	28	Battle Cry	Skill Controller Trait Battlecry	Activating TRAIT clears POWER cooldown for all Heroes in the area and gives them a 12 / 15 / 18 / 21 SHIELD for 6 seconds		Skill String Desc Trait Battlecry	0x63583	"[{""kind"":0,""format"":2,""value"":{""operation"":""Skill Trait Battlecry Shield Operation"",""offset"":""0x483bb"",""operator"":""0x17b29be2"",""children"":[{""selector"":""Level Healing Selector"",""offset"":""0x571a5"",""entries"":[[""0xfd2833c"",{""class"":""oCDtEntityCpntCharacterControllerSettings"",""name"":""Character Controller"",""property"":""0x1b4416d9"",""fallback"":{""type"":0,""value"":10.0,""offset"":""0x57319""}}],[{""type"":2,""value"":true,""offset"":""0x5734a""},10.0]]},{""selector"":""Skill Trait Battlecry Shield Value Selector"",""offset"":""0x92830"",""entries"":[[""0x15fc6bf9"",2.0999999046325684],[""0x15fc6bf1"",1.7999999523162842],[""0x15fc6bf7"",1.5],[{""type"":2,""value"":true,""offset"":""0x92b2a""},1.2000000476837158]]}]}},{""kind"":0,""format"":0,""value"":6.0}]"	Beowulf Battle Cry talent icon.png
2	Skill_Attack_Speed_Name	29	Skill_Attack_Speed_Desc	30	Blademaster	Skill Controller Attack Speed	After each TRAIT activation, next 3 ATTACKS gain +100% Crit Chance\nPermanently gain +10 / 12 / 14 / 16% ATTACK speed		Skill String Desc Attack Speed	0x60fdf	"[{""kind"":1,""format"":2,""value"":3},{""kind"":0,""format"":1,""value"":1.0},{""kind"":0,""format"":1,""value"":{""selector"":""Skill Attack Speed Selector"",""offset"":""0x8dbaf"",""entries"":[[""0x15fc6bf9"",0.1599999964237213],[""0x15fc6bf1"",0.14000000059604645],[""0x15fc6bf7"",0.11999999731779099],[{""type"":2,""value"":true,""offset"":""0x8de8d""},0.10000000149011612]]}}]"	Beowulf Blademaster talent icon.png
11	Skill_Special_Loop_Name	47	Skill_Special_Loop_Desc	48	Bladestorm	Skill Controller Special Loop	Special performs 2 / 3 / 4 / 5 additional spins for 100% damage each		Skill String Desc Special Loop	0x62ce7	"[{""kind"":0,""format"":2,""value"":{""selector"":""Skill Special Loop Count Selector"",""offset"":""0x912c8"",""entries"":[[""0x15fc6bf9"",5.0],[""0x15fc6bf1"",4.0],[""0x15fc6bf7"",3.0],[{""type"":2,""value"":true,""offset"":""0x915ac""},2.0]]}},{""kind"":0,""format"":1,""value"":{""selector"":""Skill Special Loop Damage Multiplier Selector"",""offset"":""0x91847"",""entries"":[[{""type"":2,""value"":true,""offset"":""0x918fa""},1.0],[""0x15fc6bf9"",0.6000000238418579],[""0x15fc6bf1"",0.699999988079071],[""0x15fc6bf7"",0.800000011920929]]}}]"	Beowulf Bladestorm talent icon.png
1	Skill_Attack_Special_Crit_Name	39	Skill_Attack_Special_Crit_Desc	40	Blazing Runes	Skill Controller Attack Special Crit	ATTACK and SPECIAL gain +40 / 50 / 60 / 70% Crit Chance against IGNITED enemies		Skill String Desc Attack Special Crit	0x60e35	"[{""kind"":0,""format"":1,""value"":{""selector"":""Skill Attack Special CC Selector"",""offset"":""0x8cb44"",""entries"":[[""0x15fc6bf9"",0.699999988079071],[""0x15fc6bf1"",0.6000000238418579],[""0x15fc6bf7"",0.5],[{""type"":2,""value"":true,""offset"":""0x8ce43""},0.4000000059604645]]}}]"	Beowulf Blazing Runes talent icon.png
24	Skill_Attack_Fire_Cone_Name	37	Skill_Attack_Fire_Cone_Desc	38	Breath of Fire	Skill Controller Attack Fire Cone	Wyrm breathes a cone of fire during ATTACK finisher, dealing 200 / 250 / 300 / 350% damage and applying IGNITE to enemies hit		Skill String Desc Attack Fire Cone	0x60a32	"[{""kind"":0,""format"":1,""value"":{""selector"":""Skill Attack Fire Cone Value Selector"",""offset"":""0x8c497"",""entries"":[[""0x15fc6bf9"",3.5],[""0x15fc6bf1"",3.0],[""0x15fc6bf7"",2.5],[{""type"":2,""value"":true,""offset"":""0x8c78f""},2.0]]}}]"	Beowulf Breath of Fire talent icon.png
8	Skill_Power_Double_Name	41	Skill_Power_Double_Desc	42	Double Shock	Skill Controller Power Double	POWER sends out two successive shockwaves, each one dealing -30 / 25 / 20 / 15% damage		Skill String Desc Power Double	0x627f0	"[{""kind"":0,""format"":1,""value"":{""selector"":""Skill Power Double Damage Multiplier Decrease Selector"",""offset"":""0x908db"",""entries"":[[""0x15fc6bf9"",-0.15000000596046448],[""0x15fc6bf1"",-0.20000000298023224],[""0x15fc6bf7"",-0.25],[{""type"":2,""value"":true,""offset"":""0x90bd4""},-0.30000001192092896]]}}]"	Beowulf Double Shock talent icon.png
14	Skill_Trait_Quest_Name	23	Skill_Trait_Quest_Desc	24	Draconic Binds	Skill Controller Trait Quest	Quest (x20): Hit at least 2 enemies with a single Wyrm ability to earn +0.5 DMG\nComplete: Reduces Trait cooldown by 20 / 25 / 30 / 35% and increases Wyrm ability damage by 10 / 12.5 / 15 / 17.5%		Skill String Desc Trait Quest	0x637de	"[{""kind"":1,""format"":0,""value"":{""selector"":""Skill Trait Quest Count Selector"",""offset"":""0x9322e"",""entries"":[[{""type"":2,""value"":true,""offset"":""0x932d3""},20],[""0x15fc6bf9"",32],[""0x15fc6bf1"",28],[""0x15fc6bf7"",24]]}},{""kind"":1,""format"":1,""value"":2},{""kind"":0,""format"":0,""value"":0.5},{""kind"":0,""format"":1,""value"":{""selector"":""Skill Trait Quest Complete CD Reduction Selector"",""offset"":""0x92b84"",""entries"":[[{""type"":2,""value"":true,""offset"":""0x92c39""},0.25]]}},{""kind"":0,""format"":1,""value"":{""selector"":""Skill Trait Quest Complete Empowered AP Selector"",""offset"":""0x92ee5"",""entries"":[[""0x15fc6bf9"",0.25],[""0x15fc6bf1"",0.20000000298023224],[""0x15fc6bf7"",0.15000000596046448],[{""type"":2,""value"":true,""offset"":""0x931d4""},0.10000000149011612]]}}]"	Beowulf Draconic Binds talent icon.png
9	Skill_Power_End_AOE_Name	45	Skill_Power_End_AOE_Desc	46	Eruption	Skill Controller Power End AOE	POWER's shockwaves explode at the end and deal 60 / 75 / 90 / 105% additional damage all around		Skill String Desc Power End AOE	0x6299b	"[{""kind"":0,""format"":1,""value"":{""selector"":""Skill Power End AOE Damage Multiplier Selector"",""offset"":""0x90c2e"",""entries"":[[""0x15fc6bf9"",1.0499999523162842],[""0x15fc6bf1"",0.8999999761581421],[""0x15fc6bf7"",0.75],[{""type"":2,""value"":true,""offset"":""0x90f23""},0.6000000238418579]]}}]"	Beowulf Eruption talent icon.png
7	Skill_Passive_Ignite_Explosion_Name	19	Skill_Passive_Ignite_Explosion_Desc	20	Explosive Fire	Skill Controller Passive Ignite Explosion	IGNITED enemies explode when they die, dealing 20 / 25 / 30 / 35 damage and applying IGNITE to all nearby enemies		Skill String Desc Passive Ignite Explosion Desc	0x62611	"[{""kind"":0,""format"":2,""value"":{""operation"":""Skill Passive Ignite Explosion Supposed Damage Operation"",""offset"":""0x479e4"",""operator"":""0x17b29be2"",""children"":[{""class"":""oCDtEntityCpntCharacterControllerSettings"",""name"":""Character Controller"",""property"":""0x15879235"",""fallback"":{""type"":0,""value"":0.0,""offset"":""0x47b1f""}},{""selector"":""Skill Passive Ignite Explosion Damage Multiplier Selector"",""offset"":""0x902d6"",""entries"":[[""0x15fc6bf9"",3.5],[""0x15fc6bf1"",3.0],[""0x15fc6bf7"",2.5],[{""type"":2,""value"":true,""offset"":""0x90602""},2.0]]},{""operation"":""Trait Ability AP Multiplier Operation"",""offset"":""0x8fa2e"",""operator"":""0x17af9527"",""children"":[1.0,{""class"":""oCDtEntityCpntCharacterControllerSettings"",""name"":""Character Controller"",""property"":""0x174118ae"",""fallback"":{""type"":0,""value"":0.0,""offset"":""0x59cb7""}},{""class"":""oCEntityCpntModifierListenerSettings"",""name"":""Trait Ability AP Modifier Listener"",""property"":""0x15a57291"",""fallback"":{""type"":0,""value"":0.0,""offset"":""0x8fbe4""}}]}]}}]"	Beowulf Explosive Fire talent icon.png
12	Skill_Special_Multi_Shock_Name	49	Skill_Special_Multi_Shock_Desc	50	Fiery Seismo	Skill Controller Special Multi Shock	Wyrm SPECIAL's finisher strikes 3 times with a growing radius for 45 / 50 / 55 / 60% damage each		Skill String Desc Special Multi Shock	0x62f39	"[{""kind"":1,""format"":2,""value"":3},{""kind"":0,""format"":1,""value"":{""selector"":""Skill Special Multi Shock Damage Multiplier Selector"",""offset"":""0x91b91"",""entries"":[[""0x15fc6bf9"",0.6000000238418579],[""0x15fc6bf1"",0.550000011920929],[""0x15fc6bf7"",0.5],[{""type"":2,""value"":true,""offset"":""0x91ea4""},0.44999998807907104]]}}]"	Beowulf Fiery Seismo talent icon.png
18	Skill_Dash_Attack_Name	21	Skill_Dash_Attack_Desc	22	Fiery Slash	Skill Controller Dash Attack	ATTACK triggered right after DASH deals 400 / 500 / 600 / 700% damage and applies IGNITE to enemies		Skill String Desc Dash Attack	0x6143b	"[{""kind"":0,""format"":1,""value"":{""selector"":""Skill Dash Attack Extra Damage Multiplier Value Selector"",""offset"":""0x8e21d"",""entries"":[[""0x15fc6bf9"",7.0],[""0x15fc6bf1"",6.0],[""0x15fc6bf7"",5.0],[{""type"":2,""value"":true,""offset"":""0x8e514""},4.0]]}}]"	Beowulf Fiery Slash talent icon.png
13	Skill_Trait_AOE_Name	25	Skill_Trait_AOE_Desc	26	Fire Wings	Skill Controller Trait AOE	Activating TRAIT deals 30 / 35 / 40 / 45 damage all around and applies IGNITE to all enemies hit		Skill String Desc Trait AOE	0x633e5	"[{""kind"":0,""format"":2,""value"":{""operation"":""Skill Trait AOE Supposed Damage Operation"",""offset"":""0x4813e"",""operator"":""0x17b29be2"",""children"":[{""class"":""oCDtEntityCpntCharacterControllerSettings"",""name"":""Character Controller"",""property"":""0x15879235"",""fallback"":{""type"":0,""value"":0.0,""offset"":""0x4825b""}},{""selector"":""Skill Trait AOE Damage Multiplier Selector"",""offset"":""0x924f5"",""entries"":[[""0x15fc6bf9"",4.5],[""0x15fc6bf1"",4.0],[""0x15fc6bf7"",3.5],[{""type"":2,""value"":true,""offset"":""0x927d6""},3.0]]},{""operation"":""Trait Ability AP Multiplier Operation"",""offset"":""0x8fa2e"",""operator"":""0x17af9527"",""children"":[1.0,{""class"":""oCDtEntityCpntCharacterControllerSettings"",""name"":""Character Controller"",""property"":""0x174118ae"",""fallback"":{""type"":0,""value"":0.0,""offset"":""0x59cb7""}},{""class"":""oCEntityCpntModifierListenerSettings"",""name"":""Trait Ability AP Modifier Listener"",""property"":""0x15a57291"",""fallback"":{""type"":0,""value"":0.0,""offset"":""0x8fbe4""}}]}]}}]"	Beowulf Fire Wings talent icon.png
28	Skill_Ultimate_2_Upgrade_Fireball_Dash_Name	73	Skill_Ultimate_2_Upgrade_Fireball_Dash_Desc	74	Fireball	Skill Controller Ultimate 2 Upgrade 2	In Combat, DASH makes the Wyrm throw a Fireball towards a close enemy, dealing 40 / 50 / 60 / 70 area damage		Skill String Desc Ultimate 2 Fireball Dash	0x63e49	"[{""kind"":3452816640,""format"":2,""value"":{""operation"":""Skill Ultimate 2 Fireball Dash Supposed Damage Operations"",""offset"":""0x48b1f"",""operator"":""0x17b29be2"",""children"":[{""selector"":""Level Damage Selector"",""offset"":""0x56f54"",""entries"":[[""0xfd2833c"",{""class"":""oCDtEntityCpntCharacterControllerSettings"",""name"":""Character Controller"",""property"":""0x15879235"",""fallback"":{""type"":0,""value"":10.0,""offset"":""0x570c7""}}],[{""type"":2,""value"":true,""offset"":""0x570f8""},10.0]]},{""operation"":""Ultimate AP Multiplier Operation"",""offset"":""0x8fbf8"",""operator"":""0x17af9527"",""children"":[1.0,{""class"":""oCDtEntityCpntCharacterControllerSettings"",""name"":""Character Controller"",""property"":""0x174118ae"",""fallback"":{""type"":0,""value"":0.0,""offset"":""0x59cb7""}},{""class"":""oCEntityCpntModifierListenerSettings"",""name"":""Ultimate AP Modifier Listener"",""property"":""0x15a57291"",""fallback"":{""type"":0,""value"":0.0,""offset"":""0x8fda4""}}]},{""selector"":""Skill Ultimate 2 Fireball Dash Damage Multiplier Selector"",""offset"":""0x944aa"",""entries"":[[""0x15fc6bf9"",7.0],[""0x15fc6bf1"",6.0],[""0x15fc6bf7"",5.0],[{""type"":2,""value"":true,""offset"":""0x947ca""},4.0]]}]}}]"	Beowulf Fireball talent icon.png
22	Skill_Attack_After_Special_Name	35	Skill_Attack_After_Special_Desc	36	Furious Blows	Skill Controller Attack After Special	After a SPECIAL, the next ATTACK triggers a series of 3 strikes dealing 100 / 125 / 150 / 175% damage each\nIf the SPECIAL was reinforced by the Wyrm, the attacks apply an IGNITE status to enemies and inflict +50% damage		Skill String Desc Attack After Special	0x60794	"[{""kind"":1,""format"":0,""value"":3},{""kind"":0,""format"":1,""value"":{""selector"":""Skill Attack After Special Damage Multiplier Selector"",""offset"":""0x8bc33"",""entries"":[[""0x15fc6bf9"",1.75],[""0x15fc6bf1"",1.5],[""0x15fc6bf7"",1.25],[{""type"":2,""value"":true,""offset"":""0x8bf4b""},1.0]]}},{""kind"":0,""format"":1,""value"":0.5}]"	Beowulf Furious Blows talent icon.png
6	Skill_Passive_Better_Ignite_Name	15	Skill_Passive_Better_Ignite_Desc	16	Furnace	Skill Controller Passive Better Ignite	IGNITE effects last 2 more seconds and deal +32 / 40 / 48 / 56% damage		Skill String Desc Passive Better Ignite	0x623a1	"[{""kind"":0,""format"":0,""value"":2.0},{""kind"":0,""format"":1,""value"":{""selector"":""Skill Passive Better Ignite AP Selector"",""offset"":""0x8ff6e"",""entries"":[[""0x15fc6bf9"",0.5600000023841858],[""0x15fc6bf1"",0.47999998927116394],[""0x15fc6bf7"",0.4000000059604645],[{""type"":2,""value"":true,""offset"":""0x9027c""},0.3199999928474426]]}}]"	Beowulf Furnace talent icon.png
3	Skill_Attack_Wide_Name	31	Skill_Attack_Wide_Desc	32	Heavy Strikes	Skill Controller Attack Wide	ATTACK is slower but cleaves across a wide area and deals +50 / 60 / 70 / 80% damage		Skill String Desc Attack Wide	0x612ac	"[{""kind"":0,""format"":1,""value"":{""selector"":""Skill Attack Wide AP Selector"",""offset"":""0x8dee7"",""entries"":[[""0x15fc6bf9"",0.800000011920929],[""0x15fc6bf1"",0.699999988079071],[""0x15fc6bf7"",0.6000000238418579],[{""type"":2,""value"":true,""offset"":""0x8e1c3""},0.5]]}}]"	Beowulf Heavy Strikes talent icon.png
25	Skill_Ultimate_1_Upgrade_Immolation_Name	67	Skill_Ultimate_1_Upgrade_Immolation_Desc	68	Immolation	Skill Controller Utimate 1 Immolation	During ULTIMATE, Beowulf deals 40 / 50 / 60 / 70 damage per second to nearby enemies, and all abilities function as if they were Wyrm Empowered		Skill String Desc Utimate 1 Immolation	0x645b7	"[{""kind"":5,""format"":0,""value"":{""raw"":""000000000300000004000000546578741b0000004865726f5f42656f77756c665f436f6d6d6f6e7e47414d2e786c7300000000090000004865726f5f4e616d65"",""strings"":[[411363,""Text""],[411371,""Hero_Beowulf_Common~GAM.xls""],[411406,""Hero_Name""]]}},{""kind"":1041864960,""format"":2,""value"":{""operation"":""Skill Ultimate 1 Immolation Supposed Damage Operation"",""offset"":""0x48695"",""operator"":""0x17b29be2"",""children"":[{""class"":""oCDtEntityCpntCharacterControllerSettings"",""name"":""Character Controller"",""property"":""0x15879235"",""fallback"":{""type"":0,""value"":0.0,""offset"":""0x487ca""}},{""operation"":""Ultimate AP Multiplier Operation"",""offset"":""0x8fbf8"",""operator"":""0x17af9527"",""children"":[1.0,{""class"":""oCDtEntityCpntCharacterControllerSettings"",""name"":""Character Controller"",""property"":""0x174118ae"",""fallback"":{""type"":0,""value"":0.0,""offset"":""0x59cb7""}},{""class"":""oCEntityCpntModifierListenerSettings"",""name"":""Ultimate AP Modifier Listener"",""property"":""0x15a57291"",""fallback"":{""type"":0,""value"":0.0,""offset"":""0x8fda4""}}]},{""class"":""oCEntityCpntValueSelectorSettings"",""name"":""Skill Ultimate 1 Immolation Damage Multiplier Selector"",""property"":""0xfd2c964"",""fallback"":{""type"":0,""value"":0.0,""offset"":""0x488b9""}}]}}]"	Beowulf Immolation talent icon.png
5	Skill_Defense_Quest_Name	53	Skill_Defense_Quest_Desc	54	Rampart	Skill Controller Defense Quest	Quest (x20): blocking at least one attack during Defense grants +1 Armor\nComplete: Wyrm Defense heals 50 / 60 / 70 / 80% more in a larger radius		Skill String Desc Defense Quest	0x61eda	"[{""kind"":1,""format"":0,""value"":{""selector"":""Skill Defensive Quest Count Selector"",""offset"":""0x8f30f"",""entries"":[[{""type"":2,""value"":true,""offset"":""0x8f3bc""},20],[""0x15fc6bf9"",35],[""0x15fc6bf1"",30],[""0x15fc6bf7"",25]]}},{""kind"":0,""format"":0,""value"":1.0},{""kind"":0,""format"":1,""value"":{""selector"":""Skill Defensive Quest Healing Multiplier Selector"",""offset"":""0x8f8b4"",""entries"":[[""0x15fc6bf9"",0.800000011920929],[""0x15fc6bf1"",0.699999988079071],[""0x15fc6bf7"",0.6000000238418579],[{""type"":2,""value"":true,""offset"":""0x8fbae""},0.5]]}}]"	Beowulf Rampart talent icon.png
17	Skill_Attack_Flurry_Name	33	Skill_Attack_Flurry_Desc	34	Retaliation	Skill Controller Attack Flurry	After using DEFENSE, the next ATTACK within 2 seconds triggers a two-strike retaliation, with each one dealing 360 / 450 / 540 / 630% damage		Skill String Desc Attack Flurry	0x60bd8	"[{""kind"":0,""format"":0,""value"":2.0},{""kind"":0,""format"":1,""value"":{""selector"":""Skill Attack Flurry Extra Damage Multiplier Value Selector"",""offset"":""0x8c7e9"",""entries"":[[""0x15fc6bf9"",6.300000190734863],[""0x15fc6bf1"",5.400000095367432],[""0x15fc6bf7"",4.5],[{""type"":2,""value"":true,""offset"":""0x8caea""},3.5999999046325684]]}}]"	Beowulf Retaliation talent icon.png
23	Skill_Defense_Damage_Aura_Name	61	Skill_Defense_Damage_Aura_Desc	62	Runes of War	Skill Controller Defense Damage Aura	After hitting an enemy with DEFENSE, runes appear around Beowulf dealing 16 / 20 / 24 / 28 area damage per second for 5 seconds		Skill String Desc Defense Damage Aura	0x619eb	"[{""kind"":5,""format"":0,""value"":{""raw"":""000000000300000004000000546578741b0000004865726f5f42656f77756c665f436f6d6d6f6e7e47414d2e786c7300000000090000004865726f5f4e616d65"",""strings"":[[400140,""Text""],[400148,""Hero_Beowulf_Common~GAM.xls""],[400183,""Hero_Name""]]}},{""kind"":0,""format"":2,""value"":{""operation"":""Skill Defense Damage Aura Supposed DPS Operation"",""offset"":""0x475cb"",""operator"":""0x17b29be2"",""children"":[{""class"":""oCDtEntityCpntCharacterControllerSettings"",""name"":""Character Controller"",""property"":""0x15879235"",""fallback"":{""type"":0,""value"":0.0,""offset"":""0x476f9""}},{""class"":""oCEntityCpntValueSelectorSettings"",""name"":""Skill Defense Damage Aura Damage Multiplier Selector"",""property"":""0xfd2c964"",""fallback"":{""type"":0,""value"":0.0,""offset"":""0x4774b""}},{""operation"":""Defensive Ability AP Multiplier Operation"",""offset"":""0x8dbe8"",""operator"":""0x17af9527"",""children"":[1.0,{""class"":""oCDtEntityCpntCharacterControllerSettings"",""name"":""Character Controller"",""property"":""0x174118ae"",""fallback"":{""type"":0,""value"":0.0,""offset"":""0x59cb7""}},{""class"":""oCEntityCpntModifierListenerSettings"",""name"":""Defensive Ability AP Modifier Listener"",""property"":""0x15a57291"",""fallback"":{""type"":0,""value"":0.0,""offset"":""0x8dda6""}}]}]}},{""kind"":0,""format"":0,""value"":5.0}]"	Beowulf Runes of War talent icon.png
10	Skill_Power_Trail_Name	43	Skill_Power_Trail_Desc	44	Scorched Earth	Skill Controller Power Trail	Wyrm POWER leaves a trail of fire that deals 40 / 50 / 60 / 70 damage over time to enemies standing on it		Skill String Desc Power Trail	0x62b41	"[{""kind"":0,""format"":2,""value"":{""operation"":""Skill Power Trail Supposed Damage Operation"",""offset"":""0x47c9d"",""operator"":""0x17b29be2"",""children"":[{""class"":""oCDtEntityCpntCharacterControllerSettings"",""name"":""Character Controller"",""property"":""0x15879235"",""fallback"":{""type"":0,""value"":0.0,""offset"":""0x47dbe""}},{""selector"":""Skill Power Trail Total Damage Multiplier Selector"",""offset"":""0x90f7d"",""entries"":[[""0x15fc6bf9"",7.0],[""0x15fc6bf1"",6.0],[""0x15fc6bf7"",5.0],[{""type"":2,""value"":true,""offset"":""0x9126e""},4.0]]},{""operation"":""Primary Ability AP Multiplier Operation"",""offset"":""0x8ef33"",""operator"":""0x17af9527"",""children"":[1.0,{""class"":""oCDtEntityCpntCharacterControllerSettings"",""name"":""Character Controller"",""property"":""0x174118ae"",""fallback"":{""type"":0,""value"":0.0,""offset"":""0x59cb7""}},{""class"":""oCEntityCpntModifierListenerSettings"",""name"":""Primary Ability AP Modifier Listener"",""property"":""0x15a57291"",""fallback"":{""type"":0,""value"":0.0,""offset"":""0x8f0ed""}}]}]}}]"	Beowulf Scorched Earth talent icon.png
20	Skill_Special_Sends_Power_Name	51	Skill_Special_Sends_Power_Desc	52	Secondary Tremor	Skill Controller Special Sends Power	SPECIAL sends out a Shockwave, dealing 120 / 150 / 180 / 210% of POWER damage		Skill String Desc Special Sends Power	0x631a3	"[{""kind"":5,""format"":0,""value"":{""raw"":""000000000300000004000000546578741b0000004865726f5f42656f77756c665f436f6d6d6f6e7e47414d2e786c7305000000120000004162696c6974795f506f7765725f4e616d65"",""strings"":[[406212,""Text""],[406220,""Hero_Beowulf_Common~GAM.xls""],[406255,""Ability_Power_Name""]]}},{""kind"":0,""format"":1,""value"":{""selector"":""Skill Special Sends Power Extra Damage Multiplier Selector"",""offset"":""0x92182"",""entries"":[[""0x15fc6bf9"",2.0999999046325684],[""0x15fc6bf1"",1.7999999523162842],[""0x15fc6bf7"",1.5],[{""type"":2,""value"":true,""offset"":""0x9249b""},1.2000000476837158]]}}]"	Beowulf Secondary Tremor talent icon.png
4	Skill_Defense_Dash_Name	55	Skill_Defense_Dash_Desc	56	Shield Charge	Skill Controller Defense Dash	DEFENSE makes Beowulf dash forward and deal +100 / 125 / 150 / 175% damage along the path		Skill String Desc Defense Dash	0x61cd2	"[{""kind"":5,""format"":1,""value"":{""raw"":""000000000300000004000000546578741b0000004865726f5f42656f77756c665f436f6d6d6f6e7e47414d2e786c7300000000090000004865726f5f4e616d65"",""strings"":[[400869,""Text""],[400877,""Hero_Beowulf_Common~GAM.xls""],[400912,""Hero_Name""]]}},{""kind"":0,""format"":1,""value"":{""selector"":""Skill Defense Dash AP Selector"",""offset"":""0x8efd4"",""entries"":[[""0x15fc6bf9"",1.75],[""0x15fc6bf1"",1.5],[""0x15fc6bf7"",1.25],[{""type"":2,""value"":true,""offset"":""0x8f2b5""},1.0]]}}]"	Beowulf Shield Charge talent icon.png
19	Skill_Defense_Block_Deals_Damage_Name	59	Skill_Defense_Block_Deals_Damage_Desc	60	Sparkling Shield	Skill Controller Defense Block Deals Damage	Each attack blocked during DEFENSE inflicts 120 / 150 / 180 / 210% of blocked damage to what is in front of Beowulf.		Skill String Desc Defense Block Deals Damage	0x617a8	"[{""kind"":0,""format"":1,""value"":{""selector"":""Skill Defense Block Deals Damage Ratio Selector"",""offset"":""0x8e8e3"",""entries"":[[""0x15fc6bf9"",2.0999999046325684],[""0x15fc6bf1"",1.7999999523162842],[""0x15fc6bf7"",1.5],[{""type"":2,""value"":true,""offset"":""0x8ec0d""},1.2000000476837158]]}},{""kind"":5,""format"":0,""value"":{""raw"":""000000000300000004000000546578741b0000004865726f5f42656f77756c665f436f6d6d6f6e7e47414d2e786c7300000000090000004865726f5f4e616d65"",""strings"":[[399779,""Text""],[399787,""Hero_Beowulf_Common~GAM.xls""],[399822,""Hero_Name""]]}}]"	Beowulf Sparkling Shield talent icon.png
26	Skill_Ultimate_1_Upgrade_Big_Wyrm_Name	69	Skill_Ultimate_1_Upgrade_Big_Wyrm_Desc	70	Sudden Growth	Skill Controller Ultimate 1 Upgrade 2	During ULTIMATE, the Wyrm grows and breathes fire in a wider zone, dealing +20 / 25 / 30 / 35% damage		Skill String Desc Ultimate 1 Big Wyrm	0x63c40	"[{""kind"":3452816640,""format"":1,""value"":{""selector"":""Skill Ultimate 1 Big Wyrm Additional Damage Ratio Selector"",""offset"":""0x93567"",""entries"":[[""0x15fc6bf9"",0.3499999940395355],[""0x15fc6bf1"",0.30000001192092896],[""0x15fc6bf7"",0.25],[{""type"":2,""value"":true,""offset"":""0x93883""},0.20000000298023224]]}}]"	Beowulf Sudden Growth talent icon.png
27	Skill_Ultimate_2_Upgrade_Volcanic_Name	71	Skill_Ultimate_2_Upgrade_Volcanic_Desc	72	Volcanic Rage	Skill Controller Ultimate 2 Volcanic	Each ULTIMATE fireball throws 4 / 5 / 6 / 7 fiery rocks into the surrounding area, dealing 50% damage each		Skill String Desc Ultimate 2 Volcanic	0x64075	"[{""kind"":1,""format"":2,""value"":{""selector"":""Skill Ultimate 2 Volcanic Amount Selector"",""offset"":""0x951e9"",""entries"":[[""0x15fc6bf9"",7],[""0x15fc6bf1"",6],[""0x15fc6bf7"",5],[{""type"":2,""value"":true,""offset"":""0x954f4""},4]]}},{""kind"":1056964608,""format"":1,""value"":0.5}]"	Beowulf Volcanic Rage talent icon.png
