# source_table	Hero_Aladdin_Memoirs~GAM.xls
# rows	15
# note	English sidecar, positionally paired with key table. Game markup left verbatim.
index	key	text_en
0	Aladdin_Memoir_Title	The Thief Who Married a Princess
1	Aladdin_Memoir1_Title	Chapter 1
2	Aladdin_Memoir1_Desc	My friend, let my story serve as a cautionary tale, if it should serve as one at all. \n\nLife is made of equal parts joy and sorrow; the greater the one, the deeper the other. \n\nIt's easy to forget when all is well, but the wheel of fortune turns for everyone. You cannot escape what fate has in store for you, but if you're smart, your suffering will make you stronger.\n\nI have known both famine and feast. When I married Princess Badra, life was a beautiful dream for a time. \n\nBadra. A name as soft and full as the moon itself, rounded and shapely like the figure of my beloved as she lay beside me, swathed in finest silks. \n\nHer dark-rimmed eyes shone, luminous as stars. Her teeth were like pearls, and her laughter more delightful than wine. Her perfume filled my soul and turned my head, and I forgot for a time that the winds do not blow as ships desire.
3	Aladdin_Memoir2_Title	Chapter 2
4	Aladdin_Memoir2_Desc	One calm and tranquil morning, a traveling merchant appeared at the palace. \n\nBadra invited him in to rest and offered him a cup of wine to soothe his weary soul. He thanked her for her hospitality and offered her a beautiful lamp as a parting gift.\n\nThe moment my beloved laid her delicate finger on the lamp, a storm of sparks surged from inside, enveloping her in a swirl of smoke. \n\nBadra's ruby lips parted to call for help, but no sound escaped them. She was aspirated into the lamp, which slammed shut with an ominous clang.
5	Aladdin_Memoir3_Title	Chapter 3
6	Aladdin_Memoir3_Desc	In a panic, I tried to pry open the lamp by force, but to no avail. I called the wisest astrologers and magicians to open the lamp, but they assured me in hushed tones there was nothing they could do. \n\nMy beloved Badra was gone, trapped inside the lamp by some dark magic. \n\nWas I never to taste my beloved's kiss again? Never again listen to her gentle breathing as she slept? Never brush aside a rogue curl that had tumbled over her face as we gazed into one another's eyes?\n\nThis cannot be, and it will not be. I am Aladdin, and I am master of my own fate! I swore to find a way to release my Badra from her golden prison, and so I shall! \n\nI decided to seek out the mysterious witch, Baba Yaga, who is rumored to be the most powerful being in all of Reverie, and enlist her help in restoring my beloved Badra to her true form.
7	Aladdin_Memoir4_Title	Chapter 4
8	Aladdin_Memoir4_Desc	I ventured from our palace in search of the illustrious witch. But I am not a navigator, like Sinbad, and I erred through Reverie like a sleepwalker. \n\nI kept my beloved's lamp close to me and spoke to her often, whispering sweet nothings and promises of a golden future together once I had freed her. \n\nIn my wanderings, I met an old friend, the Piper, to whom fate had dealt a bitter share. Who among us was left unchanged when the shadow fell over Reverie? \n\nIt is better to walk with a friend in the dark than alone in the light, and Reverie had indeed darkened since last I traveled its roads. \n\nThe Nightmares were as numerous as grains of sand. I joined the Piper in the Ravenswatch, and we battled the evil creatures together, as I sought Baba Yaga. \n\nThe Piper had once known her well, but she hadn't been seen for quite some time. \n\nMy best chance of finding her was by staying with my friend.
9	Aladdin_Memoir5_Title	Chapter 5
10	Aladdin_Memoir5_Desc	The days slipped by like pearls on a silken thread. I never felt closer to Badra than in those quiet moments when I would regale her with the details of the day's battles.\n\nThe night brought with it shadows, images that would disturb my slumber. They slipped away from me upon waking like sand through my fingers: Badra, her face controrted in anger. Badra, screaming in pain. Crimson bloodstains on the carpet. Badra, wrapped in a shroud.\n\nTerrifying images. Created by the nightmares, to torment me. But they felt so real...\n\nThey became more detailed and more frequent. I began to wonder if I was losing my mind. Was I possessed by the nightmares?\n\nOr was it something worse?
11	Aladdin_Memoir6_Title	Chapter 6
12	Aladdin_Memoir6_Desc	My encounter with the famed Baba Yaga did not go as I had envisioned. Instead of freeing my beloved from her lamp, the witch claimed Badra's fate was beyond her power. Badra could not be freed from the lamp, as she was not in the lamp: Badra was dead.\n\nI refused to believe her; I had seen Badra disappear into the lamp, smelled the magician's sulfur and seen the sparks.\n\nBaba Yaga cackled her evil laugh. Those images were tricks of the mind to lead me into madness. My beloved was deceased, and I was weak, nothing more than a pawn in her games.\n\nUpon hearing her words, the floodgates in my mind opened, and memories of Badra came rushing in. I was overcome with emotion: in keeping out the memories of sadness, I had been holding back on moments of joy as well. 
13	Aladdin_Memoir7_Title	Chapter 7
14	Aladdin_Memoir7_Desc	The Witch's taunts released me from the dream that had a hold on my reality. I let go of the dream of Badra I had been clinging to, lest it turn into a nightmare like those I had been fighting.\n\nWith my true memories of Badra returned to me, I realized I was all the stronger: for alongside the memory of the pain was the knowledge of our deep love, which is the source of my power. \n\nBadra shall be with me always, just as she always has been. But today I no longer need the crutch of the lamp to remind me of it.\n\nTogether, my beloved and I shall rid the world of the shadows, and one day she and I will be united again for all eternity.
