# source_table	Hero_Romeo_Memoirs~GAM.xls
# rows	15
# note	English sidecar, positionally paired with key table. Game markup left verbatim.
index	key	text_en
0	Romeo_Memoir_Title	Thy Letters to Thine Self
1	Romeo_Memoir1_Title	Tis here begins your morning named dismay 
2	Romeo_Memoir1_Desc	Dear Romeo, \n\nOh Romeo, 'tis thee\nwho writes these lines with thine own hand.\n\nRidiculous! I hear thee say. And so \nThoust speaketh every morn these many moons\nsince Juliet and thou feigned death and won.\n\n'Tis true your poison ruse was met with great\nsuccess. Alas, the price was steep. Thou'st kept\nthy wit, but lost come morn its mental purchase.\n\nHeed this early hour to ponder why \nthy written words are nightly lost to mem'ry \nwhence thou'st fall to dream, dawn scars attesting\nnow, that yesterday thy sword was surely \ndrawn, thy scratches healed before the dawn.\n\nBe off, now kiss thy Juliet, her heart \nhas never faltered, sacred vows she's never \naltered. Daily she remembers all \nsince Baba Yaga's curse had last \ntranspired. since tragic death you both beguiled. \n\nThy Romeo Montagues of Memory Lost
3	Romeo_Memoir2_Title	Our Family Feud is All the More to Blame
4	Romeo_Memoir2_Desc	Dear Romeo, again I write to me,\n\nThee readiy shall noteth soon with fright \nhow old and tired this letter has become. \nFor thou hast read it o'er a thousand times.\nIts weathered state bears testament to countless\nFrowns, frustrations toll, awrit upon\nThine aging brow, and Juliet's fair face.\nSo strange a curse to live and then forget.\nSo strangely blessed revived by Juliet\nBut as this never ending day grows darker\nThou hast come to doubt, this gift is bent\nFor if you die your lover dies as well.\nSo dictates Baba's wicked healing spell.\n\nTo blame a witch for all that has befallen\nUs, tolls clearer than a morning bell\nBut truth be known, our present strife is not\nthe fault of Yaga. Father and our family\nFeud is what put turtle doves to flight\nAnd turned our dreams to sleepless frightful nights.\nSo I implore thee future shadow of \nmyself, encourage Juliet with flow'r \nand warming words. She is no more to blame \nthan midnight moth aflitting to the flame.\n\nThine Romeo of Montagues of Family Fought
5	Romeo_Memoir3_Title	A Sword of Fortune Vowed to Ravenswatch
6	Romeo_Memoir3_Desc	Dear Romeo, bold Romeo lend ear,\n \nAt last we've read enough to know these letters\nAre from thee. And so 'tis time to speak\nabout this flock of ravens, brash unkindness,\nJuliet and thee have opt'd to join.\nWe wear the emblem of the Ravenswatch.\nThese warriors know thy name and worth in battle\nTested by their sides in lines hardheld\nagainst vile hordes invading Reverie. \nSo now we quell with quill these mem'ries fled.\n\nThe warrior braying fiercely with a dragon \npup in tow we call sir Beowulf.\nAnd he is often found acourting siren\nMelusine although the babe fast in\nher belly is not his. Important is \nthis detail lest you rend their fragile hoax.\nDoth not forget Gepetto who we knew\nwhen we were boy. His toys are now quite deadly,\nKeep to mind the nightmares slew his child.\nThe wizard's name I have forgot, the boy\nwho sits atop a beast is friend not foe.\nThe flax-haired maiden soft and sweet is far\nmore deadly than first gaze would wrongly tell.\n\nThy Romeo of Heralded Ravenswatch
7	Romeo_Memoir4_Title	Eternal Love Expires Sans Mortal Age
8	Romeo_Memoir4_Desc	Dear Romeo, sad Romeo, shed tears,\n\nA melancholy lurks amidst the glee\na fleeting felon peeking through that smile\nour Juliet pretends joyful pity free.\nAnd if perchance thou seest clear beyond\nthe laughter, past pure love's embrace. Know this,\nthough we are still a child in mind, and she\na princess grown, for sake of love we must\nendure. A child to raise was once a hope\nwe'd fashioned in our dreams of futures shared.\nBut now I am that boy and she the elder \nsister of a farce the fates begat.\n\nUnworthy of her mindful patience, dull\nwhere she doth shine. A toddler wielding well\nhis sabre whilst she learneth twice combined.\nIf tears of sorrow fill thine eyes dry fast\nfor Juliet must never fears suspect.\nThou hast the day from dawn 'til sleep requires\nits restful due, to chase the child and capt\nthe man she needs thee quickly to become.\nThe blessing turns to curse whence we forget\nthat happiness comes never sans its cost.\n\nThine Romeo of Drying Eyes
9	Romeo_Memoir5_Title	The Final Quest to Slay the Wretched Witch
10	Romeo_Memoir5_Desc	Dear Romeo, brave Romeo the bold,\n\nThis day thou'st had a vision, how to free\nthy Juliet from Charon's chained enchantment\nwhence thee die so wouldst thy maiden perish.\nDeath! The caster must endure, for death's\nown spell to die, the curse's curser must depart.\nThou art still clever though thy mind is young.\nThou knowst that wither Baba Yaga's spell\nhas been undone, thy life might forfeit, failing\nmagic's hold to earthly realms below.\nThis must be done for Juilet deserves\na life unfettered by thy cursed coil.\nThe witch, well she must die. Today would be\nmost fitting for tomorrow never comes.\n\nAnd now these final words I must address\nto thee my sweet, sweet, Juliet.\nForgive me my untelling of our forlorn\nparadise. Thou dost deserve a better\nend than tied to miscued blasted strife.\nIf Baba's witchly final breath undoes\nmy life anon. Then know I leave this stage\nwith no regret for I have loved. And I've\nbeen loved. And love my soul has wed.\n\nRomeo Montagues of Rightful Quest
11	Romeo_Memoir6_Title	The Witch Is Found the Bullet Buried Deep
12	Romeo_Memoir6_Desc	Dear Romeo of Witchly Battle Wrought,\n\nThe plan was simple, carefully thought, to slay\na witch and make her not, and so we charged\ntwo Lancelots entwined in deathly dance\nwe fought, to down the nightmare sorceress.\nMad Baba Yaga fought with rage from flying \ncauldron, boiling bile and spitting flames.\nWith each and every step we took the witch\nhad counter, Juliet went down to knee.\nThou jumped and jabbed within the secret second\nthine own lady had prepared. A trap \nof Capulet device, her plan, your hand.\n\nWithin that fateful glimpse of triumph, thou \ndidst shatter all resolve to fell the cursed\nArchitect of thine calamity. \nForsooth the witch's ghastly plans must end,\nAlas, thy life must carry on so long \nas Juliet draws breath. She draws upon\nthy youthful hope to fire her guns on sight.\nAnd thou reliest upon her wit to carry \nThee 'til night, unto the morning light.\nThe witch's life we spared, her monsters on\nthe run. Our deadly dance has just begun.\n\nThy Romeo wed Capulet of Battle Won
13	Romeo_Memoir7_Title	No Love Has Worth Lest Rife with Hesitation
14	Romeo_Memoir7_Desc	Oh Romeo, true Romeo, at last,\n\nEmbrace the joy this danger-filled today prepares\nFor though you will forget the details, bonds\nof friendship in the Ravenswatch remain.\nIt's seen within these warriors' gazes, trust\nis not a prize unearned, but given only\nAfter proof of loyalty is learnt.\nFor thou hast found eventful purpose side\nby side with Juliet. The life you two \nhave forged from sorrow, tempered nightly in\nthe waters of the Styx, is chance for thee\nto love delightful fired by newness, wonder\never kindling kisses stolen from the grave.\n\n'Tis also chance for her to grow and ponder, \nbrightly thinking, smarter grinning, ever \nfonder of the man thou hast become. \nThere is no shame for two sound souls to walk \nas one. Each day its share of novelty.\nEach night its share of unexpected love. \nI lift a glass to future dawns when children\nborn from blessed compromise, will call\nto me their father mindful I've forgotten\nall their names but not the love I store.\n\nMine Romeo of Lifted Heart
