# source_entities	EntitySettings/Objects/Magical_Objects!<Rarity>!<Name>
# rows	58
# note	One row per shipped magical object. Keys are rows of Magical_Objects~GAM.xls. Rarity from Quality Value. Icons relative to Ui_png. Lists are ;-separated.
entity	rarity	name_key	description_key	supereffect_key	icon_file	extra_description_keys	extra_icon_files
Magical_Objects!Common!Armor_Per_Object	Common	Armor_Per_Object_Name	Armor_Per_Object_Description	Armor_Per_Rare_Object_SuperEffect	Objects/UI_Object_GreenArmor.png		
Magical_Objects!Common!Damage_Per_Vitality	Common	Damage_Per_Vitality_Name	Damage_Per_Vitality_Description	Crit_Chance_SuperEffect	Objects/Icon_Object_OgreBlood.png		
Magical_Objects!Common!Dash_Crit_Chance	Common	Damage_Per_Debuff_Name	Dash_Crit_Chance_Description	Crit_Damage_SuperEffect	Objects/Icon_Object_EternalRose.png		
Magical_Objects!Common!Defense_To_Damage	Common	Defense_To_Damage_Name	Defense_To_Damage_Description	Defense_To_Damage_SuperEffect	Objects/UI_Object_Moonstone.png		
Magical_Objects!Common!Gain_Shield_From_Orbs	Common	Damage_At_Full_Health_Name	Gain_Shield_From_Orbs_Description	Damage_From_Shield_SuperEffect	Objects/Icon_Object_GoldilocksPorridge.png		
Magical_Objects!Common!Healing_Effect	Common	Healing_Effect_Name	Healing_Effect_Description	Vitality_SuperEffect	Objects/Icon_Object_MermaidTears.png		
Magical_Objects!Common!Increase_Damage_To_Boss_And_Ignore_Resistance	Common	Damage_To_Boss_Name	Damage_To_Boss_Description	Damage_Ignore_Resistance_SuperEffect	Objects/Icon_Object_VoodooDoll.png		
Magical_Objects!Common!Reduce_All_DS_Price	Common	Reduce_Price_Name	Reduce_All_DS_Price_Description	Next_Sandman_Free_SuperEffect	Objects/Icon_Object_Dreamcatcher.png		
Magical_Objects!Common!Reroll_To_Dream_Shards	Common	Reroll_To_Dreamshard_Name	Reroll_To_Dreamshard_Description	One_Free_Reroll_SuperEffect	Objects/UI_Object_LeprechaunCoin.png		
Magical_Objects!Common!Spawn_Consumables	Common	Vitality_Per_Object_Name	Spawn_Consumables_Description	Dmg_Vitality_Armor_SuperEffect	Objects/Icon_Object_HornOfPlenty.png		
Magical_Objects!Rare!AP_For_Dream_Shards_Stack	Rare	Dream_Shards_Stack_AP_Name	Dream_Shards_To_Damage_Description	Dream_Shard_Effect_SuperEffect	Objects/Icon_Object_GoldenEgg.png		
Magical_Objects!Rare!Collection_To_Damage	Rare	Collection_To_Damage_Name	Collection_To_Damage_Description	Collection_To_Damage_SuperEffect	Objects/UI_Object_CrypticProphecy.png		
Magical_Objects!Rare!Damage_Attack	Rare	Attack_Damage_Name	Attack_Damage_Description	Attack_Speed_SuperEffect	Objects/Icon_Object_AceCard.png		
Magical_Objects!Rare!Damage_Power	Rare	Power_Damage_Name	Power_Damage_Description	Power_Crit_Chance_SuperEffect	Objects/Icon_Object_KingCard.png		
Magical_Objects!Rare!Damage_Special	Rare	Special_Damage_Name	Special_Damage_Description	Special_Crit_Chance_SuperEffect	Objects/Icon_Object_JackCard.png		
Magical_Objects!Rare!Dash_Deal_Damage	Rare	Dash_Deal_Damage_Name	Dash_Deal_Damage_Description	Dash_Lightning Strike_SuperEffect	Objects/Icon_Object_Vajra.png		
Magical_Objects!Rare!Gain_Armor_From_Talents_Rarity	Rare	Armour_Per_Health_Name	Gain_Armor_From_Talents_Rarity_Description	Armor_To_Damage_SuperEffect	Objects/Icon_Object_DragonHide.png		
Magical_Objects!Rare!Gain_Passive_Heal	Rare	Defense_Regeneration_Name	Gain_Passive_Heal_Description	Damage_At_Full_Health_SuperEffect	Objects/Icon_Object_QueenCard.png		
Magical_Objects!Rare!Gain_Regeneration_On_Low_Life	Rare	Regeneration_On_Low_Life_Name	Regeneration_On_Low_Life_Description	Regeneration_To_Damage_SuperEffect	Objects/Icon_Object_UnicornHorn.png		
Magical_Objects!Rare!Increase_Shield	Rare	Increase_Shield_Name	Shield_Gain_When_Hit_Description	Shield_Effect_SuperEffect	Objects/Icon_Object_FairyDust.png		
Magical_Objects!Epic!Copy_Card	Epic	Copy_Cards_Name	Copy_Cards_Description	Copy_Cards_SuperEffect	Objects/Icon_Object_JokerCard.png	Copy_Cards_DescriptionCurrent;Copy_Cards_DescriptionCurrentAttack;Copy_Cards_DescriptionCurrentNoAttack;Copy_Cards_DescriptionCurrentPower;Copy_Cards_DescriptionCurrentNoPower;Copy_Cards_DescriptionCurrentSpecial;Copy_Cards_DescriptionCurrentNoSpecial;Copy_Cards_DescriptionCurrentHeal;Copy_Cards_DescriptionCurrentNoHeal	
Magical_Objects!Epic!Dash_Gain_Charge	Epic	Dash_Charge_Gain_Name	Dash_Charge_Gain_Description	Dash_Grants_Shield_SuperEffect	Objects/Icon_Object_CharmStone.png		
Magical_Objects!Epic!Defensive_Gain_Charge	Epic	Defensive_Charge_Gain_Name	Defensive_Charge_Gain_Description	Defense_Decaying_Move_Speed_SuperEffect	Objects/Icon_Object_AdderStone.png		
Magical_Objects!Epic!Primary_Gain_Charge	Epic	Primary_Charge_Gain_Name	Primary_Charge_Gain_Description	Power_Dmg_Per_Negative_Status_SuperEffect	Objects/Icon_Object_FlamingPearl.png		
Magical_Objects!Epic!Reduce_CD_And_Buff_Ultimate	Epic	Reduce_Ultimate_CD_Name	Reduce_Ultimate_CD_Description	Increase_Ultimate_Damage_SuperEffect	Objects/Icon_Object_RavenEye.png		
Magical_Objects!Epic!Reduce_Dash_CD	Epic	Reduce_Dash_CD_Name	Reduce_Dash_CD_Description	Move_Speed_SuperEffect	Objects/Icon_Object_RavenWing.png		
Magical_Objects!Epic!Reduce_Defensive_CD	Epic	Reduce_Defense_CD_Name	Reduce_Defense_CD_Description	Armor_SuperEffect	Objects/Icon_Object_RavenSkull.png		
Magical_Objects!Epic!Reduce_Primary_CD	Epic	Reduce_Power_CD_Name	Reduce_Power_CD_Description	Power_Damage_SuperEffect	Objects/Icon_Object_RavenClaw.png		
Magical_Objects!Epic!Reduce_Secondary_CD	Epic	Reduce_Special_CD_Name	Reduce_Special_CD_Description	Special_Damage_SuperEffect	Objects/Icon_Object_RavenBeak.png		
Magical_Objects!Epic!Secondary_Gain_Charge	Epic	Secondary_Charge_Gain_Name	Secondary_Charge_Gain_Description	Special_Casts_Lighning_Strike_SuperEffect	Objects/Icon_Object_ThunderStone.png		
Magical_Objects!Legendary!All_Abilities_Gain_Charge	Legendary	Ability_Charge_Name	Ability_Charge_Description		Objects/Icon_Object_RavenEffigy.png		
Magical_Objects!Legendary!Avoid_Death_Once_Per_Chapter	Legendary	Fully_Health_Day_Night_Name	Avoid_Death_Once_Per_Chapter _Description		Objects/Icon_Object_UnspokenWater.png		Objects/Icon_Object_UnspokenWater_Disabled.png
Magical_Objects!Legendary!Clamp_High_Damage	Legendary	Clamp_High_Damage_Name	Clamp_High_Damage_Description		Objects/Icon_Object_GoldenCoatChainmail.png		
Magical_Objects!Legendary!Clear_Dash_Cooldown_On_Defense	Legendary	Clear_Dash_Cooldown_On_Defense_Name	Clear_Dash_Cooldown_On_Defense_Description		Objects/Icon_Object_FastWalkerBoots.png		
Magical_Objects!Legendary!Damage_Per_Legendary_Skill	Legendary	Damage_Per_Legendary_Object_Name	Damage_Per_Legendary_Object_Description		Objects/Icon_Object_Excalibur.png		
Magical_Objects!Legendary!Dash_Apply_Vulnerable	Legendary	Dash_Vulnerable_Name	Dash_Vulnerable_Description		Objects/Icon_Object_RingOfDispel.png		
Magical_Objects!Legendary!Dash_Heal_For_Damage_Taken	Legendary	Dash_Heal_For_Damage_Taken_Name	Dash_Heal_For_Damage_Taken_Description		Objects/Icon_Object_SwanCloak.png		
Magical_Objects!Legendary!Defense_Heal	Legendary	Defense_Heal_Nearby_Name	Defense_Heal_Nearby_Description		Objects/Icon_Object_HolyGrail.png		
Magical_Objects!Legendary!Extra_MO_Choice	Legendary	Extra_MO_Choice_Name	Extra_MO_Choice_And_Reroll_Description		Objects/Icon_Object_Tamatebako.png		
Magical_Objects!Legendary!Kill_Low_Life_Enemies	Legendary	Kill_Low_Life_Enemies_Name	Kill_Low_Life_Enemies_Description		Objects/Icon_Object_VorpalBlade.png		
Magical_Objects!Legendary!Reduce_All_Abilities_CD	Legendary	Abilities_Cooldown_Reduction_Per_Missing_Health_Name	Reduce_All_Abilities_CD_Description		Objects/Icon_Object_FatherTimeHourglass.png		
Magical_Objects!Legendary!Ultimate_Gain_Charge	Legendary	Ultimate_Charge_Gain_Name	Ultimate_Charge_Gain_Description		Objects/Icon_Object_NibelungenRing.png		
Magical_Objects!Legendary!Upgrade_All_Talents_Once	Legendary	Upgrade_All_Talents_Once _Name	Upgrade_All_Talents_Once _Description		Objects/Icon_Object_SolarCrown.png		
Magical_Objects!Legendary!Vitality_Per_Health_Globe	Legendary	Vitality_Per_Health_Globe_Name	Vitality_Per_Health_Globe_Description		Objects/Icon_Object_PhilosopherStone.png		
Magical_Objects!Cursed!Charge_To_Damage	Cursed	Charge_To_Damage_Name	Charge_To_Damage_Description		Objects/UI_Object_BalorEye.png		
Magical_Objects!Cursed!Convert_Vitality_Into_AP	Cursed	Armour_Into_Damage_Name	Convert_Vitality_Into_Damage_Description		Objects/Icon_Object_BloodyMaryMirror.png		
Magical_Objects!Cursed!Curse_Increase_Power_Damage_And_Cooldown	Cursed	Curse_Increase_Power_Damage_And_Cooldown_Name	Curse_Increase_Power_Damage_And_Cooldown_Description		Objects/Icon_Object_NightmareThorn.png		
Magical_Objects!Cursed!Curse_Increase_Special_Damage_And_Cooldown	Cursed	Curse_Increase_Special_Damage_And_Cooldown_Name	Curse_Increase_Special_Damage_And_Cooldown_Description		Objects/Icon_Object_NightmareBoo.png		
Magical_Objects!Cursed!Curse_Life_On_Hit	Cursed	Curse_Life_On_Hit_Name	Curse_Life_On_Hit_Description		Objects/Icon_Object_BlackLotus.png		
Magical_Objects!Cursed!Curse_Lose_Life_Gain_Damage	Cursed	Lose_Dream_Shards_Instead_Of_Health_Name	Curse_Lose_Life_Gain_Damage_Description		Objects/Icon_Object_MadHat.png		
Magical_Objects!Cursed!Curse_Stack_Shard_Quest	Cursed	Stack_Shards_Name	Stack_Shards_Description		Objects/Icon_Devil_Pocket_Full.png		Objects/Icon_Devil_Pocket_Empty.png
Magical_Objects!Cursed!Damage_Per_Cursed_Over_Legendary	Cursed	Damage_Per_Cursed_Over_Legendary_Name	Curse_Damage_Minus_Leg_Vitality_Description		Objects/Icon_Object_OniMask.png		
Magical_Objects!Cursed!Dash_Intangible	Cursed	Dash_Intangible_Name	Dash_Intangible_Description		Objects/Icon_Object_WitchBroom.png		
Magical_Objects!Cursed!Destroy_Legendary_To_Damage	Cursed	Curse_Baba_Yaga_Revive_Name	Destroy_Legendary_To_Damage_Description		Objects/Icon_Object_BabaMortar.png		
Magical_Objects!Cursed!Double_Shard	Cursed	Double_Shard_Name	Double_Shard_Description		Objects/Icon_Object_HopeDiamond.png		
Magical_Objects!Cursed!Increase_Vitality_Reduce_Crit_Chance	Cursed	Increase_Vitality_Reduce_Crit_Chance_Name	Increase_Vitality_Decrease_Heal_Description		Objects/Icon_Object_Cauldron.png		
Magical_Objects!Cursed!Move_Speed_Reduced_Armor	Cursed	Move_Speed_Name	Move_Speed_Description		Objects/UI_Object_FastWalkerBoots.png		
Magical_Objects!Cursed!Temp_Dmg_Per_Health_Globe	Cursed	Ultimate_No_Cooldown_Name	Temp_Dmg_Per_Health_Globe_Description		Objects/UI_Object_HungryGrass.png		
